cancion,segmento,mfcc1_mean,mfcc2_mean,mfcc3_mean,mfcc4_mean,mfcc5_mean,mfcc6_mean,mfcc7_mean,mfcc8_mean,mfcc9_mean,mfcc10_mean,label,label_id
classical.00000,0,-260.67340087890625,133.82301330566406,-36.128211975097656,36.49444580078125,-11.123296737670898,29.24653434753418,-18.62273979187012,8.853854179382324,-11.809219360351562,25.13092041015625,classical,0
classical.00000,1,-283.2200927734375,139.42539978027344,-49.4188346862793,21.725046157836918,-20.708696365356445,21.721424102783203,-15.82167625427246,6.564035892486572,-16.794145584106445,12.470782279968262,classical,0
classical.00000,2,-263.8149719238281,139.13442993164062,-36.79767990112305,18.733539581298828,-19.78818893432617,20.89822769165039,-4.583742618560791,11.116680145263672,-15.452274322509766,-2.6662757396698,classical,0
classical.00000,3,-275.85565185546875,140.777099609375,-27.242151260375977,31.223812103271484,-13.710658073425291,22.411237716674805,-10.437463760375977,10.219852447509766,-15.408559799194336,10.455928802490234,classical,0
classical.00000,4,-240.18231201171875,141.89710998535156,-36.95008087158203,32.32521057128906,-13.674811363220217,16.686037063598633,-8.351095199584961,10.52559757232666,-17.006458282470703,4.205134391784668,classical,0
classical.00000,5,-285.84716796875,142.69732666015625,-35.8901481628418,32.968467712402344,-15.25373649597168,20.737394332885746,-12.56594944000244,8.274907112121582,-18.433074951171875,9.090886116027832,classical,0
classical.00000,6,-230.38690185546875,131.373046875,-41.512657165527344,37.8002815246582,-16.54736328125,12.51014518737793,-24.370155334472656,2.962618827819824,-15.51398754119873,19.192874908447266,classical,0
classical.00000,7,-250.2808532714844,140.2498779296875,-26.636377334594727,39.53710174560547,-16.031198501586914,13.072760581970217,-21.67690658569336,7.211629867553711,-15.110798835754396,12.370682716369627,classical,0
classical.00000,8,-286.03912353515625,136.8782501220703,-47.58755874633789,19.25249671936035,-17.42652130126953,25.29062843322754,-5.376104354858398,4.963769912719727,-23.343231201171875,3.510077476501465,classical,0
classical.00000,9,-324.3583068847656,142.768798828125,-33.16368865966797,14.033903121948242,-14.453642845153809,23.782028198242188,-4.361591815948486,10.788909912109377,-15.467292785644531,3.632286548614502,classical,0
classical.00001,0,-323.47772216796875,142.0325469970703,-26.361787796020508,42.52731323242188,-16.414987564086914,8.544001579284668,-21.557790756225582,13.146987915039062,-13.463807106018066,7.076666355133057,classical,0
classical.00001,1,-304.98828125,149.58328247070312,-24.561885833740234,40.35953521728516,-14.616206169128418,11.158069610595703,-15.57119846343994,6.9439473152160645,-13.351479530334473,3.55725622177124,classical,0
classical.00001,2,-352.393310546875,139.66787719726562,-24.24651527404785,31.432113647460938,-6.745145320892334,13.029950141906738,-15.086915969848633,10.21473503112793,-9.62022590637207,2.907883405685425,classical,0
classical.00001,3,-328.1332397460937,142.08428955078125,-20.58353042602539,26.01425170898437,-5.715686321258545,17.663288116455078,-1.7088966369628906,3.3422420024871826,-8.421607971191406,2.7196569442749023,classical,0
classical.00001,4,-330.62811279296875,133.35618591308594,-21.2553768157959,29.319337844848636,-17.201269149780273,24.146615982055664,-6.588827610015869,9.193266868591309,-11.84872341156006,-1.4879634380340576,classical,0
classical.00001,5,-311.6351013183594,146.61505126953125,-44.873294830322266,16.754547119140625,-17.44352912902832,28.925540924072266,-0.4819979071617126,2.3289575576782227,-9.318404197692873,4.123939037322998,classical,0
classical.00001,6,-356.91851806640625,129.39596557617188,-23.08460807800293,19.60138511657715,-17.77178955078125,24.196611404418945,-2.534883499145508,-0.5655017495155334,-16.99807357788086,-8.021347045898438,classical,0
classical.00001,7,-315.808837890625,137.52346801757812,-36.32638168334961,23.42677879333496,-23.661252975463867,25.341251373291016,-6.526585102081299,6.201564788818359,-18.13040542602539,0.1032894402742385,classical,0
classical.00001,8,-321.7333068847656,125.65528869628906,-36.71809768676758,24.24650001525879,-18.954484939575195,30.22049140930176,-6.202922344207764,-4.873161315917969,-19.38287353515625,0.1648381203413009,classical,0
classical.00001,9,-317.4143981933594,135.35435485839844,-34.3030891418457,28.44735717773437,-19.8094539642334,28.68277931213379,-12.227660179138184,2.5137269496917725,-13.906075477600098,6.466233730316162,classical,0
classical.00002,0,-211.6661376953125,144.35569763183594,-46.25286865234375,27.69222068786621,-21.979427337646484,28.780336380004883,-11.448368072509766,7.270463466644287,-23.689456939697266,3.0167489051818848,classical,0
classical.00002,1,-226.84852600097656,143.0257110595703,-43.57706069946289,21.84456443786621,-23.546022415161133,27.63173484802246,-8.330601692199707,3.791329860687256,-24.72246551513672,0.6248586773872375,classical,0
classical.00002,2,-243.50558471679688,135.44940185546875,-35.23599624633789,28.113842010498047,-20.798885345458984,33.47381591796875,-6.448988914489746,14.15815258026123,-17.970529556274414,6.499772548675537,classical,0
classical.00002,3,-222.94029235839844,157.08035278320312,-25.378782272338867,47.54851150512695,-10.379730224609377,13.642748832702637,-16.30535888671875,7.676447868347168,-14.178363800048828,9.177523612976074,classical,0
classical.00002,4,-257.1538391113281,142.26171875,-29.905506134033203,38.23396301269531,-14.148661613464355,21.294301986694336,-17.359119415283203,8.760687828063965,-18.91185760498047,10.255810737609863,classical,0
classical.00002,5,-241.16873168945312,142.27256774902344,-32.667598724365234,28.567901611328125,-15.786256790161133,24.91200828552246,-6.448851585388184,12.164093017578123,-20.04324722290039,1.9223071336746216,classical,0
classical.00002,6,-234.11544799804688,146.6213836669922,-42.22308349609375,33.78841018676758,-18.572864532470703,26.73032569885254,-12.363037109375,10.322607040405272,-25.358890533447266,7.088942527770996,classical,0
classical.00002,7,-219.31219482421875,145.7930908203125,-41.49827194213867,39.6167221069336,-16.76315689086914,25.46879196166992,-16.89705467224121,7.433115005493164,-18.89324378967285,7.092036247253418,classical,0
classical.00002,8,-250.60693359375,136.02615356445312,-35.757938385009766,35.483646392822266,-19.69219207763672,20.15819549560547,-19.845552444458008,9.479413032531738,-19.36947059631348,7.803963661193848,classical,0
classical.00002,9,-255.52685546875,135.72860717773438,-31.45923614501953,25.07368469238281,-17.824474334716797,24.835968017578125,-10.042424201965332,10.009029388427734,-20.783435821533203,3.052954196929932,classical,0
classical.00003,0,-303.1573181152344,129.45309448242188,-45.27436065673828,36.52781677246094,-12.137691497802734,24.679765701293945,-1.5552579164505005,-12.80649757385254,-7.192361831665039,7.494253635406494,classical,0
classical.00003,1,-332.9127502441406,134.1514129638672,-39.2117805480957,35.016075134277344,-7.797654151916504,23.53372573852539,-4.682096004486084,-5.800397396087647,-10.35812282562256,3.034945011138916,classical,0
classical.00003,2,-354.9513244628906,129.6240692138672,-49.6670036315918,43.88145446777344,-11.99635887145996,28.506149291992188,-6.66530179977417,-5.253413200378418,-8.257412910461426,5.564148902893066,classical,0
classical.00003,3,-279.13311767578125,121.1386260986328,-33.36262130737305,46.60477828979492,-11.192509651184082,25.74055290222168,-5.371467113494873,-5.6455159187316895,-7.153222560882568,11.835858345031738,classical,0
classical.00003,4,-369.327392578125,142.191650390625,-31.984289169311523,48.67767333984375,-7.47117280960083,28.820072174072266,-9.722250938415527,10.02379035949707,-8.640552520751953,7.007406711578369,classical,0
classical.00003,5,-451.5481262207031,145.35922241210938,-11.843609809875488,47.94486618041992,-2.9519200325012207,19.70985221862793,-9.314640998840332,9.673067092895508,-7.570452690124512,10.204750061035156,classical,0
classical.00003,6,-308.7846984863281,129.30226135253906,-39.18003082275391,44.46686553955078,-22.942920684814453,26.30462455749512,-10.444157600402832,3.75869345664978,-10.77431869506836,9.54226016998291,classical,0
classical.00003,7,-340.7367553710937,145.22023010253906,-41.15138244628906,46.02321243286133,-11.120569229125977,24.846290588378903,-9.247549057006836,2.3480029106140137,-3.4371674060821533,14.504549980163574,classical,0
classical.00003,8,-277.7309265136719,139.13560485839844,-44.18328094482422,47.25697708129883,-11.49399471282959,32.46510696411133,-1.0466423034667969,-0.4647388756275177,-6.638462543487549,5.504426002502441,classical,0
classical.00003,9,-297.8175354003906,137.74057006835938,-46.31580352783203,41.75982284545898,-15.198137283325195,27.870744705200195,-6.277289390563965,-0.3779609203338623,-6.121930599212647,8.064724922180176,classical,0
classical.00004,0,-272.3611755371094,129.50228881835938,-31.82197570800781,36.02393341064453,-16.947994232177734,10.36802864074707,-22.57575798034668,12.440014839172363,-12.599942207336426,10.222667694091797,classical,0
classical.00004,1,-267.9282531738281,126.322998046875,-23.370067596435547,31.249887466430664,-14.396921157836914,9.787510871887209,-15.66270637512207,6.722589492797852,-10.361427307128906,3.179882287979126,classical,0
classical.00004,2,-264.6616516113281,113.42645263671876,-34.34317398071289,35.82004165649414,-21.71748733520508,9.276803016662598,-15.815224647521973,12.807769775390623,-7.986256599426269,2.817993640899658,classical,0
classical.00004,3,-257.8480834960937,106.30728912353516,-40.019439697265625,32.176841735839844,-23.132665634155277,10.479079246520996,-13.920126914978027,18.36609268188477,-1.4203137159347534,10.088506698608398,classical,0
classical.00004,4,-232.07470703125,113.62545013427734,-45.13596725463867,34.4993896484375,-23.721240997314453,14.574125289916992,-15.078475952148438,7.527617931365967,-4.6515631675720215,16.023454666137695,classical,0
classical.00004,5,-251.9658660888672,136.43740844726562,-47.99645614624024,30.47126007080078,-14.559784889221191,18.379962921142575,-17.64759063720703,0.1959356516599655,-6.696444034576416,10.869297981262209,classical,0
classical.00004,6,-251.04107666015625,117.4314422607422,-34.605430603027344,31.13259506225586,-21.623815536499023,5.759040355682373,-23.433868408203125,17.249906539916992,-6.704658508300781,0.3939720690250397,classical,0
classical.00004,7,-267.6431579589844,119.35400390625,-38.62032699584961,33.51145553588867,-20.40608787536621,10.186864852905272,-17.781648635864258,12.147889137268066,-2.1854636669158936,14.71902084350586,classical,0
classical.00004,8,-276.7525329589844,117.262939453125,-32.96269607543945,40.0607795715332,-16.922517776489258,15.96285915374756,-21.30954360961914,2.818537712097168,-7.004086494445801,21.998106002807617,classical,0
classical.00004,9,-268.3013916015625,132.24249267578125,-48.67791748046875,34.54071044921875,-12.02700901031494,21.08464241027832,-11.634947776794434,2.295386552810669,-15.940613746643066,9.24136734008789,classical,0
classical.00005,0,-234.0965881347656,154.74276733398438,-23.614126205444336,42.7926025390625,-8.70351505279541,16.634742736816406,-13.678815841674805,11.12785530090332,-11.77153491973877,12.672246932983398,classical,0
classical.00005,1,-210.7062225341797,140.36781311035156,-32.443599700927734,48.88505554199219,-12.67507553100586,17.45010757446289,-15.797274589538574,14.285874366760254,-14.086462020874023,14.983199119567873,classical,0
classical.00005,2,-233.86016845703125,139.57003784179688,-31.778785705566406,44.65153503417969,-13.047019958496094,12.43475341796875,-17.29208755493164,8.370378494262695,-11.24295425415039,10.318471908569336,classical,0
classical.00005,3,-239.95074462890625,143.64930725097656,-37.80675506591797,46.44682312011719,-13.03479290008545,7.8609619140625,-16.053298950195312,10.241619110107422,-6.505366325378418,12.55388641357422,classical,0
classical.00005,4,-429.3850402832031,139.63206481933594,-42.363407135009766,25.096553802490234,-3.249140739440918,-5.584903717041016,-5.40285062789917,-8.355023384094238,-9.9752197265625,-8.318059921264648,classical,0
classical.00005,5,-383.1802062988281,127.962646484375,-37.07176971435547,24.88419342041016,-5.679851531982422,-3.873313188552856,-6.532713890075684,-4.345572471618652,-7.966578006744385,-2.576336622238159,classical,0
classical.00005,6,-232.72689819335935,137.18157958984375,-28.870662689208984,47.00382232666016,-8.59886360168457,13.291290283203123,-17.368879318237305,9.45582103729248,-13.673803329467772,8.840354919433594,classical,0
classical.00005,7,-208.63720703125,145.105712890625,-37.16435623168945,42.72069549560547,-12.099023818969728,8.912975311279297,-16.88745880126953,6.369381904602051,-13.67979335784912,9.70684814453125,classical,0
classical.00005,8,-281.040283203125,149.01832580566406,-30.88634490966797,42.49789810180664,-10.41579246520996,11.9316987991333,-13.150384902954102,6.619684219360352,-12.3156156539917,5.456211090087891,classical,0
classical.00005,9,-216.27001953125,146.94113159179688,-35.98955154418945,44.3789291381836,-10.820659637451172,10.058676719665527,-12.260223388671877,7.437636852264404,-10.037516593933104,5.929712772369385,classical,0
classical.00006,0,-273.3216247558594,125.57928466796876,-27.74764442443848,43.54376602172852,-17.11248207092285,17.487886428833008,-13.902987480163574,21.87524032592773,-3.77343225479126,7.173665046691895,classical,0
classical.00006,1,-296.2878723144531,132.28968811035156,-39.85057067871094,41.72101974487305,-19.935365676879883,9.214188575744627,-24.17194938659668,6.6802849769592285,-17.154224395751953,15.75858211517334,classical,0
classical.00006,2,-308.4500732421875,129.79513549804688,-23.708600997924805,47.84877395629883,-7.411248207092285,7.346478462219238,-17.534605026245117,4.668635845184326,-9.459634780883787,1.531193733215332,classical,0
classical.00006,3,-372.9482421875,116.92977142333984,-25.181520462036133,39.32002639770508,-6.793128490447998,6.8832292556762695,-10.403814315795898,-2.584240198135376,-12.383639335632324,6.4189934730529785,classical,0
classical.00006,4,-335.5410461425781,143.33880615234375,-22.10835266113281,34.79741668701172,-8.239389419555664,4.992188453674316,-8.021239280700684,8.853760719299316,-7.399506568908691,5.470146656036377,classical,0
classical.00006,5,-259.4437255859375,142.90667724609375,-23.62715530395508,41.60636138916016,-4.197653293609619,10.240982055664062,-14.708234786987305,8.269795417785645,-9.532499313354492,11.433226585388184,classical,0
classical.00006,6,-270.08380126953125,139.33755493164062,-26.168764114379883,50.94254684448242,-10.648244857788086,15.956862449645996,-18.485353469848636,10.1624755859375,-18.19939994812012,3.030085563659668,classical,0
classical.00006,7,-302.10174560546875,155.31826782226562,-15.075315475463867,45.7053108215332,-6.347442150115967,18.69949722290039,-12.76832389831543,12.087204933166504,-11.35073947906494,6.736441612243652,classical,0
classical.00006,8,-251.4838714599609,154.00709533691406,-30.231426239013672,49.63318634033203,-9.01779842376709,17.08284568786621,-16.221702575683594,11.558096885681152,-13.575926780700684,10.673027992248535,classical,0
classical.00006,9,-312.7545166015625,147.7104034423828,-30.633020401000977,48.21977996826172,-5.754642009735107,18.5277156829834,-14.449248313903809,10.833043098449709,-13.770479202270508,1.1786530017852783,classical,0
classical.00007,0,-266.7689208984375,156.54042053222656,-27.37966537475586,49.27096557617188,-14.093753814697266,10.835925102233888,-11.161388397216797,7.073903560638428,-7.706097602844238,4.329264163970947,classical,0
classical.00007,1,-314.2321472167969,162.1075439453125,-15.424509048461914,34.897518157958984,0.2009882926940918,3.870736122131348,-6.351990222930908,1.185390830039978,-2.957498073577881,-0.5574117302894592,classical,0
classical.00007,2,-456.3559875488281,154.6693878173828,-11.990241050720217,40.45054244995117,0.7349660992622375,17.827163696289062,0.0526644177734851,16.600893020629883,-1.0393933057785034,5.906591415405273,classical,0
classical.00007,3,-220.58419799804688,150.93014526367188,-31.860715866088867,44.2204475402832,-4.409502983093262,9.758686065673828,-9.400809288024902,8.957254409790039,-6.986692905426025,10.40458869934082,classical,0
classical.00007,4,-234.6526031494141,136.85491943359375,-33.95342254638672,48.81674575805664,-13.82888126373291,10.546165466308594,-20.185503005981445,8.049590110778809,-12.165109634399414,11.814014434814451,classical,0
classical.00007,5,-203.3195953369141,127.82064056396484,-33.761898040771484,44.46913146972656,-18.97418975830078,6.289031505584717,-24.25236320495605,10.883532524108888,-16.864269256591797,13.890235900878906,classical,0
classical.00007,6,-337.0766906738281,144.29443359375,-22.09214210510254,44.52364730834961,-7.106136322021484,14.523447036743164,-14.17536163330078,8.759016990661621,-6.60621452331543,12.240726470947266,classical,0
classical.00007,7,-303.2269287109375,129.58551025390625,-18.497318267822266,40.73061752319336,-6.255599021911621,12.541722297668455,-10.234573364257812,14.032453536987305,4.033016204833984,17.948339462280273,classical,0
classical.00007,8,-269.7157592773437,142.1510009765625,-41.4620475769043,42.628173828125,-14.778066635131836,13.122443199157717,-13.244565963745115,7.585623264312744,-6.625692844390869,13.871283531188965,classical,0
classical.00007,9,-315.7325744628906,129.33816528320312,-67.58158874511719,25.464550018310547,-25.799842834472656,7.894694805145264,-6.026598930358887,-14.652508735656738,-13.217287063598633,-2.753171443939209,classical,0
classical.00008,0,-406.61669921875,148.503662109375,-33.9826774597168,44.055702209472656,-9.72876262664795,14.482068061828612,-14.18250846862793,12.406207084655762,-9.1598539352417,10.91542911529541,classical,0
classical.00008,1,-365.5654296875,138.41835021972656,-27.026220321655277,30.223806381225582,-3.977553606033325,1.1461538076400757,-6.823862552642822,7.535524368286133,0.1578020006418228,1.8360867500305176,classical,0
classical.00008,2,-235.63446044921875,141.4163818359375,-40.21271514892578,48.54701614379883,-17.13652801513672,12.4166259765625,-21.907867431640625,10.253955841064451,-15.330649375915527,6.685680866241455,classical,0
classical.00008,3,-283.1704406738281,136.98341369628906,-24.529077529907227,43.42764663696289,-7.057188987731934,11.938408851623535,-15.073484420776367,8.691993713378906,-8.070173263549805,10.706146240234377,classical,0
classical.00008,4,-267.1895446777344,132.88720703125,-40.61573028564453,43.66042709350586,-16.910682678222656,8.146705627441406,-21.34433364868164,9.282840728759766,-13.82332706451416,6.214279174804688,classical,0
classical.00008,5,-334.81158447265625,118.93650817871094,-30.973682403564453,37.13443756103516,-12.424593925476074,5.457592487335205,-17.46077537536621,10.805999755859377,-3.992897272109986,13.042841911315918,classical,0
classical.00008,6,-284.4261474609375,131.2730712890625,-31.4180850982666,42.91267395019531,-11.72323513031006,5.8314714431762695,-14.083795547485352,7.650737762451172,-9.676639556884766,5.520973205566406,classical,0
classical.00008,7,-231.84071350097656,129.45132446289062,-33.923736572265625,43.81304931640625,-16.114126205444336,8.865303993225098,-15.800116539001465,13.220711708068848,-6.983526229858398,9.967506408691406,classical,0
classical.00008,8,-233.91763305664065,120.515869140625,-38.400508880615234,40.26773834228516,-22.698820114135746,4.4732513427734375,-20.77472877502441,7.505104064941406,-13.575297355651855,11.099688529968262,classical,0
classical.00008,9,-300.82843017578125,121.59857177734376,-35.91493225097656,36.33816146850586,-12.373819351196287,9.686963081359863,-20.18378257751465,9.319869995117188,-13.963944435119627,10.798161506652832,classical,0
classical.00009,0,-389.1458435058594,136.5441131591797,-8.467178344726562,48.30681228637695,-15.056634902954102,11.896574020385742,-18.85801124572754,-0.0682790875434875,-18.284334182739254,6.742956638336182,classical,0
classical.00009,1,-349.0613098144531,137.15087890625,-8.756359100341797,44.394649505615234,-17.894813537597656,11.902267456054688,-14.848556518554688,9.046427726745604,-13.379507064819336,15.3638277053833,classical,0
classical.00009,2,-415.41900634765625,112.59674072265624,-11.68210506439209,48.84661102294922,-19.386110305786133,17.06509017944336,-12.535953521728516,10.591445922851562,-15.566460609436035,7.346397876739502,classical,0
classical.00009,3,-265.72576904296875,150.31878662109375,-27.393861770629883,41.361324310302734,-21.62399673461914,9.752779006958008,-18.90528678894043,6.464300155639648,-16.764116287231445,8.152856826782227,classical,0
classical.00009,4,-302.075439453125,152.081787109375,-18.406776428222656,45.48013305664063,-12.73702335357666,15.464293479919434,-10.556469917297363,2.3105061054229736,-13.913204193115234,9.915940284729004,classical,0
classical.00009,5,-354.8494567871094,148.42103576660156,-5.703382968902588,50.54805374145508,-12.047419548034668,19.567819595336918,-7.004554271697998,9.635796546936035,-5.192080974578857,15.372711181640623,classical,0
classical.00009,6,-447.8628540039063,161.62057495117188,3.148740291595459,42.36112594604492,1.254239797592163,14.182538032531738,-4.803742408752441,8.62717056274414,-0.2566583454608917,12.081995964050291,classical,0
classical.00009,7,-452.691650390625,151.0392303466797,-5.458563804626465,52.09358596801758,-7.369857311248779,11.201261520385742,-11.054165840148926,6.121895790100098,-1.9363640546798704,14.950518608093262,classical,0
classical.00009,8,-315.464111328125,140.6660614013672,-10.222415924072266,50.7847900390625,-7.6872944831848145,16.844497680664062,-4.816205978393555,8.009521484375,-14.563817024230955,5.424924850463867,classical,0
classical.00009,9,-300.9559020996094,158.99630737304688,-17.11098861694336,51.00595474243164,-16.038127899169922,17.839937210083008,-12.39554500579834,13.411005020141602,-10.266436576843262,15.773482322692873,classical,0
classical.00010,0,-390.4335021972656,153.2744903564453,-26.028011322021484,38.32224655151367,-9.75999355316162,10.880867004394531,-14.231303215026855,9.890324592590332,-5.902577877044678,6.148595333099365,classical,0
classical.00010,1,-366.7135620117188,144.52938842773438,-30.60990333557129,35.90345001220703,-10.475953102111816,2.4516031742095947,-15.661797523498535,-0.4263369143009186,-7.412547588348389,2.117724895477295,classical,0
classical.00010,2,-233.57456970214844,127.42375183105467,-36.598182678222656,40.42350769042969,-16.49199676513672,9.10103702545166,-13.95469093322754,13.022327423095703,-6.327106952667236,15.055036544799805,classical,0
classical.00010,3,-382.3583068847656,138.37217712402344,-29.761436462402344,38.63258743286133,-9.008394241333008,8.764152526855469,-18.0635929107666,5.671499729156494,-6.778501987457275,7.22230863571167,classical,0
classical.00010,4,-430.9581604003906,135.41880798339844,-26.016298294067383,31.6082706451416,-5.433102130889893,7.847229480743408,-10.764156341552734,0.3115712106227875,-5.628676414489746,5.962055206298828,classical,0
classical.00010,5,-250.05096435546875,131.45672607421875,-37.77075958251953,33.66537094116211,-16.956336975097656,15.725238800048828,-12.156893730163574,3.03043794631958,-22.232208251953125,3.5223004817962646,classical,0
classical.00010,6,-297.6420593261719,127.16619873046876,-37.5143928527832,30.76708984375,-15.613759994506836,18.62575912475586,-14.992448806762695,1.3572648763656616,-20.018970489501957,10.506343841552734,classical,0
classical.00010,7,-253.85411071777344,143.1316680908203,-34.70576095581055,41.425968170166016,-17.28872299194336,13.420130729675291,-10.28819465637207,10.091053009033203,-12.541224479675291,8.221545219421387,classical,0
classical.00010,8,-288.6507263183594,120.9803237915039,-38.61882400512695,36.86045455932617,-20.559356689453125,21.497323989868164,-10.876425743103027,8.948922157287598,-16.01647186279297,11.291142463684082,classical,0
classical.00010,9,-294.9219665527344,128.1627655029297,-48.91604995727539,32.23442840576172,-16.40074920654297,13.465337753295898,-13.89580249786377,-5.458458423614502,-14.524571418762209,14.99795150756836,classical,0
classical.00011,0,-343.88262939453125,141.78152465820312,-15.672905921936035,48.2984733581543,-0.3258496820926666,4.842724323272705,-15.635114669799805,-3.475158214569092,-12.17074966430664,-1.5321440696716309,classical,0
classical.00011,1,-399.0023193359375,181.8863220214844,-5.354894638061523,27.83599853515625,0.7052177786827087,-5.597270488739014,-6.793130397796631,-5.255208492279053,-6.020374298095703,-2.4331960678100586,classical,0
classical.00011,2,-428.0171813964844,195.2266845703125,-8.16134262084961,27.925668716430664,-4.1731719970703125,-10.317959785461426,-12.580448150634766,-10.760662078857422,-10.1222505569458,0.1639708280563354,classical,0
classical.00011,3,-421.7712707519531,196.19818115234372,-29.605541229248047,33.571388244628906,1.1967599391937256,6.000588417053223,-13.373029708862305,4.125888347625732,-2.666609287261963,10.299455642700195,classical,0
classical.00011,4,-395.2932739257813,193.02105712890625,-24.335100173950195,31.17739486694336,-0.1828938126564026,6.444144248962402,-9.84610652923584,0.0455216616392135,-8.670821189880371,6.674930572509766,classical,0
classical.00011,5,-409.12646484375,191.9539337158203,-36.13655471801758,31.48669815063477,-4.255071640014648,0.0156754720956087,-14.815142631530762,-2.7952880859375,-14.47761058807373,-0.085964024066925,classical,0
classical.00011,6,-372.8540954589844,194.3548889160156,-22.38864517211914,29.8144588470459,1.344786286354065,2.142441749572754,-11.839385986328123,-9.34169578552246,-8.138060569763184,11.245165824890137,classical,0
classical.00011,7,-364.7646484375,207.9993438720703,-21.795116424560547,31.547014236450195,-2.4806957244873047,8.415584564208984,-10.698198318481444,-0.2731937766075134,-7.752504348754883,19.20640182495117,classical,0
classical.00011,8,-358.8168334960937,209.125,-17.145307540893555,29.227678298950195,0.9722368717193604,6.0401611328125,-8.443925857543945,-1.2638365030288696,-6.446317195892334,10.171758651733398,classical,0
classical.00011,9,-434.4314270019531,171.52902221679688,-14.138959884643556,41.45619583129883,-11.190366744995115,0.990838885307312,-14.89382266998291,5.304042339324951,-4.173093795776367,19.32139778137207,classical,0
classical.00012,0,-300.3761291503906,172.27978515625,-23.084659576416016,27.81505012512207,-5.359031200408936,4.239245414733887,-7.92780590057373,-4.743349552154541,-11.980127334594728,6.231586933135986,classical,0
classical.00012,1,-340.0807189941406,159.40420532226562,-32.30372619628906,29.857526779174805,-7.620528221130371,-2.284228563308716,-15.774667739868164,-9.323771476745604,-21.49117088317871,0.3740610480308532,classical,0
classical.00012,2,-317.7042541503906,138.21853637695312,-35.08956527709961,43.42448425292969,-14.04422092437744,6.26340389251709,-19.611534118652344,3.048532724380493,-17.650169372558594,13.586085319519045,classical,0
classical.00012,3,-287.6742858886719,159.24050903320312,-37.78816223144531,37.00109100341797,-12.629841804504396,2.096820116043091,-20.984777450561523,2.9485645294189453,-17.60213279724121,1.4388115406036377,classical,0
classical.00012,4,-277.4598693847656,161.78330993652344,-31.335851669311523,41.31147766113281,-7.020847797393799,10.509600639343262,-13.292311668395996,-4.793228149414063,-18.4189395904541,6.385864734649658,classical,0
classical.00012,5,-306.1965637207031,192.81524658203125,-23.165870666503903,30.851655960083008,-0.1871246397495269,5.62421989440918,-8.08512020111084,-4.8658294677734375,-10.839628219604492,2.598362922668457,classical,0
classical.00012,6,-482.6023254394531,165.2565460205078,6.668830394744873,28.553815841674805,8.8677978515625,4.554327964782715,0.1196800842881202,-0.5621953010559082,-3.131159782409668,1.5700125694274902,classical,0
classical.00012,7,-505.62939453125,145.70333862304688,-17.18866729736328,43.5970573425293,1.1490689516067505,6.314138412475586,-4.26911735534668,7.808299541473389,-7.113815307617188,3.906963586807251,classical,0
classical.00012,8,-460.0029296875,113.6570281982422,-41.83077621459961,46.52259826660156,-5.424475193023682,4.407270431518555,-16.532943725585938,6.259638786315918,-1.3613849878311155,21.797605514526367,classical,0
classical.00012,9,-414.789306640625,126.1701889038086,-29.805465698242188,35.84550857543945,1.5645543336868286,0.7118139266967773,-10.37643051147461,-1.934314489364624,-8.434944152832031,0.5266531109809875,classical,0
classical.00013,0,-264.4586486816406,147.54519653320312,-22.08416748046875,44.81594467163086,-7.997614860534668,16.25089454650879,-15.657877922058104,3.20211124420166,-18.18714714050293,12.404556274414062,classical,0
classical.00013,1,-319.2467041015625,139.52825927734375,-24.785831451416016,41.46451568603516,-9.027600288391112,12.564265251159668,-14.05618667602539,9.148362159729004,-9.986835479736328,6.238239765167236,classical,0
classical.00013,2,-398.4028930664063,151.58245849609375,-24.42156791687012,44.18680191040039,-9.030076026916504,4.145551681518555,-18.83211326599121,2.411921501159668,-12.35812282562256,2.4911513328552246,classical,0
classical.00013,3,-487.7166442871094,131.8311004638672,-9.167330741882324,43.535274505615234,-5.123495578765869,9.929764747619627,-13.605917930603027,7.679524898529053,0.7085909247398376,24.046056747436523,classical,0
classical.00013,4,-427.01214599609375,114.35889434814452,-31.67235565185547,35.81583404541016,-12.809934616088867,6.056832313537598,-18.99131965637207,6.569222450256348,-7.2405829429626465,20.21789932250977,classical,0
classical.00013,5,-341.1497497558594,142.6820068359375,-45.21248626708984,29.13858413696289,-9.668030738830566,-1.543049693107605,-14.644553184509276,-2.1467201709747314,-6.49421501159668,8.014719009399414,classical,0
classical.00013,6,-276.21502685546875,162.4217071533203,-39.03486633300781,31.08621406555176,-11.423925399780272,2.9689669609069824,-8.38121509552002,-0.7724146842956543,-7.029892921447754,3.181032419204712,classical,0
classical.00013,7,-202.6275177001953,160.66468811035156,-35.2529296875,33.97490310668945,-14.719390869140623,14.439722061157228,-15.737992286682127,8.7182035446167,-9.416359901428224,15.331323623657228,classical,0
classical.00013,8,-388.6898498535156,162.61573791503906,-16.111072540283203,33.875335693359375,0.6237220168113708,3.82978105545044,-7.587968826293945,1.3133448362350464,-2.642050266265869,7.477693557739258,classical,0
classical.00013,9,-373.355712890625,162.48951721191406,-29.26424789428711,42.07840347290039,-9.027880668640137,4.883072376251221,-18.156932830810547,0.7611574530601501,-16.24047088623047,4.0381178855896,classical,0
classical.00014,0,-316.1077575683594,136.53451538085938,-32.4972038269043,27.13233184814453,-8.445049285888672,0.8472792506217957,-14.252540588378906,-0.393474280834198,-7.22402811050415,9.414740562438965,classical,0
classical.00014,1,-361.6390075683594,127.5246124267578,-52.702598571777344,31.251693725585938,-18.22762107849121,-4.894289016723633,-27.38481330871582,-6.22174072265625,-23.17167282104492,-3.924383401870728,classical,0
classical.00014,2,-285.604736328125,135.2537841796875,-46.688289642333984,31.89253234863281,-14.702312469482422,0.0870333164930343,-22.62143898010254,-4.793313026428223,-15.541340827941896,7.322442054748535,classical,0
classical.00014,3,-220.65560913085935,161.38107299804688,-45.93490982055664,33.65917205810547,-12.698277473449709,6.4999847412109375,-19.003786087036133,-0.6309623718261719,-9.046037673950195,8.888131141662598,classical,0
classical.00014,4,-252.2186584472656,152.76364135742188,-38.64790344238281,32.29263687133789,-16.51003074645996,8.10293197631836,-16.251895904541016,10.103201866149902,-7.134446620941162,8.902971267700195,classical,0
classical.00014,5,-382.47216796875,140.5007781982422,-46.23783874511719,36.17688751220703,-10.436525344848633,2.450183629989624,-15.7876615524292,2.48490309715271,-11.737920761108398,3.688539505004883,classical,0
classical.00014,6,-397.8971557617188,164.51690673828125,-28.251548767089844,37.49226379394531,-3.830939054489136,-2.115880250930786,-11.161022186279297,-3.789130449295044,-8.701382637023926,-1.8046818971633911,classical,0
classical.00014,7,-376.7624816894531,174.71217346191406,-34.169219970703125,35.59705352783203,-9.603339195251465,-1.1265580654144287,-15.57536506652832,-1.5451043844223022,-11.37521266937256,0.6955481767654419,classical,0
classical.00014,8,-337.09393310546875,178.85789489746094,-31.535186767578125,34.676788330078125,-7.253026485443115,-2.151206493377685,-15.576032638549805,-6.767242431640625,-10.117499351501465,-0.6448544859886169,classical,0
classical.00014,9,-360.4152526855469,176.43768310546875,-27.04128646850586,33.37320709228516,1.7307887077331543,-0.3981160223484039,-10.959635734558104,-2.728625059127808,-5.019834518432617,3.1320385932922363,classical,0
classical.00015,0,-527.0390625,145.23643493652344,-24.671554565429688,5.879005432128906,-13.350659370422363,11.645177841186523,-10.862878799438477,16.118745803833008,6.834128856658936,24.10551071166992,classical,0
classical.00015,1,-558.3745727539062,105.7029266357422,-23.16876220703125,36.98955154418945,-8.502819061279297,13.2313814163208,-11.19483470916748,21.154874801635746,12.325082778930664,41.80465316772461,classical,0
classical.00015,2,-450.0422058105469,148.37652587890625,-23.832794189453125,46.90095520019531,-6.610438823699951,15.554343223571776,-17.83879280090332,8.326642036437988,-15.533239364624023,15.75327491760254,classical,0
classical.00015,3,-477.605712890625,100.71329498291016,-28.45366096496582,40.08822250366211,-18.294851303100582,6.180822849273682,-11.20640754699707,28.315059661865234,13.518096923828123,36.09954833984375,classical,0
classical.00015,4,-435.855224609375,155.79551696777344,-18.124324798583984,48.75613021850586,-8.8788480758667,10.052635192871094,-22.74421501159668,13.550864219665527,-6.76699686050415,23.010948181152344,classical,0
classical.00015,5,-440.8093872070313,107.08464813232422,-21.206632614135746,30.574195861816406,-18.902069091796875,5.2378926277160645,-3.541020393371582,28.89361572265625,11.523261070251465,14.723005294799805,classical,0
classical.00015,6,-336.4896545410156,163.6235809326172,-31.262758255004883,23.057252883911133,-16.648292541503906,2.209632873535156,-16.758466720581055,7.424522399902344,-15.832234382629396,4.848587512969971,classical,0
classical.00015,7,-342.4159851074219,165.41087341308594,-31.018798828125,20.62336540222168,-15.95612621307373,1.4660924673080444,-14.131795883178713,7.204402923583984,-18.11549186706543,-1.7531968355178833,classical,0
classical.00015,8,-476.4314575195313,120.53807830810548,-28.62680053710937,42.97322082519531,-9.77963161468506,7.282570362091064,-5.902472496032715,17.529075622558594,-0.9763289093971252,11.671958923339844,classical,0
classical.00015,9,-495.3846130371094,114.08435821533205,-39.13908386230469,46.90963745117188,-8.703493118286133,11.177583694458008,-11.136444091796877,11.820037841796877,-5.204293251037598,19.394426345825195,classical,0
classical.00016,0,-577.9068603515625,160.24374389648438,-0.8446311354637146,31.488056182861328,1.9675971269607544,13.770615577697754,-4.237923622131348,13.079364776611328,-1.3138524293899536,10.79397678375244,classical,0
classical.00016,1,-564.1148071289062,156.56427001953125,-1.5967912673950195,31.788694381713867,1.909536838531494,9.780966758728027,-1.7864198684692385,10.481803894042969,0.8570876121520996,9.149365425109863,classical,0
classical.00016,2,-532.2229614257812,162.6374053955078,-2.8208324909210205,31.28650665283203,-1.0122106075286863,6.796329498291016,-7.301648139953613,11.597214698791504,0.3498649597167969,12.869882583618164,classical,0
classical.00016,3,-501.3955993652344,174.96649169921875,1.2998899221420288,38.70465469360352,3.442286491394043,14.72961139678955,-6.512263298034668,13.4968900680542,-2.180131673812866,10.042948722839355,classical,0
classical.00016,4,-497.6148071289063,170.93443298339844,-2.5974321365356445,36.481719970703125,-3.4944801330566406,12.150717735290527,-6.868825912475586,17.335433959960938,-0.9546626806259156,8.102876663208008,classical,0
classical.00016,5,-481.867431640625,171.80738830566406,-8.79891300201416,37.0579833984375,-6.128611087799072,11.928511619567873,-7.869830131530762,15.221522331237791,-6.133260726928711,3.212120771408081,classical,0
classical.00016,6,-479.8665161132813,161.13792419433594,-12.240885734558104,35.63437271118164,-6.062163352966309,12.136649131774902,-5.067311763763428,17.602161407470703,-8.040328025817871,-2.463247776031494,classical,0
classical.00016,7,-430.1878051757813,134.40966796875,-18.395830154418945,29.85055923461914,-15.851299285888672,13.193473815917969,-12.5933256149292,10.136547088623049,-17.886375427246094,3.345473527908325,classical,0
classical.00016,8,-373.2538146972656,144.82208251953125,-25.954259872436523,34.88149642944336,-21.518091201782227,12.597761154174805,-17.564056396484375,11.885034561157228,-16.101205825805664,6.858822822570801,classical,0
classical.00016,9,-414.5694580078125,155.94886779785156,-20.19868469238281,30.125518798828125,-11.752917289733888,12.164231300354004,-12.169492721557615,7.762893676757812,-11.466031074523926,8.944417953491211,classical,0
classical.00017,0,-409.6187438964844,179.2587127685547,-47.26145553588867,-14.18191623687744,-19.435813903808597,-6.927956581115723,-30.30492401123047,-2.3315765857696533,-2.962543249130249,12.244369506835938,classical,0
classical.00017,1,-205.8388214111328,162.6411590576172,-35.42216873168945,24.811433792114254,-19.33523178100586,11.010711669921877,-19.770723342895508,7.881387233734131,-12.264301300048828,9.639327049255373,classical,0
classical.00017,2,-177.54513549804688,171.00997924804688,-37.0682373046875,26.3565616607666,-21.666427612304688,11.943824768066406,-22.326873779296875,1.671816110610962,-18.58580207824707,11.096426010131836,classical,0
classical.00017,3,-177.49615478515625,148.7762908935547,-49.31435012817383,20.507307052612305,-24.464862823486328,13.175814628601074,-22.00226402282715,8.038750648498535,-18.921863555908203,9.643773078918455,classical,0
classical.00017,4,-239.49591064453125,171.1884307861328,-46.72306823730469,15.455708503723145,-13.470744132995604,7.994814872741699,-12.261598587036133,-0.363345056772232,-14.898480415344238,0.5204141736030579,classical,0
classical.00017,5,-418.4775390625,121.87353515625,-38.37033462524414,33.19585418701172,-19.39291381835937,13.386780738830566,-17.949480056762695,8.64471435546875,-15.913591384887695,9.245941162109377,classical,0
classical.00017,6,-387.1785583496094,138.33335876464844,-33.304771423339844,35.55678176879883,-12.592219352722168,10.12240219116211,-18.87348747253418,6.2683281898498535,-13.92448902130127,7.24491024017334,classical,0
classical.00017,7,-401.2384033203125,164.8541717529297,-41.23582077026367,4.206381797790527,-20.90599250793457,2.0591397285461426,-12.83344554901123,8.516154289245605,-16.284908294677734,-1.1889073848724363,classical,0
classical.00017,8,-401.52777099609375,157.7047576904297,-40.89543533325195,10.083980560302734,-23.289648056030277,-0.2246124893426895,-11.006592750549316,10.7929105758667,-9.962798118591309,1.5963190793991089,classical,0
classical.00017,9,-353.7588806152344,153.45541381835938,-41.520992279052734,18.73639678955078,-19.12166786193848,8.158398628234863,-14.738896369934082,6.089778423309326,-15.602566719055176,-2.5110960006713867,classical,0
classical.00018,0,-268.6220092773437,195.2672119140625,-32.1867790222168,28.547494888305664,5.444951057434082,-1.507610559463501,-10.65563678741455,-6.937676429748535,-4.0473408699035645,4.762784481048584,classical,0
classical.00018,1,-394.48138427734375,181.35032653808597,-23.50126266479492,25.116365432739254,-12.917861938476562,-4.797127723693848,-25.01141166687012,-5.189579486846924,-13.831417083740234,5.68153190612793,classical,0
classical.00018,2,-411.2627868652344,159.52854919433594,-25.20859146118164,42.58940124511719,-1.3962087631225586,1.8955698013305664,-16.185209274291992,-0.994988203048706,-9.194215774536133,8.48802375793457,classical,0
classical.00018,3,-481.5186767578125,119.4677276611328,-22.858739852905277,47.43764114379883,-3.821215867996216,6.233564853668213,-13.633505821228027,5.878239631652832,-14.22714614868164,15.665578842163086,classical,0
classical.00018,4,-477.8853149414063,121.69918823242188,-19.63653564453125,53.12632751464844,-6.58202600479126,16.95606231689453,-14.481256484985352,13.71009349822998,-10.154566764831545,28.75172615051269,classical,0
classical.00018,5,-447.9578247070313,108.7469482421875,-14.845547676086426,44.12703704833984,-9.924481391906738,12.264681816101074,-9.615044593811035,34.31134414672852,8.584692001342773,23.03026008605957,classical,0
classical.00018,6,-429.6064453125,146.3201904296875,-18.90411949157715,48.83766174316406,-0.8556051254272461,12.450078964233398,-11.558751106262209,7.151108741760254,-9.791800498962402,11.56222152709961,classical,0
classical.00018,7,-452.08636474609375,199.4893035888672,-1.0197185277938845,33.10541534423828,4.798280715942383,9.633743286132812,-8.647395133972168,4.528982639312744,-4.233171463012695,13.504430770874023,classical,0
classical.00018,8,-422.4143676757813,207.6887969970703,1.768088936805725,14.595580101013184,4.781364440917969,3.692216396331787,-9.442095756530762,-2.612610340118408,-5.355066299438477,7.176990985870361,classical,0
classical.00018,9,-399.3135681152344,202.8978576660156,-14.277349472045898,21.99151611328125,3.6415488719940186,5.0482177734375,-14.10051727294922,-1.4994138479232788,-6.960003852844238,4.039685726165772,classical,0
classical.00019,0,-532.454345703125,132.8265380859375,-14.801786422729492,35.8620491027832,-2.533943891525269,10.648747444152832,-9.03184700012207,5.654655933380127,-12.171010971069336,3.6456940174102783,classical,0
classical.00019,1,-490.7084045410156,170.47763061523438,-7.199665069580078,43.71527099609375,1.4446873664855957,12.690388679504396,-2.0577142238616943,8.954351425170898,-4.865652084350586,7.078042507171631,classical,0
classical.00019,2,-564.134765625,141.02415466308594,-4.088566780090332,47.07979583740234,0.5596681833267212,17.16443634033203,-2.282532215118408,13.700345993041992,-1.936132550239563,12.082585334777832,classical,0
classical.00019,3,-499.2696533203125,143.2820587158203,-4.271822929382324,40.15985107421875,-5.064120769500732,8.92383098602295,-10.625760078430176,8.091938018798828,-8.731344223022461,6.279698848724365,classical,0
classical.00019,4,-546.663818359375,146.41058349609375,2.092949151992798,42.84429931640625,1.8077938556671145,18.50690650939941,-0.0966876670718193,17.461793899536133,-3.0488314628601074,10.9484224319458,classical,0
classical.00019,5,-421.478515625,170.9806365966797,-19.47809791564941,39.46717834472656,-4.253849029541016,7.569192886352539,-5.673077583312988,8.9346284866333,-2.200853109359741,11.338547706604004,classical,0
classical.00019,6,-444.2522277832031,156.7458038330078,-28.98208236694336,37.82383728027344,-7.774647712707519,8.273886680603027,-7.050266742706299,15.08596897125244,5.289158821105957,22.836360931396484,classical,0
classical.00019,7,-441.2155151367188,136.12879943847656,-22.924705505371094,36.2334213256836,-8.83460521697998,6.714694023132324,-4.687262058258057,15.814353942871094,3.2283248901367188,15.346763610839844,classical,0
classical.00019,8,-402.1663513183594,175.53443908691406,-23.351587295532227,36.821922302246094,-1.9278461933135984,6.808465957641602,-2.403468608856201,4.201184272766113,-0.3120619654655456,5.306489944458008,classical,0
classical.00019,9,-454.9140625,104.3288345336914,-20.23632431030273,33.957542419433594,-20.200586318969727,11.110979080200195,-0.6436554193496704,38.37052154541016,9.381641387939451,7.138650417327881,classical,0
classical.00020,0,-330.08770751953125,178.28175354003906,-21.43001747131348,27.27124786376953,-4.202372074127197,5.26278829574585,-10.363821983337402,-4.0013604164123535,-9.986027717590332,6.036575794219971,classical,0
classical.00020,1,-355.91241455078125,159.8524627685547,-31.514741897583008,42.27945327758789,-6.389407157897949,4.385167598724365,-10.10891342163086,10.055638313293455,-6.55955696105957,9.912440299987791,classical,0
classical.00020,2,-378.3452453613281,164.86126708984375,-31.707124710083008,40.501556396484375,-7.161931991577148,6.881486415863037,-16.979158401489258,7.867666721343994,-4.97233247756958,17.290325164794922,classical,0
classical.00020,3,-344.4921875,182.73825073242188,-37.50177383422852,22.562849044799805,-7.006615161895752,6.034457206726074,-18.495019912719727,-6.355237483978272,-15.7060546875,3.101778507232666,classical,0
classical.00020,4,-321.9373779296875,156.74253845214844,-7.890243530273437,30.982437133789062,-1.8304405212402344,9.192681312561035,-12.022436141967772,5.52778434753418,-5.896944522857666,6.524387359619141,classical,0
classical.00020,5,-241.79623413085935,180.6876220703125,-30.17228507995605,31.39439010620117,-9.298541069030762,8.054300308227539,-13.970643043518066,6.504961490631104,-11.387374877929688,9.862235069274902,classical,0
classical.00020,6,-298.7534484863281,147.98512268066406,-29.00971984863281,32.81673049926758,-5.522068500518799,0.2639753520488739,-13.969680786132812,0.1737827360630035,-5.375462532043457,13.294516563415527,classical,0
classical.00020,7,-252.8972320556641,123.25935363769533,-43.99385452270508,34.437198638916016,-17.411996841430664,3.1897637844085693,-22.82197570800781,4.079286575317383,-17.444339752197266,9.510998725891112,classical,0
classical.00020,8,-258.2231750488281,190.89170837402344,-32.63777542114258,34.07162094116211,-2.5146470069885254,8.246769905090332,-9.930190086364746,1.4242922067642212,-10.2377347946167,0.8751749396324158,classical,0
classical.00020,9,-261.6498718261719,180.3780670166016,-26.31023597717285,26.462554931640625,-6.440814018249512,8.0957670211792,-15.634106636047363,5.487644672393799,-6.09593677520752,6.840594291687012,classical,0
classical.00021,0,-142.41708374023438,135.3249053955078,-38.49933242797852,36.15118789672852,-20.48470115661621,11.49494457244873,-27.656147003173828,13.696168899536133,-17.56277084350586,11.215309143066406,classical,0
classical.00021,1,-145.93524169921875,132.5771942138672,-46.3913459777832,32.15804672241211,-23.621143341064453,12.76710319519043,-27.289813995361328,11.413227081298828,-17.43856430053711,19.577539443969727,classical,0
classical.00021,2,-330.0679931640625,166.87960815429688,-36.98575592041016,24.5446891784668,-3.74865198135376,0.2200850248336792,-11.556997299194336,-5.055243492126465,-9.76730728149414,2.176539659500122,classical,0
classical.00021,3,-361.4546203613281,148.0592498779297,-49.31900024414063,29.19972038269043,-21.76898002624512,-2.785569906234741,-20.55916404724121,3.1411592960357666,-13.029072761535645,3.451404571533203,classical,0
classical.00021,4,-359.59698486328125,144.31405639648438,-47.04320907592773,26.96411895751953,-16.591026306152344,-1.208252191543579,-19.275634765625,2.428424596786499,-12.746295928955078,2.2329275608062744,classical,0
classical.00021,5,-367.4998779296875,145.50669860839844,-44.2711181640625,29.113916397094727,-20.91813468933105,-11.540172576904297,-21.220516204833984,-1.9667457342147827,-11.35573387145996,-3.280078649520874,classical,0
classical.00021,6,-373.56298828125,167.89501953125,-25.37288475036621,24.65280532836914,-13.689931869506836,-6.719255447387695,-10.966044425964355,4.211390018463135,-2.8669376373291016,2.147003650665283,classical,0
classical.00021,7,-337.2359924316406,169.89031982421875,-36.272064208984375,21.29534912109375,-20.724409103393555,-5.613181591033936,-14.638103485107422,7.45838737487793,-6.415877819061279,1.9086805582046509,classical,0
classical.00021,8,-244.38058471679688,184.94081115722656,-35.60614013671875,27.62579345703125,-10.162662506103516,-4.004787445068359,-17.32949447631836,-2.0281360149383545,-9.520215034484863,2.877784013748169,classical,0
classical.00021,9,-181.15383911132807,174.29193115234375,-39.31007385253906,28.24898910522461,-12.607596397399902,4.8278656005859375,-16.398658752441406,3.979681015014648,-9.764225959777832,0.0562137328088283,classical,0
classical.00022,0,-270.2119445800781,159.84390258789062,-38.90507125854492,22.02077865600586,-10.352816581726074,-3.0819129943847656,-16.331336975097656,-0.1766933798789978,-9.16994285583496,6.074775695800781,classical,0
classical.00022,1,-207.01795959472656,164.08326721191406,-37.938846588134766,30.038949966430664,-13.354022979736328,7.630898475646973,-20.61086082458496,4.029306888580322,-17.787586212158203,5.416150093078613,classical,0
classical.00022,2,-218.0133056640625,174.86436462402344,-34.89043426513672,32.01676559448242,-8.274787902832031,10.818812370300291,-11.2662935256958,8.831315994262695,-14.97911548614502,4.067153930664063,classical,0
classical.00022,3,-189.19497680664065,170.12893676757812,-42.17665100097656,29.234886169433597,-16.614980697631836,5.212989807128906,-17.443920135498047,5.655038833618164,-18.89037322998047,8.674949645996094,classical,0
classical.00022,4,-186.47146606445312,150.12728881835938,-48.630836486816406,24.52034950256348,-15.21798610687256,8.52495288848877,-20.28980255126953,1.4841967821121216,-18.9650936126709,6.951186656951904,classical,0
classical.00022,5,-211.3041229248047,158.6059112548828,-46.85234451293945,22.914140701293945,-12.286041259765623,6.4911723136901855,-18.574621200561523,-4.47524881362915,-22.00618553161621,4.7345123291015625,classical,0
classical.00022,6,-460.5171203613281,144.8627471923828,-7.008085250854492,20.495288848876957,9.063888549804688,8.617207527160645,-3.323652982711792,0.1457874029874801,-6.585543155670166,3.98839259147644,classical,0
classical.00022,7,-375.9046325683594,178.6240997314453,-31.439796447753903,25.616788864135746,-0.0552560649812221,7.937454700469971,-13.032037734985352,1.7680482864379885,-12.359292984008787,5.682513236999512,classical,0
classical.00022,8,-364.53900146484375,178.19729614257812,-20.826032638549805,39.53412628173828,6.401681423187256,9.133787155151367,-8.930839538574219,3.1844403743743896,-7.715386867523193,6.44534158706665,classical,0
classical.00022,9,-348.1941223144531,185.5125274658203,-28.977426528930664,27.60429954528809,-4.484266757965088,3.188654661178589,-13.803081512451172,2.646814346313477,-10.041460990905762,2.6752471923828125,classical,0
classical.00023,0,-495.6389465332031,169.6147003173828,8.625269889831543,30.715858459472656,11.601202011108398,24.00237464904785,-2.5445327758789062,19.252031326293945,-3.285412549972534,17.197675704956055,classical,0
classical.00023,1,-456.0674133300781,171.21388244628906,18.904680252075195,43.1806526184082,10.6600923538208,19.51139259338379,-3.953162670135498,6.852941989898682,-9.848710060119627,10.47036075592041,classical,0
classical.00023,2,-413.2435607910156,173.32118225097656,5.742722034454346,41.00313186645508,7.42144775390625,12.147445678710938,-5.262812614440918,9.444905281066896,-3.209686517715454,20.636404037475582,classical,0
classical.00023,3,-383.066650390625,169.3636474609375,-6.984584331512451,37.7052001953125,2.1700308322906494,13.190196990966797,-9.594073295593262,16.054515838623047,-4.638546943664551,15.093829154968262,classical,0
classical.00023,4,-366.92864990234375,169.33021545410156,-15.375828742980955,31.691219329833984,0.1816015392541885,14.521188735961914,-6.065100193023682,18.990144729614254,-2.804921865463257,14.409917831420898,classical,0
classical.00023,5,-384.3468017578125,168.40098571777344,-11.415982246398926,40.08614730834961,0.7826451063156128,15.416949272155762,-8.089229583740234,14.814817428588867,-7.030288219451904,8.991790771484375,classical,0
classical.00023,6,-403.6390686035156,161.42617797851562,-9.750715255737305,31.85528564453125,8.290462493896484,8.353565216064453,-9.930054664611816,7.542626857757568,-9.987556457519531,3.361029624938965,classical,0
classical.00023,7,-384.2944641113281,162.87213134765625,-16.304466247558594,29.907155990600582,3.5975341796875,2.42536997795105,-13.429144859313965,8.781400680541992,-4.736975193023682,6.5671000480651855,classical,0
classical.00023,8,-378.8725891113281,150.6291046142578,-19.80788803100586,41.40153884887695,0.0648911669850349,4.642367839813232,-14.88626480102539,9.058783531188965,-6.131753444671631,15.363696098327637,classical,0
classical.00023,9,-418.7827453613281,166.3423309326172,-5.527379035949707,23.84127616882324,6.444934368133545,7.522526264190674,-5.611138343811035,7.87949800491333,-1.814949631690979,10.779870986938477,classical,0
classical.00024,0,-234.6825408935547,175.52725219726562,-36.29807662963867,19.240629196166992,-7.561162948608398,2.6839072704315186,-9.178555488586426,-3.015568494796753,-14.496171951293944,-1.4083642959594729,classical,0
classical.00024,1,-270.64581298828125,171.37509155273438,-30.09123039245605,20.1448974609375,-1.58743155002594,2.964733839035034,-9.118606567382812,-4.139495849609375,-16.170791625976562,-2.400665283203125,classical,0
classical.00024,2,-216.3739013671875,149.4290008544922,-40.48125457763672,25.235889434814453,-13.527127265930176,8.406756401062012,-12.718464851379396,7.0008225440979,-16.738277435302734,4.325448036193848,classical,0
classical.00024,3,-221.96694946289065,163.1713104248047,-36.07560729980469,28.644672393798828,-14.48433780670166,4.7635369300842285,-16.013755798339844,5.318193912506104,-10.511298179626465,9.442493438720703,classical,0
classical.00024,4,-220.9650421142578,166.50587463378906,-35.95899200439453,35.93874740600586,-7.6986212730407715,13.171401023864746,-14.033578872680664,3.82193660736084,-15.084041595458984,13.642645835876465,classical,0
classical.00024,5,-222.4088897705078,177.6532745361328,-38.67475509643555,32.38057327270508,-15.15186595916748,6.201772689819336,-16.556062698364258,6.0588698387146,-17.369089126586914,1.4133832454681396,classical,0
classical.00024,6,-223.33627319335935,172.44488525390625,-34.925743103027344,30.073467254638672,-11.799038887023926,5.7552266120910645,-14.028277397155762,2.182586193084717,-10.832587242126465,6.097644329071045,classical,0
classical.00024,7,-206.8957061767578,164.5674285888672,-38.392879486083984,24.422269821166992,-15.080288887023926,4.021632194519043,-16.755849838256836,2.092806100845337,-20.720138549804688,-2.0130977630615234,classical,0
classical.00024,8,-194.1412506103516,147.67481994628906,-36.873985290527344,27.81103515625,-19.273685455322266,7.540199279785156,-17.67257308959961,9.275611877441406,-18.513647079467773,3.809857130050659,classical,0
classical.00024,9,-233.8253936767578,168.9727783203125,-39.19411849975586,18.509721755981445,-17.448911666870117,-3.474778413772583,-20.73065185546875,-4.109597682952881,-18.252227783203125,-1.8755760192871092,classical,0
classical.00025,0,-233.5196228027344,173.5748748779297,-38.899715423583984,26.67309188842773,-10.381299018859863,-0.5878065824508667,-16.377891540527344,0.2248330861330032,-13.847968101501465,-1.9010502099990845,classical,0
classical.00025,1,-230.01356506347656,179.6158905029297,-37.29705429077149,25.52266311645508,-8.35126781463623,0.9741230010986328,-12.069242477416992,-2.0734033584594727,-14.647741317749023,-3.1913363933563232,classical,0
classical.00025,2,-217.75889587402344,162.6757049560547,-37.82330322265625,24.21177101135254,-12.8491792678833,4.086919784545898,-15.181446075439451,0.4212077856063843,-20.960678100585938,-2.8539879322052,classical,0
classical.00025,3,-232.3759307861328,153.11009216308594,-41.85273742675781,27.153932571411133,-16.23358154296875,11.78136157989502,-12.494768142700195,14.157037734985352,-16.94285774230957,4.34979772567749,classical,0
classical.00025,4,-230.86099243164065,166.3562469482422,-49.78925704956055,23.916757583618164,-12.687253952026367,4.240226745605469,-17.2442684173584,0.6551224589347839,-16.37825584411621,5.556983470916748,classical,0
classical.00025,5,-223.9595947265625,187.38412475585935,-32.722267150878906,22.323280334472656,-6.709892272949219,5.760024070739746,-11.69244384765625,3.095314741134644,-18.737808227539062,0.625677764415741,classical,0
classical.00025,6,-223.260009765625,187.82899475097656,-33.49789810180664,24.449838638305664,-4.295167922973633,8.885445594787598,-13.224586486816406,1.631065011024475,-17.874008178710938,3.8702261447906494,classical,0
classical.00025,7,-197.34410095214844,172.982177734375,-40.4663314819336,29.96424102783203,-11.7920560836792,7.158573150634766,-19.48786735534668,3.597071647644043,-18.3435173034668,9.000758171081543,classical,0
classical.00025,8,-199.92410278320312,183.4344787597656,-34.45579147338867,29.759183883666992,-8.755484580993652,6.353738307952881,-14.638422966003418,3.1932857036590576,-17.42206573486328,4.625298500061035,classical,0
classical.00025,9,-235.79339599609372,185.11302185058597,-45.72030258178711,27.229053497314453,-11.831548690795898,2.2157819271087646,-11.553850173950195,1.278786301612854,-12.391712188720703,-2.3916029930114746,classical,0
classical.00026,0,-171.3014678955078,158.2649688720703,-40.55036544799805,34.510189056396484,-19.01234245300293,14.505785942077637,-13.91237449645996,13.459930419921877,-15.105987548828123,5.818309783935547,classical,0
classical.00026,1,-176.00833129882812,172.2685089111328,-43.36244583129883,32.75483322143555,-11.32373332977295,8.372660636901855,-12.402522087097168,5.826514720916748,-12.525904655456545,4.282915115356445,classical,0
classical.00026,2,-314.0667419433594,174.39999389648438,-25.662504196166992,26.80452537536621,9.346697807312012,9.544473648071287,-2.920581340789795,-0.8388057947158813,-3.87817645072937,10.89631175994873,classical,0
classical.00026,3,-379.9822692871094,183.525634765625,-35.73859786987305,2.467571973800659,-11.70139980316162,-1.076712727546692,-9.356422424316406,-4.575742721557617,-12.544047355651855,-2.559173583984375,classical,0
classical.00026,4,-368.76953125,142.3289337158203,-55.96029281616211,17.479049682617188,-17.035860061645508,-2.132970333099365,-20.749549865722656,-11.251668930053713,-19.97164726257324,9.090455055236816,classical,0
classical.00026,5,-381.1158752441406,164.22879028320312,-46.80967712402344,0.7832341194152832,-13.533028602600098,-0.7379828095436096,-10.257457733154297,-5.841453075408936,-13.38694190979004,0.7556638717651367,classical,0
classical.00026,6,-348.2335510253906,136.85121154785156,-64.45213317871094,3.9416561126708975,-30.16033935546875,-2.6382269859313965,-19.582744598388672,-1.2307157516479492,-4.39610767364502,19.323463439941406,classical,0
classical.00026,7,-403.2317810058594,136.2125244140625,-43.51354217529297,18.512575149536133,-18.44583320617676,-6.773420810699463,-18.093711853027344,-3.244333505630493,-10.622124671936035,7.655117988586426,classical,0
classical.00026,8,-423.0303955078125,142.83384704589844,-39.76717376708984,26.01742553710937,-13.169322967529297,-0.0104690548032522,-19.91767883300781,1.147251844406128,-9.469389915466309,5.891011714935303,classical,0
classical.00026,9,-315.0755920410156,145.3606719970703,-18.92759895324707,28.77705764770508,0.7625749111175537,-4.424838066101074,-10.292966842651367,-7.364498615264893,-14.93488311767578,-5.919530391693115,classical,0
classical.00027,0,-408.1336975097656,168.83700561523438,-8.010409355163574,37.85508728027344,-1.8830697536468504,9.039114952087402,-13.45142936706543,-0.4699039161205292,-12.412877082824709,4.147957801818848,classical,0
classical.00027,1,-301.0105285644531,178.48153686523438,-11.184746742248535,30.301502227783203,-12.397363662719728,10.71835994720459,-14.65279769897461,4.383310317993164,-20.099050521850582,1.9100600481033323,classical,0
classical.00027,2,-277.91143798828125,176.1342315673828,-17.650131225585938,29.502944946289062,-14.528907775878906,13.929317474365234,-15.913413047790527,-1.9376332759857176,-25.72174644470215,7.585295677185059,classical,0
classical.00027,3,-299.1368103027344,177.21502685546875,-5.447290897369385,39.0849838256836,-7.288106441497803,18.94205665588379,-19.18743896484375,1.3304758071899414,-19.848913192749023,10.398223876953123,classical,0
classical.00027,4,-385.8269958496094,182.047119140625,-7.200706481933594,21.695537567138672,-7.903132438659668,4.349576950073242,-8.335411071777344,-1.849224328994751,-7.417229652404785,7.509931564331055,classical,0
classical.00027,5,-346.1770935058594,182.84381103515625,-21.641014099121094,14.091628074645996,-20.49810791015625,-5.37864351272583,-12.313255310058594,6.2743330001831055,-9.175407409667969,-0.1430338323116302,classical,0
classical.00027,6,-372.733642578125,183.77232360839844,-11.064510345458984,26.557056427001957,-4.4824981689453125,2.3160011768341064,-5.1741437911987305,4.894724369049072,-5.861845970153809,5.190026760101318,classical,0
classical.00027,7,-389.2433776855469,189.8125,-8.601414680480957,32.077327728271484,-0.8125061988830566,3.676877498626709,-10.28532600402832,3.75908637046814,-2.976163864135742,8.234780311584473,classical,0
classical.00027,8,-406.4199523925781,199.14649963378903,-12.158178329467772,33.50634765625,2.109363079071045,9.312155723571776,-10.365900039672852,3.841555595397949,-10.24929428100586,2.8071720600128174,classical,0
classical.00027,9,-492.0758361816406,209.4568023681641,19.66144371032715,27.84429931640625,-3.087207555770874,-1.6709117889404297,-12.951568603515623,-1.7004650831222534,-11.167715072631836,0.7393540740013123,classical,0
classical.00028,0,-198.52145385742188,148.27767944335938,-39.27554702758789,33.601531982421875,-16.771875381469727,8.37653923034668,-23.195297241210938,5.8825225830078125,-17.877212524414062,3.5303521156311035,classical,0
classical.00028,1,-194.0357818603516,159.36007690429688,-36.51537322998047,32.76710510253906,-15.191855430603027,10.340285301208496,-15.57577896118164,8.79684829711914,-16.465421676635742,5.318634986877441,classical,0
classical.00028,2,-344.27301025390625,183.08978271484372,-19.1134090423584,21.08049201965332,4.875215530395508,3.522719144821167,-4.835597515106201,-3.104978561401367,-2.707401990890503,3.8112564086914062,classical,0
classical.00028,3,-283.56463623046875,191.04150390625,-50.134063720703125,28.066429138183597,-17.89678192138672,3.7513017654418954,-15.824267387390137,-9.286138534545898,-17.99305534362793,-0.180940955877304,classical,0
classical.00028,4,-240.2545318603516,193.21072387695312,-49.4245719909668,26.77037811279297,-14.667732238769531,9.182204246520996,-11.782296180725098,-1.5110805034637451,-19.337871551513672,2.942349910736084,classical,0
classical.00028,5,-262.59844970703125,166.1342315673828,-22.30617332458496,19.82337760925293,4.143228054046631,1.197005033493042,-2.8445162773132324,-5.018652439117432,-8.827336311340332,-0.1026652380824089,classical,0
classical.00028,6,-228.1742248535156,187.56788635253903,-29.77398681640625,28.10865020751953,-4.578479766845703,10.280072212219238,-9.524396896362305,-1.3330156803131104,-11.739126205444336,7.712125778198242,classical,0
classical.00028,7,-194.84901428222656,149.37672424316406,-46.80898284912109,28.6585750579834,-14.32296657562256,8.985025405883789,-21.21074867248535,-3.5947957038879395,-23.807477951049805,6.085880756378174,classical,0
classical.00028,8,-214.36944580078125,131.685791015625,-43.994476318359375,34.0781364440918,-20.065357208251957,4.897554874420166,-28.321578979492188,4.715328693389893,-14.500123023986816,14.949438095092772,classical,0
classical.00028,9,-190.5403594970703,122.27693939208984,-49.70333480834961,24.52620506286621,-27.805604934692383,7.181618690490723,-23.839149475097656,9.36069679260254,-21.64291000366211,0.4637920558452606,classical,0
classical.00029,0,-429.8098754882813,127.83798217773438,-1.8297785520553589,34.37522506713867,11.503495216369627,3.812566757202149,2.315269470214844,4.845760822296143,-6.371537208557129,3.322242259979248,classical,0
classical.00029,1,-469.5133056640625,90.9033203125,-39.95727157592773,44.86367034912109,-13.24236011505127,7.525431632995605,-15.215072631835938,19.9158935546875,-0.7666135430335999,27.19320106506348,classical,0
classical.00029,2,-418.6334228515625,106.70797729492188,-53.29963684082031,36.33148193359375,-20.028295516967773,4.191329956054688,-16.862850189208984,18.62965583801269,-4.489339351654053,19.182485580444336,classical,0
classical.00029,3,-363.6362915039063,139.3863067626953,-47.8325424194336,34.718265533447266,-18.461109161376957,0.1132652834057807,-24.51936149597168,10.739214897155762,-17.970195770263672,8.124499320983887,classical,0
classical.00029,4,-341.0155944824219,159.35165405273438,-34.40902328491211,36.40133666992188,-7.777439594268799,5.084381580352783,-15.655669212341309,8.714949607849121,-10.817726135253906,5.329360961914063,classical,0
classical.00029,5,-216.534912109375,166.51441955566406,-29.183067321777344,35.50402069091797,-6.7239508628845215,8.685192108154297,-12.713421821594238,3.311400413513184,-15.505995750427246,3.8381779193878174,classical,0
classical.00029,6,-190.81626892089844,164.0189971923828,-44.81436920166016,32.07291793823242,-14.296590805053713,16.190095901489258,-17.05050277709961,7.66851806640625,-16.775510787963867,12.90152072906494,classical,0
classical.00029,7,-197.6531219482422,156.40447998046875,-44.692081451416016,27.18236541748047,-24.921409606933597,10.810977935791016,-24.628944396972656,7.10615873336792,-20.467288970947266,10.422111511230469,classical,0
classical.00029,8,-214.53564453125,144.2074432373047,-40.76462173461914,30.999948501586918,-17.13404083251953,11.018728256225586,-19.193117141723636,8.46328353881836,-19.228361129760746,3.676726341247559,classical,0
classical.00029,9,-185.5617218017578,130.36001586914062,-45.54067611694336,32.60340118408203,-24.303260803222656,11.326266288757324,-22.24289894104004,9.808085441589355,-22.17237091064453,2.231117010116577,classical,0
classical.00030,0,-355.9842529296875,157.62246704101562,-42.6827507019043,36.24041366577149,-13.910263061523438,-2.3583648204803467,-20.054821014404297,3.4542758464813232,-13.280303001403809,7.910524368286133,classical,0
classical.00030,1,-292.2333984375,134.14187622070312,-49.2252311706543,31.61672592163086,-27.53633117675781,-5.809331893920898,-27.09710121154785,3.002822160720825,-24.45418357849121,3.667459726333618,classical,0
classical.00030,2,-286.430908203125,129.6941680908203,-45.98981094360352,26.83798217773437,-20.736196517944336,-6.047636985778809,-21.68060302734375,2.9384312629699707,-12.985429763793944,11.390483856201172,classical,0
classical.00030,3,-316.3923034667969,144.07052612304688,-40.64085006713867,29.7784366607666,-18.06741714477539,-7.514350891113281,-19.8952751159668,0.0274691060185432,-12.509765625,3.3233530521392822,classical,0
classical.00030,4,-271.3370056152344,150.06309509277344,-46.50089263916016,28.557376861572266,-22.277963638305664,-6.022157669067383,-28.791955947875977,-3.141977548599243,-15.078234672546388,8.230002403259277,classical,0
classical.00030,5,-303.9437561035156,173.05755615234375,-32.086917877197266,25.20683860778809,-2.812760591506958,-6.353731632232666,-11.049568176269531,-6.930062294006348,-3.4758899211883545,-5.568804264068604,classical,0
classical.00030,6,-281.8681030273437,153.1134796142578,-40.55204391479492,26.49982070922852,-18.354116439819336,-8.582854270935059,-18.649816513061523,-0.5541523098945618,-11.819875717163086,-4.686914443969727,classical,0
classical.00030,7,-310.715087890625,168.13088989257812,-42.55805206298828,25.687774658203125,-12.348634719848633,-7.1316399574279785,-17.829042434692383,-4.255717277526856,-8.699027061462402,-0.8243219256401062,classical,0
classical.00030,8,-400.0685119628906,177.4659881591797,-13.476126670837402,27.316242218017575,5.923957824707031,-7.503852844238281,-10.369549751281738,-4.864888668060303,2.109644889831543,-3.5141713619232178,classical,0
classical.00030,9,-384.77734375,179.07626342773438,-12.59621810913086,27.628040313720703,1.3385676145553589,-6.994132518768311,-10.627872467041016,-4.58079195022583,3.252755641937256,-0.953766703605652,classical,0
classical.00031,0,-346.5657958984375,198.1146545410156,-8.66030502319336,11.452402114868164,0.220596432685852,-2.156036853790283,-6.69285774230957,-5.112868309020996,-7.699379444122314,-8.403125762939453,classical,0
classical.00031,1,-288.05535888671875,193.2880401611328,-25.37968063354492,23.075180053710938,-12.292936325073242,-1.8335493803024288,-14.369467735290527,-2.996152877807617,-9.223450660705566,-0.0269791819155216,classical,0
classical.00031,2,-287.2777404785156,196.7841644287109,-20.786470413208008,25.04322052001953,-10.868646621704102,-4.790316104888916,-17.2823543548584,-7.675416946411133,-6.837447166442871,1.7886848449707031,classical,0
classical.00031,3,-470.0274658203125,179.3678741455078,13.620848655700684,28.446765899658203,12.786051750183104,7.24688720703125,-6.544231414794922,-0.4913426339626312,-0.0499560423195362,3.020859479904175,classical,0
classical.00031,4,-355.9814453125,170.0882568359375,-1.1360745429992676,29.23900604248047,-2.9733922481536865,-0.905858278274536,-6.450872421264648,-0.9196189045906068,-5.4401397705078125,-5.22858190536499,classical,0
classical.00031,5,-364.0360412597656,160.33767700195312,-10.667919158935549,37.36423110961914,-4.118274688720703,3.0686330795288086,-7.699390888214111,8.081650733947754,1.492598056793213,4.489162921905518,classical,0
classical.00031,6,-371.7197265625,173.88941955566406,-7.345266819000244,34.0106201171875,-9.989072799682615,4.54251766204834,-11.311798095703123,4.695017814636231,-6.448167324066162,0.5045190453529358,classical,0
classical.00031,7,-400.0764465332031,172.02749633789062,12.806075096130373,20.812557220458984,14.57632064819336,4.987532138824463,-1.951390266418457,1.3227745294570925,5.04367208480835,2.7297203540802,classical,0
classical.00031,8,-434.4432678222656,185.3214569091797,20.75246810913086,15.706613540649414,26.39954948425293,9.963356018066406,-3.4749069213867188,1.7230703830718994,6.928264141082764,4.02678108215332,classical,0
classical.00031,9,-497.3225402832031,190.8854217529297,23.419952392578125,14.9481782913208,24.1384391784668,10.840746879577637,-4.3394975662231445,1.3313307762145996,10.890793800354004,6.59035062789917,classical,0
classical.00032,0,-527.8914794921875,181.4286346435547,8.757805824279785,39.472049713134766,-7.683738231658935,15.568511962890623,-13.476977348327637,9.736190795898438,-6.693405151367188,6.630416870117188,classical,0
classical.00032,1,-524.080322265625,189.41525268554688,5.582116603851318,31.216278076171875,-4.687490463256836,9.835404396057127,-7.202722072601318,5.476387977600098,-6.387324810028076,1.4461719989776611,classical,0
classical.00032,2,-518.8930053710938,188.28245544433597,1.011174559593201,35.33502960205078,-10.20543384552002,11.70605754852295,-8.249256134033203,7.662229537963867,-8.374165534973145,6.030449867248535,classical,0
classical.00032,3,-549.1549682617188,181.7040863037109,3.4121904373168945,34.566200256347656,-4.827597141265869,15.787877082824709,-10.749855041503906,6.130166530609131,-6.292336940765381,3.0935425758361816,classical,0
classical.00032,4,-492.6979675292969,192.06097412109372,6.967247486114502,33.96283721923828,-7.734150409698486,7.737660884857178,-15.276095390319824,-1.7170697450637815,-12.424551010131836,-1.2672492265701294,classical,0
classical.00032,5,-491.9552307128906,191.2486724853516,12.5067777633667,24.03144073486328,-2.1741902828216557,4.941229343414307,-7.941412925720215,-5.402480602264404,-6.554784774780273,-8.938311576843262,classical,0
classical.00032,6,-481.3673095703125,184.5572662353516,8.544293403625488,34.20860290527344,-10.708389282226562,4.712098598480225,-17.112401962280273,-2.141928434371948,-11.759260177612305,-4.33308744430542,classical,0
classical.00032,7,-414.3974609375,174.67431640625,-10.23010540008545,36.2470932006836,-19.941551208496094,8.576436042785645,-18.042858123779297,5.683239936828613,-10.726527214050291,2.486679792404175,classical,0
classical.00032,8,-503.9546508789063,170.6184844970703,14.542491912841797,30.73723030090332,-1.5350470542907717,9.246291160583496,-6.548731803894043,-2.309149980545044,-5.213004112243652,-5.127301692962647,classical,0
classical.00032,9,-520.2013549804688,183.4404754638672,2.33284592628479,32.542457580566406,-13.30172061920166,13.605250358581545,-8.58257007598877,10.068384170532228,-5.80324649810791,4.332201957702637,classical,0
classical.00033,0,-481.4032897949219,185.1907196044922,-26.25172233581543,36.45215606689453,-3.5494070053100586,4.86766529083252,-4.547774791717529,2.085223436355591,2.2679965496063232,-2.9485135078430176,classical,0
classical.00033,1,-489.6993713378906,183.6809234619141,-29.476619720458984,38.74893951416016,-6.074078559875488,8.333418846130371,-8.181941032409668,2.892364978790283,2.002722978591919,-1.051938533782959,classical,0
classical.00033,2,-494.6470031738281,167.73553466796875,-16.270973205566406,34.33403015136719,2.3269145488739014,9.91452407836914,-0.2005603462457656,4.969600677490234,0.6178240776062012,4.646963596343994,classical,0
classical.00033,3,-466.5088195800781,191.0788726806641,-8.862710952758789,36.69059371948242,10.443033218383787,9.36032009124756,-0.1557552218437194,6.1595139503479,-0.9521108865737916,-3.211171388626098,classical,0
classical.00033,4,-654.4242553710938,149.9071502685547,10.52779483795166,36.49939727783203,9.6343994140625,16.11327362060547,0.0666297301650047,11.836634635925291,4.851196765899658,6.54166841506958,classical,0
classical.00033,5,-553.84228515625,89.75653839111328,-29.685190200805664,46.27272415161133,-2.3754305839538574,3.102120876312256,-8.790751457214355,1.8432964086532595,1.2430479526519775,2.513227939605713,classical,0
classical.00033,6,-392.5612182617188,113.60387420654295,-42.57371520996094,32.20914077758789,-13.698530197143556,-2.0143964290618896,-25.13844871520996,-8.166524887084961,-10.163480758666992,11.556984901428224,classical,0
classical.00033,7,-293.7738952636719,149.39170837402344,-40.19251251220703,26.03214454650879,-12.1748628616333,-9.879145622253418,-19.45054054260254,-16.290597915649414,-11.18906021118164,-0.5817458033561707,classical,0
classical.00033,8,-348.7571105957031,172.40257263183594,-38.059608459472656,30.040441513061523,-11.470309257507324,1.2256466150283811,-15.454463958740234,-0.9934699535369872,-11.60850429534912,-0.3513686060905456,classical,0
classical.00033,9,-423.1456909179688,160.4993133544922,-31.37472152709961,40.27305603027344,-7.792275905609131,8.99247932434082,-10.952814102172852,8.298623085021973,-10.782569885253906,2.5580766201019287,classical,0
classical.00034,0,-274.6845092773437,169.81568908691406,-30.444223403930664,41.66058349609375,-3.859131097793579,12.803500175476074,-8.204092025756836,6.823014736175537,-16.78595542907715,-3.774376153945923,classical,0
classical.00034,1,-192.8571319580078,159.82496643066406,-40.00558090209961,43.2703857421875,-11.262815475463867,11.663887977600098,-14.449505805969238,0.65019690990448,-16.713390350341797,-0.5121325254440308,classical,0
classical.00034,2,-297.2966003417969,159.9423370361328,-21.0886287689209,37.8162727355957,-2.238983392715454,10.286296844482422,-8.699458122253418,2.903785228729248,-6.634676456451416,-2.6108169555664062,classical,0
classical.00034,3,-330.04248046875,164.63951110839844,-21.6742000579834,39.03193664550781,-0.8565195202827454,6.21367883682251,-7.5510172843933105,-0.2669573724269867,-7.296255111694336,-5.335092544555664,classical,0
classical.00034,4,-247.24827575683597,127.16463470458984,-44.716339111328125,39.61267852783203,-9.85776138305664,10.7086181640625,-12.957966804504396,2.442389488220215,-21.995864868164062,1.5854746103286743,classical,0
classical.00034,5,-319.1636657714844,100.12796020507812,-53.62319564819336,29.74860191345215,-20.47649574279785,16.220901489257812,-10.503925323486328,15.645721435546877,-13.538195610046388,5.132199764251709,classical,0
classical.00034,6,-343.46923828125,115.73411560058594,-43.88527297973633,36.89570617675781,-7.824117660522461,7.5991597175598145,-14.1412992477417,13.2960844039917,-8.65825080871582,3.56873083114624,classical,0
classical.00034,7,-391.7376708984375,119.80583190917967,-38.30346298217773,38.02301788330078,-4.419901847839356,9.38427734375,-11.61330795288086,15.567699432373049,-0.2655644416809082,7.79954195022583,classical,0
classical.00034,8,-407.57855224609375,167.7713623046875,-22.355619430541992,41.16583251953125,10.236827850341797,6.728597164154053,-1.8122934103012085,4.820584774017334,3.776997327804565,5.8853607177734375,classical,0
classical.00034,9,-329.409423828125,167.1091766357422,-40.12882232666016,42.6844367980957,-2.024055957794189,3.120933771133423,-10.925335884094238,1.3306976556777954,-6.417012691497803,5.224096775054932,classical,0
classical.00035,0,-246.7369537353516,123.30772399902344,-55.55073928833008,36.22589111328125,-12.139772415161133,2.622472286224365,-21.454076766967773,4.007693767547607,-11.450403213500977,10.114164352416992,classical,0
classical.00035,1,-241.9174346923828,123.64873504638672,-53.645484924316406,33.884376525878906,-8.324167251586914,2.3573226928710938,-19.528461456298828,3.1144237518310547,-12.750127792358398,-1.4283561706542969,classical,0
classical.00035,2,-354.0650329589844,152.98245239257812,-40.02740478515625,36.1847038269043,2.642197847366333,2.8548073768615723,-13.243160247802734,-1.6311895847320557,-2.83866548538208,-1.775964856147766,classical,0
classical.00035,3,-313.5568542480469,184.51438903808597,-36.33720779418945,45.649600982666016,3.0602035522460938,4.802231311798096,-9.221294403076172,-3.5362164974212646,2.899578809738159,-3.222548723220825,classical,0
classical.00035,4,-405.4342346191406,194.71165466308597,-2.1911394596099854,33.87190628051758,17.006866455078125,-0.5281714797019958,0.0693094134330749,-2.508920431137085,6.290591239929199,-1.5572878122329712,classical,0
classical.00035,5,-346.78924560546875,194.6165313720703,14.823531150817873,19.429176330566406,19.00100517272949,6.931088924407959,-0.8599936962127686,0.2281485348939895,-2.1465706825256348,-4.106371402740479,classical,0
classical.00035,6,-287.3768005371094,192.9964904785156,-14.892196655273438,34.45322799682617,2.180800199508667,9.24557399749756,-8.029147148132324,-0.3728717267513275,-1.021007061004639,-2.389254331588745,classical,0
classical.00035,7,-309.01806640625,196.33058166503903,-5.599811553955078,25.89164924621582,7.034221649169922,3.4511878490448,-6.320336818695068,-3.759565114974976,-4.166638851165772,-6.525037288665772,classical,0
classical.00035,8,-408.15631103515625,192.7115020751953,3.952903032302856,17.444929122924805,5.386566162109375,-5.223714828491211,-9.491830825805664,-11.411848068237305,-6.9782795906066895,-8.554634094238281,classical,0
classical.00035,9,-340.8423156738281,180.16778564453125,8.862478256225586,34.13943099975586,13.06240177154541,9.23265266418457,-2.297785997390747,0.5351935029029846,-3.2732996940612797,0.4194400608539581,classical,0
classical.00036,0,-357.2191772460937,126.31169128417967,-22.3422966003418,27.38134002685547,-14.455977439880373,5.301403045654297,-24.08431053161621,-12.175591468811035,-16.30987548828125,-5.633509159088135,classical,0
classical.00036,1,-463.3116455078125,84.6986312866211,-13.395856857299805,45.632694244384766,-21.9866943359375,32.6097297668457,-16.65414810180664,0.5386720895767212,-17.50382423400879,8.365300178527832,classical,0
classical.00036,2,-457.9915161132813,98.1700439453125,6.689323425292969,36.32174301147461,-6.918464183807373,14.394352912902832,4.430523872375488,-10.629274368286133,-9.992980003356934,-3.3549447059631348,classical,0
classical.00036,3,-492.5889892578125,105.51741790771484,-3.938358783721924,42.21701049804688,-12.51048469543457,8.656238555908203,-4.798965930938721,-1.2524765729904177,-5.48082971572876,-4.863711357116699,classical,0
classical.00036,4,-327.9858703613281,113.23162078857422,-33.555660247802734,22.772348403930664,-36.273887634277344,-3.103803873062134,-29.49123191833496,-0.0036186804063618,-19.515539169311523,0.8241931796073914,classical,0
classical.00036,5,-395.101806640625,169.87753295898438,-15.793487548828123,20.12983703613281,-14.271106719970703,2.1108591556549072,-10.241806983947754,-5.019683361053467,-7.75346565246582,-1.7379217147827148,classical,0
classical.00036,6,-448.8544616699219,173.44113159179688,-8.206588745117188,32.51123046875,-2.861525297164917,13.32866096496582,-14.180174827575684,-0.2604978680610657,-5.485702037811279,2.710359811782837,classical,0
classical.00036,7,-435.6544494628906,178.89622497558594,-26.418750762939453,30.536027908325195,-10.7929105758667,10.185223579406738,-15.876036643981934,-2.697319746017456,-8.819448471069336,2.4053847789764404,classical,0
classical.00036,8,-434.21044921875,173.15426635742188,-17.855510711669922,26.15090560913086,-4.12852954864502,5.719747543334961,-12.943244934082031,-3.10091233253479,-6.010161876678467,-1.793926477432251,classical,0
classical.00036,9,-455.6902160644531,162.13450622558594,-3.110975503921509,36.018524169921875,5.130490303039551,12.92715072631836,-7.953656673431396,-1.5622814893722534,-5.866169452667236,-0.5619761943817139,classical,0
classical.00037,0,-176.99386596679688,118.9645538330078,-62.630859375,26.234241485595703,-20.95291328430176,-3.170397996902466,-22.66550064086914,6.180066585540772,-12.393616676330566,9.599250793457031,classical,0
classical.00037,1,-248.3559112548828,165.82949829101562,-40.88800430297852,36.41862869262695,1.887725114822388,-2.447640419006348,-9.708093643188477,-4.902310848236084,-0.9668850302696228,-1.037947177886963,classical,0
classical.00037,2,-306.5171813964844,177.27073669433594,-34.010616302490234,34.615577697753906,5.379547119140625,-5.252404689788818,-4.394991874694824,-10.610610961914062,5.344610691070557,1.2576866149902344,classical,0
classical.00037,3,-267.5218505859375,161.588623046875,-59.34032440185547,38.67967224121094,-10.06139850616455,2.703312635421753,-13.62667465209961,-2.864500999450684,-4.718059539794922,1.995647668838501,classical,0
classical.00037,4,-336.825439453125,90.48649597167967,-37.53691482543945,38.74407196044922,-3.685819625854492,16.41607666015625,-14.051128387451172,3.517617464065552,-4.836556911468506,15.517251014709473,classical,0
classical.00037,5,-332.6083679199219,118.41735076904295,-46.17325973510742,28.44154930114746,-8.086275100708008,-4.151638507843018,-18.95197296142578,-5.614646434783936,-5.682244300842285,4.7635345458984375,classical,0
classical.00037,6,-261.4984130859375,136.4706573486328,-48.0875358581543,23.610248565673828,-18.56781005859375,-1.8499165773391724,-25.74674415588379,-1.8283703327178955,-16.35683250427246,-3.4233992099761963,classical,0
classical.00037,7,-189.36431884765625,94.00357818603516,-67.76655578613281,30.05649185180664,-27.33234214782715,1.4778790473937988,-36.96950149536133,4.126805305480957,-12.961188316345217,14.545141220092772,classical,0
classical.00037,8,-292.6705322265625,126.8388214111328,-64.34619903564453,31.393983840942383,-25.28363800048828,-0.8886838555335999,-33.6500358581543,-4.299968242645264,-17.480892181396484,2.0555145740509038,classical,0
classical.00037,9,-412.78131103515625,169.4388427734375,-42.12643432617188,35.36964416503906,-3.818282842636109,4.547221183776856,-9.061050415039062,-1.6306651830673218,-6.503167629241943,2.9444403648376465,classical,0
classical.00038,0,-395.2939453125,183.5814971923828,-47.95339584350586,22.90082550048828,-10.445314407348633,2.829267978668213,-17.161897659301758,-4.842396259307861,-11.90952491760254,-0.9371888041496276,classical,0
classical.00038,1,-332.1348876953125,170.13401794433594,-58.25338363647461,33.05279541015625,-18.688383102416992,-1.2867460250854492,-22.18239974975586,-5.39312219619751,-14.7080078125,-4.352179527282715,classical,0
classical.00038,2,-366.30084228515625,138.70643615722656,-34.439979553222656,35.18853759765625,-0.2855621874332428,7.0697431564331055,-12.757040977478027,-10.074241638183594,-13.85149097442627,-0.615238606929779,classical,0
classical.00038,3,-324.6556091308594,160.98939514160156,-42.76984024047852,34.1466064453125,-3.0737247467041016,5.206636428833008,-11.462660789489746,-1.45525860786438,-6.743873596191406,-0.7274511456489563,classical,0
classical.00038,4,-276.98248291015625,177.51913452148438,-23.91121482849121,24.0042781829834,6.713775634765625,-0.1313951760530471,-6.26322603225708,-5.028268814086914,-7.912840843200684,-1.96881365776062,classical,0
classical.00038,5,-238.7784576416016,142.39137268066406,-50.93170928955078,33.89311981201172,-15.601995468139648,0.938044011592865,-23.7000675201416,-5.226879596710205,-17.440519332885742,-3.105440616607666,classical,0
classical.00038,6,-304.6114807128906,149.1136016845703,-41.639068603515625,14.25486183166504,-3.403048038482666,-6.284483432769775,-11.510693550109863,-5.352812767028809,-8.441935539245605,-5.416550636291504,classical,0
classical.00038,7,-227.6938934326172,148.4849395751953,-66.4514389038086,27.68798828125,-16.308048248291016,1.9095790386199951,-28.94597625732422,-4.055665969848633,-16.79402732849121,-0.0957214385271072,classical,0
classical.00038,8,-173.3404998779297,139.2566680908203,-37.96644973754883,49.34705352783203,-12.8607759475708,8.865132331848145,-20.78259658813477,6.450324058532715,-12.173080444335938,6.181997299194336,classical,0
classical.00038,9,-187.13218688964844,151.39195251464844,-49.312625885009766,43.23517990112305,-13.84146785736084,10.449217796325684,-18.85517120361328,3.39753532409668,-12.421510696411133,3.6230216026306152,classical,0
classical.00039,0,-423.5574035644531,117.994384765625,-20.72637367248535,23.71631622314453,-4.942525386810303,12.075447082519531,-13.223946571350098,13.768780708312988,0.1732248216867447,15.54104709625244,classical,0
classical.00039,1,-391.7902526855469,136.55392456054688,-21.756563186645508,9.004356384277344,-1.1363433599472046,1.2628111839294434,-9.833329200744627,5.692612648010254,-1.5687382221221924,8.716588020324707,classical,0
classical.00039,2,-430.4563598632813,116.69026184082033,-32.08243179321289,21.0736026763916,-0.9757878184318542,22.29537582397461,-15.254528045654297,3.0450639724731445,-9.684582710266112,29.87483787536621,classical,0
classical.00039,3,-446.4115905761719,149.2894287109375,-24.22752571105957,18.98356056213379,-16.34392547607422,17.579959869384766,0.6468492150306702,2.3343639373779297,-19.995166778564453,18.257362365722656,classical,0
classical.00039,4,-406.0053405761719,137.4329071044922,-33.14854431152344,25.334705352783203,-8.355238914489746,5.876959323883057,-15.476800918579102,2.938796281814575,-1.0871495008468628,6.479272842407227,classical,0
classical.00039,5,-302.6905517578125,149.87796020507812,-33.00818634033203,18.559186935424805,-14.301011085510254,-2.008192777633667,-17.754030227661133,-2.2310595512390137,-12.80148220062256,-2.4629244804382324,classical,0
classical.00039,6,-340.9857482910156,122.67345428466795,-35.59291458129883,25.558427810668945,-7.862630844116211,-3.054811477661133,-5.752969741821289,6.593682289123535,-4.9817891120910645,4.007740020751953,classical,0
classical.00039,7,-560.067626953125,130.20849609375,-20.7973747253418,40.575984954833984,6.328377723693848,22.537017822265625,-2.242655038833618,15.72481918334961,0.570939302444458,28.69492530822754,classical,0
classical.00039,8,-428.7843627929688,123.94403839111328,-35.52442932128906,19.185020446777344,-19.95793342590332,24.228492736816406,-17.634265899658203,5.292445659637451,-3.973637580871582,36.019012451171875,classical,0
classical.00039,9,-468.33099365234375,129.64817810058594,-32.58464050292969,17.26383399963379,-9.35118007659912,28.67897224426269,-7.658576011657715,9.46664333343506,3.8236780166625977,30.830127716064453,classical,0
classical.00040,0,-327.9117431640625,147.49717712402344,-28.546350479125977,27.82463264465332,-28.45609474182129,9.795245170593262,-23.165359497070312,8.67475414276123,-20.5231876373291,-2.951395034790039,classical,0
classical.00040,1,-393.3280029296875,136.1478729248047,-18.002456665039062,23.2432861328125,-27.869279861450195,9.940990447998049,-16.000619888305664,10.01949405670166,-11.092360496520996,9.523956298828123,classical,0
classical.00040,2,-346.51861572265625,144.07080078125,-33.154388427734375,23.163848876953125,-27.75763511657715,12.96665859222412,-19.00838279724121,9.065491676330566,-17.117023468017578,1.6357249021530151,classical,0
classical.00040,3,-474.1666259765625,105.94576263427734,-22.459766387939453,42.90971755981445,-16.350772857666016,23.335220336914062,-12.479740142822266,17.840707778930664,0.1973493099212646,24.888525009155277,classical,0
classical.00040,4,-428.0615234375,158.2244415283203,-26.357038497924805,29.650529861450195,-8.9896879196167,2.7018184661865234,-5.437100410461426,12.254963874816896,-3.976513624191284,3.949401378631592,classical,0
classical.00040,5,-392.4628601074219,127.71050262451172,-28.031625747680664,29.44658470153809,-9.64596939086914,11.14098072052002,-10.221307754516602,14.563117980957031,-7.89805793762207,7.270244598388672,classical,0
classical.00040,6,-327.4010314941406,138.89793395996094,-48.04454040527344,22.271221160888672,-16.703258514404297,-0.3103365302085876,-20.87031936645508,7.803913116455078,-5.544852256774902,7.706117630004883,classical,0
classical.00040,7,-346.7823791503906,136.05531311035156,-57.3467025756836,29.91915702819824,-2.772695779800415,-3.6113088130950928,-11.965497016906738,-4.978207588195801,4.8417816162109375,6.910642147064209,classical,0
classical.00040,8,-301.1822204589844,143.87791442871094,-63.47322845458984,26.58587646484375,-20.83666610717773,-1.5236729383468628,-25.015586853027344,-0.3536102175712585,-13.911872863769531,1.145103096961975,classical,0
classical.00040,9,-301.7000427246094,135.9862060546875,-53.88692092895508,17.152080535888672,-12.07215976715088,-7.694415092468262,-19.63104057312012,-7.092833518981934,-12.215343475341797,0.2400565445423126,classical,0
classical.00041,0,-392.2667846679688,157.6600341796875,-35.38900375366211,10.965373992919922,-3.0182077884674072,-6.410168170928955,-12.6669282913208,-5.400034427642822,-2.9105565547943115,2.97517991065979,classical,0
classical.00041,1,-367.7353820800781,131.10498046875,-19.920900344848636,14.04844570159912,-2.615504026412964,-12.597551345825195,-16.468477249145508,-3.263559103012085,-6.025038242340088,0.534972071647644,classical,0
classical.00041,2,-402.1787109375,135.69107055664062,-51.69709396362305,42.92791366577149,-8.458354949951172,4.619248390197754,-19.631309509277344,6.382718086242676,-13.604808807373049,5.506969451904297,classical,0
classical.00041,3,-319.82037353515625,146.4149169921875,-40.96622848510742,32.31464767456055,1.0654038190841677,-2.028796911239624,-20.238683700561523,-14.658282279968262,-18.63263511657715,-8.065560340881348,classical,0
classical.00041,4,-283.8128967285156,127.97947692871094,-54.94845962524414,29.393022537231445,-13.902552604675291,-15.697835922241213,-38.01025390625,-14.912421226501465,-16.2908935546875,-5.263125419616699,classical,0
classical.00041,5,-453.6897277832031,153.83876037597656,-36.00398254394531,28.134292602539062,-4.697274684906006,7.5127105712890625,-17.003637313842773,-4.516348838806152,-11.569076538085938,8.840761184692383,classical,0
classical.00041,6,-303.9237976074219,106.0032196044922,-65.44092559814453,34.20367431640625,-25.19795608520508,2.8756792545318604,-28.62938117980957,2.226820230484009,-17.547401428222656,5.728266716003418,classical,0
classical.00041,7,-399.160888671875,126.51644897460938,-52.59798049926758,36.2554931640625,-1.5390101671218872,5.2522172927856445,-12.339836120605469,-0.1521615833044052,0.7705937027931213,2.341977834701538,classical,0
classical.00041,8,-432.1234436035156,143.9158172607422,-44.4449577331543,32.778717041015625,-2.639378309249878,14.081133842468262,-6.850573539733887,14.728596687316896,-2.6131930351257324,5.79841423034668,classical,0
classical.00041,9,-428.8169250488281,156.8269805908203,-38.73980712890625,20.42811393737793,-0.8585838675498962,9.75498867034912,-1.451424479484558,9.468154907226562,-4.323347091674805,0.6347197890281677,classical,0
classical.00042,0,-157.5148162841797,165.76100158691406,-56.20295333862305,4.804409503936768,-9.736412048339844,-1.929912567138672,-10.810035705566406,-10.28213119506836,-9.17986297607422,-0.6026403307914734,classical,0
classical.00042,1,-131.11422729492188,147.27061462402344,-51.87509536743164,4.296372890472412,-13.870932579040527,-0.8074834942817688,-13.107378959655762,-8.42634105682373,-9.248783111572266,0.6320245862007141,classical,0
classical.00042,2,-182.80252075195312,161.60826110839844,-49.53752136230469,-2.096654176712036,-6.663947582244873,-4.7261881828308105,-9.246404647827148,-9.385366439819336,-7.994784832000732,2.124843120574951,classical,0
classical.00042,3,-164.06959533691406,176.93446350097656,-57.63973236083984,1.4493285417556765,-3.9261744022369385,-5.732448101043701,-11.004629135131836,-10.2140531539917,-11.014078140258787,-0.9318228960037231,classical,0
classical.00042,4,-149.50314331054688,166.52716064453125,-60.1585693359375,-2.526052236557007,-14.529616355895996,-6.23257303237915,-13.55854320526123,-10.205513954162598,-13.293100357055664,-1.9261937141418457,classical,0
classical.00042,5,-160.2650146484375,188.4609375,-55.190879821777344,-5.888561248779297,-2.4880099296569824,-4.963787078857422,-10.20450496673584,-5.656595230102539,-9.272002220153809,-2.762556314468384,classical,0
classical.00042,6,-176.44056701660156,181.80056762695312,-45.895206451416016,-6.855170726776123,-0.350773274898529,-0.0342641994357109,-10.854691505432127,-4.916330337524414,-6.888181686401367,2.3949851989746094,classical,0
classical.00042,7,-136.93614196777344,156.92311096191406,-48.21240234375,12.97433376312256,-7.375735759735107,-0.5239039659500122,-9.94886589050293,-3.4003283977508545,-6.327991962432861,3.038586378097534,classical,0
classical.00042,8,-118.3870086669922,132.46524047851562,-36.84049606323242,8.824036598205566,-14.873851776123049,0.2947957813739776,-13.712778091430664,-3.6277341842651367,-5.333583831787109,4.37864875793457,classical,0
classical.00042,9,-221.3310394287109,165.05958557128906,-27.30994987487793,0.5595266222953796,-1.508271098136902,-1.7922356128692627,-8.207489013671875,-4.290565013885498,-2.63305139541626,6.136008739471436,classical,0
classical.00043,0,-173.7452392578125,154.86740112304688,-28.41619110107422,2.9570298194885254,-10.674062728881836,-1.269037127494812,-13.972200393676758,-11.36147689819336,-14.98408031463623,-5.374380588531494,classical,0
classical.00043,1,-182.16192626953125,156.9546661376953,-18.45965003967285,17.758859634399414,0.3838172256946563,-3.49802565574646,-11.00031566619873,-10.332534790039062,-16.19391441345215,-12.868881225585938,classical,0
classical.00043,2,-196.71180725097656,165.75100708007812,-12.696844100952148,4.541384220123291,-2.806135892868042,-4.778666019439697,-12.630836486816406,-7.688904762268066,-14.5563383102417,-14.651070594787598,classical,0
classical.00043,3,-288.7148742675781,153.9092254638672,29.386310577392575,-4.686167240142822,0.6834514737129211,1.1804672479629517,-8.499116897583008,-6.562765121459961,-18.23346519470215,-19.163949966430664,classical,0
classical.00043,4,-326.483642578125,133.8804931640625,44.483131408691406,0.5103534460067749,-6.0902910232543945,0.3499842584133148,-6.035221576690674,-5.7278361320495605,-13.136024475097656,-12.03728199005127,classical,0
classical.00043,5,-264.2926025390625,173.54598999023438,20.11429214477539,-16.355039596557617,-1.831416368484497,-1.6175779104232788,-11.86464500427246,-5.751290321350098,-13.822603225708008,-16.301172256469727,classical,0
classical.00043,6,-252.77099609375,183.23377990722656,18.19922637939453,-13.541122436523438,4.529737949371338,-0.1827345639467239,-15.356325149536133,-8.210627555847168,-10.441484451293944,-9.005973815917969,classical,0
classical.00043,7,-265.5858154296875,178.51412963867188,26.56482315063477,-13.505548477172852,-0.7105701565742493,-1.2304024696350098,-14.278179168701172,-11.858522415161133,-15.271416664123535,-9.86373233795166,classical,0
classical.00043,8,-243.5785369873047,172.4877166748047,1.167377471923828,-6.87165641784668,6.772488117218018,-8.635047912597656,-14.907861709594728,-6.877926826477051,-14.255581855773926,-10.588797569274902,classical,0
classical.00043,9,-298.3538513183594,146.22091674804688,21.928714752197266,-1.937546730041504,3.361821413040161,-1.7763782739639282,-14.007519721984863,-11.775956153869627,-15.113998413085938,-10.095579147338867,classical,0
classical.00044,0,-412.7095947265625,185.6138916015625,-2.0165460109710693,6.524448871612549,1.26648211479187,5.123527526855469,2.794626951217652,-9.751025199890137,-8.984176635742188,-0.4624051749706268,classical,0
classical.00044,1,-416.9365234375,159.09988403320312,8.921737670898438,18.638551712036133,1.8579256534576416,7.126232147216797,-9.258275985717772,-11.672248840332031,-9.767041206359863,-2.734928846359253,classical,0
classical.00044,2,-411.6886901855469,142.9929656982422,-15.64608669281006,13.291681289672852,-3.052798271179199,-7.928421020507812,-18.59644889831543,-26.940210342407227,-24.286516189575195,-9.487133979797363,classical,0
classical.00044,3,-402.06829833984375,140.35910034179688,-18.37318229675293,2.2829294204711914,-16.5880069732666,-16.873767852783203,-26.491552352905277,-34.582427978515625,-22.654762268066406,-10.409547805786133,classical,0
classical.00044,4,-479.3156433105469,126.9898452758789,-4.825127124786377,11.372151374816896,-6.186557292938232,-12.5925931930542,-15.94825553894043,-22.43572235107422,-25.7451286315918,-29.87646484375,classical,0
classical.00044,5,-410.726806640625,126.2100067138672,-13.289417266845703,6.565927505493164,-14.558038711547852,-12.43973445892334,-13.498161315917969,-21.85904884338379,-11.450963020324709,-5.941690921783447,classical,0
classical.00044,6,-350.25408935546875,179.8645782470703,-26.574296951293945,25.136489868164062,-2.8045201301574707,-0.1344598680734634,-7.51599645614624,-10.226455688476562,-8.630049705505371,-5.554978370666504,classical,0
classical.00044,7,-339.3957824707031,173.56240844726562,-34.85838317871094,21.208023071289062,-3.9608092308044434,2.5593998432159424,-3.1812987327575684,-11.50277328491211,-8.407093048095703,-4.782410621643066,classical,0
classical.00044,8,-389.1186218261719,173.19837951660156,-21.62580680847168,26.593996047973636,8.319576263427734,6.1355977058410645,-2.665483236312866,-12.325139045715332,-0.371803879737854,-1.4906047582626345,classical,0
classical.00044,9,-406.7839050292969,144.8155059814453,-33.571556091308594,25.393156051635746,-0.229799598455429,-0.2491234391927719,-5.769064903259277,-10.436951637268066,-3.633384704589844,-6.97698974609375,classical,0
classical.00045,0,-214.96661376953125,160.46351623535156,-13.963335990905762,-8.094490051269531,-2.317486047744751,-7.385587215423584,-9.604966163635254,-1.170159101486206,-3.4869234561920166,2.5549166202545166,classical,0
classical.00045,1,-171.79798889160156,173.55027770996094,-10.164463996887209,-0.2430721521377563,1.7772094011306765,0.6394094228744507,-9.094210624694824,-6.09950065612793,-9.378592491149902,-8.883988380432129,classical,0
classical.00045,2,-156.50318908691406,165.32752990722656,-26.57342529296875,9.464524269104004,3.552255392074585,0.0279463548213243,-4.087061405181885,-7.777718544006348,-11.80503749847412,-7.637018203735352,classical,0
classical.00045,3,-178.2071533203125,156.8297119140625,-24.505517959594727,-7.403294563293457,-5.570271968841553,-5.205526828765869,-13.247170448303224,-3.5290372371673584,-3.509493589401245,-4.997446060180664,classical,0
classical.00045,4,-163.58677673339844,149.5345001220703,-29.443021774291992,-0.1108623817563057,-9.332294464111328,1.7222578525543213,-1.6756736040115356,-0.0408179648220539,-2.401209831237793,1.17221999168396,classical,0
classical.00045,5,-154.00021362304688,152.99649047851562,-26.85477638244629,12.494330406188965,-9.00253963470459,-3.47665810585022,-9.560507774353027,-5.079063892364502,-9.225913047790527,-9.654935836791992,classical,0
classical.00045,6,-161.77462768554688,155.2943878173828,-22.771045684814453,8.119769096374512,-10.09840488433838,-8.709831237792969,-8.495002746582031,-1.9014025926589968,-6.296955585479736,-7.276195526123047,classical,0
classical.00045,7,-141.08792114257812,162.20968627929688,-28.734060287475582,8.196637153625488,-8.928263664245605,-6.44277286529541,-8.93734073638916,-2.4182753562927246,-6.322983741760254,-2.962053060531616,classical,0
classical.00045,8,-184.21890258789065,149.22238159179688,-18.77730178833008,11.113183975219728,-2.393816471099853,-6.28768253326416,-10.427657127380373,-9.596522331237791,-14.595394134521484,-8.693132400512695,classical,0
classical.00045,9,-178.72494506835938,147.6072998046875,-17.788373947143555,19.193309783935547,2.1060736179351807,-0.9163305163383484,-12.521466255187988,-11.437779426574709,-12.10187530517578,-7.394826889038086,classical,0
classical.00046,0,-91.37193298339844,97.04986572265624,-26.010547637939453,21.59220314025879,0.967914879322052,11.45654296875,-8.671903610229492,-0.8782615065574646,-8.150381088256836,-10.561792373657228,classical,0
classical.00046,1,-81.51985931396484,102.62408447265624,-26.448183059692383,21.400650024414062,2.35452938079834,13.368181228637695,-7.826040744781494,-1.1597431898117063,-8.169322967529297,-5.621278762817383,classical,0
classical.00046,2,-78.86771392822266,111.71045684814452,-31.54896354675293,19.670534133911133,-0.6221364736557007,10.310266494750977,-8.038877487182617,1.684407353401184,-3.9316635131835938,-6.951945781707764,classical,0
classical.00046,3,-72.37568664550781,104.26917266845705,-27.416658401489254,16.650623321533203,-4.784792900085449,11.26316738128662,-8.615966796875,-2.954171657562256,-5.210730075836182,-1.816238045692444,classical,0
classical.00046,4,-103.56803131103516,135.3499755859375,-26.19485092163086,13.576953887939451,-0.0199074372649192,8.43242359161377,-13.22006607055664,-3.1063761711120605,-4.942863464355469,2.331157922744751,classical,0
classical.00046,5,-93.57476043701172,140.4245147705078,-27.05155563354492,17.901798248291016,-4.189029216766357,7.245357036590576,-9.92953872680664,-0.1033935397863388,-8.290968894958496,-1.5147767066955566,classical,0
classical.00046,6,-85.47081756591797,128.4230194091797,-36.40145111083984,20.05240821838379,-10.765169143676758,1.1689271926879885,-10.869012832641602,-1.070243000984192,-7.6649489402771,-2.238194465637207,classical,0
classical.00046,7,-76.65911865234375,117.24626922607422,-36.34609222412109,21.572847366333008,-7.896677017211914,5.118344306945801,-12.1351900100708,-0.7855924963951111,-10.76639461517334,-4.3602399826049805,classical,0
classical.00046,8,-75.40037536621094,117.2576141357422,-39.99388885498047,26.0105094909668,-8.4098482131958,3.8145711421966553,-15.451642990112305,-2.0215814113616943,-7.20474100112915,1.563287615776062,classical,0
classical.00046,9,-93.60134887695312,130.98858642578125,-37.53712463378906,24.25079917907715,-10.553412437438965,-2.6067769527435303,-14.268492698669434,-5.483392238616943,-8.763264656066895,-0.67269366979599,classical,0
classical.00047,0,-439.7346496582031,159.55331420898438,-24.273012161254883,19.005918502807617,-2.518817186355591,-9.152344703674316,-7.080624103546143,-9.811086654663086,-17.041223526000977,-9.44986343383789,classical,0
classical.00047,1,-408.3226623535156,158.50868225097656,-18.027149200439453,29.799781799316406,1.8184356689453125,1.387756109237671,-3.4095022678375244,0.4214659929275512,-4.722841262817383,-0.6111265420913696,classical,0
classical.00047,2,-468.9353332519531,155.93539428710938,-19.665700912475582,25.748872756958008,5.976069927215576,1.2067068815231323,-2.859526395797729,-3.25876522064209,-8.707521438598633,-2.5755910873413086,classical,0
classical.00047,3,-404.3495788574219,161.09381103515625,-22.283510208129883,22.68292808532715,-4.101101875305176,-5.142751216888428,-6.634822368621826,-4.5623979568481445,-9.097808837890623,-6.972939968109131,classical,0
classical.00047,4,-387.148193359375,140.06216430664062,-35.61198806762695,23.111305236816406,-9.110164642333984,-4.0823516845703125,-13.671469688415527,-5.820880889892578,-8.582343101501465,-9.219805717468262,classical,0
classical.00047,5,-319.9677429199219,150.18869018554688,-32.52484130859375,26.841583251953125,-6.550397396087647,-5.165733814239502,-15.054972648620604,-6.165452003479004,-16.088417053222656,-14.610687255859377,classical,0
classical.00047,6,-424.97015380859375,165.95074462890625,-21.046606063842773,21.529172897338867,1.862322807312012,-3.101247549057007,-5.59296989440918,-6.423824787139893,-18.179950714111328,-18.365556716918945,classical,0
classical.00047,7,-504.2340087890625,161.00106811523438,-10.886771202087402,-3.082942485809326,12.907572746276855,9.357861518859863,-5.535700798034668,2.5353927612304688,-1.744496464729309,-1.8937013149261477,classical,0
classical.00047,8,-512.0801391601562,154.82688903808594,1.2430737018585205,13.626786231994627,16.404071807861328,9.846665382385254,-7.355414390563965,-5.103057384490967,-10.096035957336426,0.7599514126777649,classical,0
classical.00047,9,-494.8026428222656,136.69744873046875,-17.017871856689453,21.15750503540039,13.830840110778809,9.606308937072754,2.127208948135376,-8.015068054199219,-6.920535564422607,1.2019692659378052,classical,0
classical.00048,0,-115.61351013183594,148.31126403808594,-16.10234832763672,5.238472938537598,8.083770751953125,11.372669219970703,-12.000990867614746,-16.24283790588379,-4.172390937805176,4.750403881072998,classical,0
classical.00048,1,-131.933349609375,165.1083221435547,-7.498673915863037,11.511598587036133,2.904129981994629,12.539695739746094,-11.151680946350098,-9.567134857177734,-1.1936354637145996,8.188352584838867,classical,0
classical.00048,2,-154.6178436279297,203.40538024902344,-32.20815658569336,18.064987182617188,11.263450622558594,10.424866676330566,-6.153268337249756,-4.675498008728027,-0.4782876968383789,7.355813503265381,classical,0
classical.00048,3,-133.63043212890625,197.0879821777344,-46.79419708251953,24.810422897338867,1.474864840507507,2.1280713081359863,-3.029979467391968,-6.137354850769043,-6.735995769500732,4.261238098144531,classical,0
classical.00048,4,-83.8517837524414,151.4861297607422,-31.88375473022461,31.81086158752441,4.741631507873535,12.285755157470703,-1.5660768747329712,0.3896173238754272,-6.246923446655273,1.258643627166748,classical,0
classical.00048,5,-20.964576721191406,78.036376953125,-25.739444732666016,27.207887649536133,-8.350769996643066,6.318874835968018,-4.117119312286377,-0.0047996519133448,-11.029399871826172,3.870784759521485,classical,0
classical.00048,6,-5.619263172149658,74.45594024658203,-24.15755844116211,25.09571647644043,-11.641098022460938,1.5448791980743408,-6.080034732818604,-1.158449649810791,-11.688204765319824,1.9992992877960205,classical,0
classical.00048,7,-63.89489364624024,116.6467056274414,-28.928897857666016,30.261892318725582,-4.078540802001953,6.418627738952637,-3.5023860931396484,-0.4290418922901153,-7.25726318359375,7.352996826171875,classical,0
classical.00048,8,-254.29867553710935,173.88221740722656,-14.20474910736084,-6.624147415161133,-15.574960708618164,-12.417816162109377,-10.238542556762695,-1.365657091140747,7.635658264160156,16.520206451416016,classical,0
classical.00048,9,-273.2525939941406,178.2299346923828,10.98210620880127,7.270040512084961,-3.782214403152466,-8.195182800292969,-13.050454139709473,-11.10197925567627,-17.374061584472656,-4.727385997772217,classical,0
classical.00050,0,-404.3157653808594,143.9272918701172,-12.80410861968994,51.56261444091797,4.819939613342285,2.822762250900269,0.0260606035590171,0.2965089380741119,-2.1611242294311523,-4.895121097564697,classical,0
classical.00050,1,-597.0823974609375,117.61754608154295,7.231416702270508,37.426856994628906,15.424277305603027,7.316176414489746,5.897346496582031,4.350889205932617,1.383647084236145,-2.323442220687866,classical,0
classical.00050,2,-476.28216552734375,133.61631774902344,-17.941429138183594,43.79659652709961,5.354817867279053,1.1062474250793457,-2.268402099609375,-0.2885429561138153,-2.327406167984009,-4.788970947265625,classical,0
classical.00050,3,-469.1756591796875,162.84164428710938,-7.811986923217773,42.00966644287109,6.680825233459473,2.8440442085266118,-0.6780612468719482,-0.4289454519748688,-0.3233388662338257,-2.0197913646698,classical,0
classical.00050,4,-469.2771606445313,161.9473876953125,-6.989360332489014,48.44270706176758,10.697952270507812,7.384941577911377,2.607327461242676,3.2274112701416016,2.805991172790528,-2.4659359455108643,classical,0
classical.00050,5,-457.6577453613281,155.3404541015625,-13.101000785827637,45.1509017944336,8.916645050048828,5.124632835388184,1.817110300064087,3.135996103286743,-1.5145576000213623,-5.210583209991455,classical,0
classical.00050,6,-443.5625,157.6138458251953,-13.778316497802734,44.09956359863281,4.601897239685059,3.236374855041504,-3.5569334030151367,-5.157580375671387,-5.65150260925293,-4.733855724334717,classical,0
classical.00050,7,-428.8565979003906,166.7351837158203,-15.945425033569336,43.35373306274414,3.915975332260132,2.1158273220062256,-4.992757320404053,-8.011428833007812,-4.604071140289307,-3.4814462661743164,classical,0
classical.00050,8,-384.7525939941406,167.4514923095703,-20.49856948852539,41.87483215332031,-0.3806367218494415,2.566803455352783,-6.690871238708496,-8.443477630615234,-8.633147239685059,-6.12188720703125,classical,0
classical.00050,9,-362.8797607421875,149.8313446044922,-26.530372619628903,44.38385009765625,1.8915530443191528,6.089195728302002,-7.366164207458496,-5.233091354370117,-4.11487340927124,-6.881789684295654,classical,0
classical.00052,0,-179.31039428710938,100.0082778930664,4.664013862609863,20.481054306030277,7.933934688568115,13.59158706665039,-0.0497945919632911,4.495290279388428,-1.466982126235962,5.047787189483643,classical,0
classical.00052,1,-168.17637634277344,101.15985870361328,-3.7392666339874263,25.14875602722168,7.898173809051514,9.833839416503906,0.9568824172019958,0.5187720656394958,-2.499534368515014,3.560565233230591,classical,0
classical.00052,2,-102.16429138183594,91.06224822998048,3.6990268230438232,14.551891326904297,1.0274701118469238,11.31374740600586,1.1047296524047852,0.3853202164173126,1.8892970085144043,4.9105305671691895,classical,0
classical.00052,3,-112.53689575195312,102.1791534423828,0.4408193826675415,17.866886138916016,-1.0916883945465088,13.0059175491333,-0.4830244779586792,-0.1357515156269073,-1.4263087511062622,3.020700693130493,classical,0
classical.00052,4,-214.3160400390625,76.17832946777344,-39.6601791381836,6.517967700958252,-7.790198802947998,2.592163562774658,-3.93337607383728,2.043975830078125,-17.16841697692871,-20.50531768798828,classical,0
classical.00052,5,-279.3525390625,67.91898345947266,-33.17319869995117,9.386247634887695,-7.754227638244629,-5.2580108642578125,-2.276666641235352,-2.546236515045166,-11.68577003479004,-13.725041389465332,classical,0
classical.00052,6,-95.6532974243164,93.54011535644533,3.214805603027344,16.27478790283203,-1.3743306398391724,13.247632026672363,1.5095453262329102,-3.405440330505371,0.4330568313598633,3.987767219543457,classical,0
classical.00052,7,-126.8123779296875,106.00167083740234,-8.185904502868652,18.913360595703125,-1.7937742471694946,12.311985969543455,-1.4393354654312134,-0.0513292588293552,-3.3268747329711914,-0.963649332523346,classical,0
classical.00052,8,-226.6529235839844,66.51173400878906,-41.77556228637695,4.275411605834961,-10.27218246459961,0.2529663145542145,-4.157196521759033,1.615192413330078,-17.90489387512207,-19.38947868347168,classical,0
classical.00052,9,-361.3763732910156,65.32785034179688,-43.960487365722656,16.024866104125977,-9.512725830078123,-6.739616394042969,-0.9886922836303712,4.594940662384033,-7.9524312019348145,-16.863916397094727,classical,0
classical.00053,0,-101.89521026611328,154.91763305664062,-47.282527923583984,28.580371856689453,-3.995560884475708,12.876222610473633,-1.3571557998657229,4.510553359985352,-6.413140296936035,5.1544575691223145,classical,0
classical.00053,1,-103.94992065429688,139.04541015625,-36.53097152709961,26.126686096191406,-3.958855628967285,15.646037101745604,-2.0747087001800537,0.6201574802398682,-7.811209678649902,4.558695793151856,classical,0
classical.00053,2,-123.22312927246094,141.04151916503906,-55.39477157592773,17.754228591918945,-15.289756774902344,2.2219974994659424,-14.27900505065918,-6.327247142791748,-12.100117683410645,0.482733279466629,classical,0
classical.00053,3,-105.3381576538086,140.28857421875,-61.08194732666016,17.854320526123047,-17.093908309936523,3.888938188552856,-12.78383445739746,-4.403660297393799,-11.39529037475586,0.343167632818222,classical,0
classical.00053,4,-193.0706024169922,165.8931884765625,-48.31651306152344,10.381378173828123,-0.2890225946903229,5.124151229858398,-2.600351572036743,-1.0412259101867676,-6.398138046264648,2.6431589126586914,classical,0
classical.00053,5,-97.92640686035156,153.77987670898438,-45.995513916015625,34.640045166015625,-6.581714630126953,18.06936264038086,-0.0907775312662124,6.077348709106445,-6.179232120513916,6.4515910148620605,classical,0
classical.00053,6,-76.79644012451172,131.590087890625,-34.53118896484375,27.6275691986084,-8.356757164001465,15.897652626037598,-2.3062984943389893,4.570637702941895,-6.637028694152832,5.878656387329102,classical,0
classical.00053,7,-173.0880889892578,186.7335662841797,-40.55972671508789,26.0979118347168,4.4137725830078125,11.44033908843994,4.5768256187438965,0.9267683029174804,-2.3578414916992188,7.105438709259033,classical,0
classical.00053,8,-110.77472686767578,151.97219848632812,-40.0404052734375,31.547622680664062,-4.484456539154053,15.53835678100586,-0.672929048538208,3.158221483230591,-6.326245307922363,3.9615445137023926,classical,0
classical.00053,9,-109.37892150878906,136.04925537109375,-27.386064529418945,29.08394432067871,-3.8567416667938232,10.954526901245115,-0.8841475248336792,3.1204278469085693,-3.198993682861328,10.699152946472168,classical,0
classical.00054,0,-111.0330810546875,127.52659606933594,-29.060768127441406,19.70095443725586,-15.63532543182373,-7.349086284637451,0.5261878371238708,4.234129905700684,-1.985336780548096,27.09096908569336,classical,0
classical.00054,1,-212.48590087890625,77.83125305175781,-54.28722381591797,23.82390022277832,-33.78656005859375,-22.18898200988769,11.8616943359375,-17.209115982055664,-25.28252410888672,25.69701766967773,classical,0
classical.00054,2,-179.20724487304688,126.22866821289062,-25.58290672302246,26.974632263183597,-5.186295032501221,-8.923680305480957,-22.65949058532715,26.61086654663086,-2.012490749359131,-11.26898193359375,classical,0
classical.00054,3,-86.8627700805664,115.72664642333984,-40.31207275390625,22.79522705078125,-0.411242663860321,-2.9475138187408447,-26.96401023864746,33.1422119140625,-2.331406831741333,-13.727471351623535,classical,0
classical.00054,4,-78.6442642211914,139.0623779296875,-46.19536590576172,34.637847900390625,15.815476417541504,-2.614111423492432,-24.104825973510746,23.852771759033203,-5.536243438720703,-11.427452087402344,classical,0
classical.00054,5,-75.23225402832031,136.93585205078125,-49.7120361328125,34.851600646972656,16.251649856567383,-0.7036832571029663,-26.969356536865234,18.75701332092285,-9.6214599609375,-4.178512096405029,classical,0
classical.00054,6,-78.884033203125,139.56591796875,-55.07304000854492,41.0251350402832,16.857999801635742,-2.101612329483032,-20.484567642211918,18.125961303710938,-6.348243236541748,-3.8909528255462646,classical,0
classical.00054,7,-67.610595703125,130.40786743164062,-50.28125762939453,33.61497116088867,12.262435913085938,2.555204391479492,-21.7562198638916,15.99030590057373,-11.58047103881836,-8.44732666015625,classical,0
classical.00054,8,-75.88335418701172,133.7891082763672,-51.03777313232422,36.0432243347168,10.386673927307127,-2.209560871124268,-17.682937622070312,9.662667274475098,-12.806556701660156,-2.6688337326049805,classical,0
classical.00054,9,-96.51950073242188,150.4573974609375,-53.145145416259766,41.706764221191406,24.3989200592041,-2.0816495418548584,-15.27532958984375,15.14276885986328,-4.043320655822754,-7.219853401184082,classical,0
classical.00055,0,-495.4980773925781,100.43077850341795,-15.396563529968262,25.521011352539062,1.6390148401260376,-5.227552890777588,-9.847622871398926,-3.1136279106140137,-11.145275115966797,-12.376988410949709,classical,0
classical.00055,1,-569.708984375,96.65814971923828,-10.475407600402832,30.053760528564453,14.48146629333496,7.247564315795898,-1.5078790187835691,-0.9799405932426452,-7.019233703613281,-8.282357215881348,classical,0
classical.00055,2,-563.302001953125,130.3326873779297,-15.59129524230957,19.457744598388672,9.287163734436035,0.4343405365943908,0.8148021101951599,-1.706629753112793,-3.3020172119140625,3.295860290527344,classical,0
classical.00055,3,-610.2099609375,165.14263916015625,32.52461624145508,-2.668342113494873,-7.513396739959717,-1.029613733291626,-0.6730076670646667,-2.1625239849090576,-10.08694076538086,-11.253005027770996,classical,0
classical.00055,4,-539.8238525390625,165.97190856933594,19.96597671508789,-1.5773814916610718,-4.45811128616333,-3.038182258605957,-3.401524782180786,-8.419168472290039,-13.759284973144531,-14.945076942443848,classical,0
classical.00055,5,-445.8780517578125,173.98097229003906,-14.765172004699709,16.305721282958984,4.19619607925415,-0.9750094413757324,-10.056446075439451,-9.647543907165527,-4.9325995445251465,-0.484352707862854,classical,0
classical.00055,6,-420.3361206054688,182.43719482421875,-17.21660804748535,8.790268898010254,-0.0509596765041351,-0.8420243263244629,-3.957254648208618,-6.1474785804748535,-12.68336296081543,-2.8768985271453857,classical,0
classical.00055,7,-429.9969787597656,187.2527618408203,-1.439568042755127,7.456936359405518,8.344943046569824,-5.790453910827637,-5.9644646644592285,-12.773844718933104,-17.24547004699707,-11.553603172302246,classical,0
classical.00055,8,-447.2887573242188,172.41091918945312,-12.22411823272705,9.616918563842772,4.610448360443115,8.363631248474121,-0.0712076053023338,-6.005992889404297,-13.98991870880127,-6.910101413726807,classical,0
classical.00055,9,-412.95318603515625,190.49270629882807,-20.21977996826172,5.095070838928223,-6.285939693450928,-3.781189441680908,-5.924745082855225,-9.070024490356444,-14.057780265808104,-11.143607139587402,classical,0
classical.00056,0,-95.2097625732422,143.81021118164062,-45.38976287841797,37.900047302246094,3.3917429447174072,-3.295128345489502,3.71960973739624,14.556326866149902,-14.487213134765623,7.641393661499023,classical,0
classical.00056,1,-70.60421752929688,127.98258972167967,-41.39789962768555,37.416141510009766,4.889235496520996,-4.690149784088135,-1.7167009115219116,7.197707176208496,-18.04286003112793,3.660573959350586,classical,0
classical.00056,2,-116.3978500366211,135.8233184814453,-36.507232666015625,29.94581413269043,-0.7096872329711914,-10.599035263061523,4.2230658531188965,16.25603485107422,-15.859977722167969,-0.9961172342300416,classical,0
classical.00056,3,-85.75334930419922,137.01988220214844,-39.12846374511719,30.16168785095215,7.159066200256348,1.340756893157959,2.802531480789185,11.670068740844728,-12.963897705078123,1.0190011262893677,classical,0
classical.00056,4,-50.4676399230957,121.6667709350586,-36.23971557617188,33.166439056396484,-2.208912849426269,-2.325246334075928,-2.820499897003174,5.209789752960205,-15.085859298706056,-1.081709623336792,classical,0
classical.00056,5,-64.19650268554688,134.61798095703125,-42.56947326660156,39.4705810546875,9.18990993499756,-0.434853196144104,2.9978835582733154,3.677059650421143,-15.514937400817873,5.194616794586182,classical,0
classical.00056,6,-117.42998504638672,139.01812744140625,-45.92379760742188,29.173080444335938,7.877640247344971,-2.1336021423339844,-1.3765881061553955,5.347090244293213,-15.920381546020508,2.174194574356079,classical,0
classical.00056,7,-78.36486053466797,116.8167495727539,-50.20653533935547,23.59652137756348,11.432260513305664,-11.160009384155272,-12.636890411376951,4.751124382019043,-29.0843448638916,1.6232576370239258,classical,0
classical.00056,8,-55.94742202758789,112.09577941894533,-45.974735260009766,30.48358917236328,9.745772361755373,-12.647015571594238,-12.968534469604492,-3.407858371734619,-24.84071159362793,5.745651721954346,classical,0
classical.00056,9,-75.21597290039062,123.95494079589844,-41.54349136352539,39.82683563232422,5.415320873260498,-18.512453079223636,-5.4620513916015625,8.35487174987793,-24.296995162963867,0.6747496128082275,classical,0
classical.00057,0,-430.9455261230469,186.08621215820312,10.749984741210938,16.127851486206055,-5.010997772216797,0.6600803136825562,-2.9534590244293213,0.9013137817382812,1.221651554107666,-4.268237113952637,classical,0
classical.00057,1,-388.4314270019531,74.20652770996094,-25.527305603027344,1.1802988052368164,-7.555476665496826,2.2520995140075684,10.180537223815918,-6.885375022888184,-17.291210174560547,-12.258670806884766,classical,0
classical.00057,2,-421.9096984863281,133.85926818847656,-24.75626373291016,-1.1984877586364746,2.1211721897125244,4.941015243530273,2.559752941131592,8.433890342712402,-26.86042594909668,-32.83354568481445,classical,0
classical.00057,3,-423.7697143554688,84.84890747070312,-32.957698822021484,10.788848876953123,4.084512710571289,10.484618186950684,-2.2746407985687256,2.859380006790161,-4.779735088348389,-6.777674198150635,classical,0
classical.00057,4,-416.9081726074219,130.95947265625,-28.542709350585938,-5.936151027679443,-8.166617393493652,-1.94251549243927,-6.300087928771973,16.310659408569336,-2.504615545272827,-19.98537254333496,classical,0
classical.00057,5,-378.0412902832031,97.64673614501952,-44.74949645996094,3.716943264007568,-3.4057881832122803,3.112413167953491,5.586145877838135,10.223671913146973,-5.208144187927246,-6.948551177978516,classical,0
classical.00057,6,-320.4940490722656,93.93292236328124,-15.209487915039062,9.97504425048828,-1.870086431503296,2.194256067276001,-1.8698383569717407,2.1633141040802,-1.61120867729187,-2.3812382221221924,classical,0
classical.00057,7,-314.6488037109375,105.9839324951172,-2.183075428009033,30.206592559814453,1.3454322814941406,8.19107437133789,0.439667284488678,5.268418312072754,-1.8072714805603027,-2.457813262939453,classical,0
classical.00057,8,-321.8787841796875,120.034912109375,-15.706149101257324,20.45661354064941,-2.254538059234619,11.086012840270996,0.4295747578144073,7.8462419509887695,1.610906958580017,-3.5121543407440186,classical,0
classical.00057,9,-258.60650634765625,113.01422882080078,-15.685051918029783,21.85693359375,-0.3562430143356323,1.3129768371582031,0.3728009164333343,5.325989723205566,1.874561071395874,-2.1604855060577397,classical,0
classical.00058,0,-346.7784118652344,160.31727600097656,-3.1216557025909424,20.77968978881836,6.704705238342285,4.432079792022705,3.583010673522949,-11.345352172851562,-9.723695755004885,9.305208206176758,classical,0
classical.00058,1,-301.0860595703125,182.7610626220703,-19.654521942138672,6.249039649963379,1.728916049003601,1.832599401473999,10.393796920776367,2.850956916809082,-16.90074348449707,-17.81179428100586,classical,0
classical.00058,2,-338.3799133300781,181.29991149902344,0.0870234593749046,6.654681205749512,4.493600368499756,3.479033708572388,-1.5665277242660522,-10.979405403137209,-15.766907691955566,-13.584230422973633,classical,0
classical.00058,3,-419.3695373535156,154.4900360107422,26.56060791015625,11.76790714263916,13.526269912719728,9.368026733398438,4.793307304382324,-4.505064010620117,-7.307892322540283,-5.652164936065674,classical,0
classical.00058,4,-380.1506652832031,147.97911071777344,3.724672079086304,19.11683654785156,10.924485206604004,2.554837465286255,2.252328872680664,-10.42741870880127,-8.150195121765137,14.013999938964844,classical,0
classical.00058,5,-362.0092468261719,148.85565185546875,-1.205363392829895,14.596858024597168,3.289714097976685,4.562636375427246,2.2232789993286133,-6.333415508270264,-3.505134105682373,7.752674102783203,classical,0
classical.00058,6,-354.10125732421875,150.31295776367188,-5.6358137130737305,15.275700569152832,4.979593753814697,7.342520713806152,5.230685710906982,-2.72343373298645,-5.652177810668945,-1.1001310348510742,classical,0
classical.00058,7,-316.2667541503906,154.6466827392578,-21.07207489013672,20.460493087768555,0.7045565843582153,5.094106674194336,1.7927650213241575,-2.0165929794311523,-3.027743339538574,-3.9847919940948486,classical,0
classical.00058,8,-330.9288330078125,170.46939086914062,-10.892556190490724,15.475713729858398,2.312095165252685,2.5890417098999023,7.098445892333984,-19.461782455444336,-12.680294036865234,0.8412038683891296,classical,0
classical.00058,9,-343.4252319335937,169.71653747558594,-5.869292736053467,9.585223197937012,8.683035850524902,-5.356456279754639,-5.7230305671691895,-6.401784420013428,3.899450063705444,7.387130737304687,classical,0
classical.00059,0,-240.4696350097656,154.1152801513672,-20.218971252441406,33.39140319824219,-6.974847793579102,3.6896626949310303,-11.296675682067873,-8.738914489746094,-9.563220977783203,-2.0264389514923096,classical,0
classical.00059,1,-155.7089080810547,141.84744262695312,-36.24871444702149,28.865234375,-5.3795485496521,-3.4746248722076416,-9.858712196350098,-7.824961185455322,-6.735756874084473,-6.068655967712402,classical,0
classical.00059,2,-133.87142944335938,136.73536682128906,-48.12284851074219,25.261293411254883,-2.495361089706421,-2.3390886783599854,-9.338397979736328,-5.369574546813965,-4.816463470458984,-6.143839359283447,classical,0
classical.00059,3,-166.6969757080078,145.33529663085938,-46.854679107666016,20.80706214904785,-5.905833721160889,-1.696161150932312,-8.241009712219238,-3.6894609928131104,-5.5786967277526855,-5.374639511108398,classical,0
classical.00059,4,-151.96678161621094,133.6719207763672,-43.440731048583984,20.123851776123047,-5.2216572761535645,-3.222142457962036,-9.692747116088867,-4.958232402801514,-4.901909828186035,-6.28621244430542,classical,0
classical.00059,5,-163.5776824951172,132.33642578125,-48.20564651489258,22.18183898925781,-4.344943046569824,-2.62369441986084,-7.188063621520996,-3.155171632766724,-6.723814010620117,-7.832421779632568,classical,0
classical.00059,6,-165.45631408691406,136.55169677734375,-45.35193634033203,19.859115600585938,-6.769114971160889,-3.929950714111328,-9.588323593139648,-8.189003944396973,-9.495205879211426,-2.146793842315674,classical,0
classical.00059,7,-258.9822692871094,124.83617401123048,-13.516634941101074,23.08631706237793,-9.575947761535645,-6.25685453414917,-9.915143966674805,-11.7252779006958,-10.333561897277832,-4.184414386749268,classical,0
classical.00059,8,-295.5721130371094,139.35186767578125,-19.787368774414062,31.547401428222656,-5.388611793518066,-0.6252808570861816,-9.416253089904783,-8.464022636413574,-8.4266996383667,-5.950521469116211,classical,0
classical.00059,9,-244.2327880859375,140.52154541015625,-29.450315475463867,35.8858757019043,-6.589687824249268,-1.6583620309829712,-13.539688110351562,-10.786492347717283,-11.1995210647583,-8.8097562789917,classical,0
classical.00060,0,-161.41360473632812,113.21725463867188,-31.550630569458008,18.130285263061523,-3.2009568214416504,-9.098161697387695,-12.78757667541504,-6.755095958709717,-7.236500740051269,-3.4535818099975586,classical,0
classical.00060,1,-178.15264892578125,113.01726531982422,-28.562068939208984,20.235441207885746,-3.317321538925171,-6.868897914886475,-10.823225021362305,-4.8217058181762695,-9.13219928741455,-8.453197479248047,classical,0
classical.00060,2,-209.8550262451172,130.98731994628906,-11.122504234313965,16.890539169311523,-6.686829566955566,-0.1637318283319473,-10.898707389831545,-3.973920583724976,-7.694632053375244,-3.5082449913024902,classical,0
classical.00060,3,-185.11436462402344,131.38623046875,-15.925765991210938,17.527246475219727,-6.39427661895752,0.094212107360363,-10.494088172912598,-3.5977914333343506,-7.020796775817871,-3.170121431350708,classical,0
classical.00060,4,-169.7515411376953,127.90966033935548,-38.369022369384766,19.087247848510746,-6.390270233154297,-1.1578274965286257,-9.817152976989746,-6.1955342292785645,-6.3219990730285645,-4.341598033905029,classical,0
classical.00060,5,-170.29005432128906,121.34346771240234,-36.6480827331543,16.893020629882812,-4.01085376739502,-0.4616493582725525,-10.563726425170898,-4.236246109008789,-9.277177810668944,-5.581537246704102,classical,0
classical.00060,6,-188.962890625,143.0907440185547,-47.54490661621094,15.919191360473633,-8.341971397399902,-3.2931010723114014,-9.254417419433594,-7.048491477966309,-6.4770379066467285,-7.533483982086182,classical,0
classical.00060,7,-156.8984375,129.70071411132812,-46.1041259765625,17.774534225463867,-7.058852195739746,-0.6465306282043457,-11.772241592407228,-6.226250648498535,-8.350544929504395,-4.4999165534973145,classical,0
classical.00060,8,-113.85910034179688,102.701416015625,-31.43256950378418,11.872532844543455,-4.01294469833374,-1.2206110954284668,-6.442563056945801,-3.6882882118225098,-2.3008220195770264,-5.122250556945801,classical,0
classical.00060,9,-129.10159301757812,109.35659790039062,-34.2996940612793,13.28652572631836,-4.334376811981201,-1.0835304260253906,-5.202327728271484,-1.983109951019287,-5.542593955993652,0.6034888625144958,classical,0
classical.00061,0,-423.0887756347656,173.07115173339844,5.271674156188965,26.82746315002441,30.336015701293945,21.211645126342773,0.848338782787323,-9.501940727233888,-7.447732925415039,-4.088956832885742,classical,0
classical.00061,1,-346.5133361816406,157.5518341064453,-5.348479747772217,20.525373458862305,16.380720138549805,10.312666893005373,0.5452476143836975,-7.09314489364624,-4.292436599731445,-5.764725685119629,classical,0
classical.00061,2,-297.3901672363281,156.26429748535156,-32.4403076171875,24.92029571533203,5.15480375289917,-3.1649370193481445,-1.1504414081573486,-8.01669979095459,-5.689516544342041,-11.733339309692385,classical,0
classical.00061,3,-293.3882751464844,140.6017303466797,-14.614242553710938,19.076927185058597,7.181197643280029,4.770024299621582,-1.0565617084503174,-1.8291078805923464,-3.4138028621673584,-4.137918472290039,classical,0
classical.00061,4,-286.05908203125,158.73211669921875,-31.882827758789062,21.411455154418945,4.138175010681152,-3.916745185852051,-3.5706467628479004,-9.582440376281738,-5.574399948120117,-11.412802696228027,classical,0
classical.00061,5,-268.8157653808594,152.5243377685547,-30.57262420654297,19.318613052368164,7.317039966583252,-0.2303070127964019,-1.8067526817321775,-11.831975936889648,-8.134986877441406,-11.049105644226074,classical,0
classical.00061,6,-214.73214721679688,122.993896484375,-11.06890106201172,26.28595924377441,3.8755507469177246,8.59885025024414,-1.4041752815246582,-1.1208786964416504,-6.233782768249512,-3.6280126571655273,classical,0
classical.00061,7,-243.8428192138672,143.8671417236328,-28.346635818481445,25.65338897705078,-3.13103985786438,3.637258768081665,-7.771716117858887,-3.929640769958496,-8.617255210876465,-3.411484956741333,classical,0
classical.00061,8,-195.1953125,145.14215087890625,-35.27277374267578,26.41354751586914,1.8721935749053955,4.143192291259766,-1.925888538360596,-1.2316774129867554,-3.2761027812957764,-3.7864327430725098,classical,0
classical.00061,9,-188.7215118408203,159.88832092285156,-40.27159881591797,20.51771354675293,-3.16078782081604,-1.8186887502670288,-7.900174617767334,-4.290320873260498,-3.916905641555786,-6.5750508308410645,classical,0
classical.00062,0,-183.7868194580078,130.58192443847656,-21.03957748413086,23.765382766723636,4.86686897277832,5.272390365600586,-12.450379371643066,1.8680161237716677,-4.456563472747803,-3.766692638397217,classical,0
classical.00062,1,-163.91632080078125,125.94232177734376,-20.45451164245605,18.48866844177246,5.322820663452148,4.937962532043457,-14.73404598236084,0.1108035445213317,-3.014524459838867,-3.1625123023986816,classical,0
classical.00062,2,-203.65533447265625,125.72715759277344,-27.2530460357666,7.819672107696533,9.198211669921877,10.468087196350098,-9.291090965270996,-3.701006412506104,-5.6486921310424805,-2.231074571609497,classical,0
classical.00062,3,-145.34573364257812,124.381103515625,-29.02312660217285,8.424382209777832,4.975168704986572,4.442595481872559,-12.087623596191406,-1.7946507930755615,-4.319296360015869,-0.8254594802856445,classical,0
classical.00062,4,-384.91888427734375,108.8759994506836,5.813371181488037,13.357818603515623,7.2515153884887695,4.4049153327941895,0.0650209859013557,3.2063536643981934,2.381281852722168,0.6255590319633484,classical,0
classical.00062,5,-464.6763000488281,157.2196502685547,10.66069793701172,24.71242904663086,20.655183792114254,4.158295154571533,-0.0427309460937976,2.397957324981689,6.924964427947998,-0.2426319420337677,classical,0
classical.00062,6,-426.4229431152344,162.1027374267578,-4.0152201652526855,26.76710700988769,14.666358947753906,-1.9208015203475952,-1.2711257934570312,2.253426313400269,4.55878496170044,-4.054306507110596,classical,0
classical.00062,7,-409.4613037109375,154.9886474609375,-6.366573333740234,26.924819946289062,12.784818649291992,-1.0851490497589111,-0.840094804763794,2.7263357639312744,2.843910217285156,-4.910257816314697,classical,0
classical.00062,8,-355.7669982910156,149.99002075195312,-22.65784072875977,22.693758010864254,5.909754276275635,2.483410596847534,-3.2430036067962646,-2.483104705810547,-4.496791839599609,0.2063363343477249,classical,0
classical.00062,9,-336.2867736816406,148.13626098632812,-25.164213180541992,23.43560791015625,8.337596893310547,1.7947964668273926,-2.6305625438690186,-1.4737236499786377,-6.862611770629883,-1.0442390441894531,classical,0
classical.00063,0,-475.0751953125,185.5523834228516,61.846004486083984,9.882293701171877,3.3659377098083496,2.709954023361206,-3.168812990188598,-7.964733123779297,-13.093371391296388,-13.74610710144043,classical,0
classical.00063,1,-479.1781921386719,177.6503448486328,58.5437126159668,14.7543306350708,10.100109100341797,4.786371231079102,-3.003849983215332,-4.434950351715088,-5.909062385559082,-9.05096435546875,classical,0
classical.00063,2,-454.11431884765625,189.4264678955078,43.95817947387695,5.464968681335449,8.725147247314453,0.7222768664360046,-6.082676887512207,-4.584678649902344,-8.84465503692627,-14.904134750366213,classical,0
classical.00063,3,-446.9027099609375,190.7681884765625,43.443092346191406,8.249603271484375,6.528050899505615,-4.50379753112793,-9.637691497802734,-6.539408206939697,-8.93557071685791,-12.25448226928711,classical,0
classical.00063,4,-415.5823364257813,198.8700408935547,30.839252471923828,5.848911762237549,8.527605056762695,-1.1137793064117432,-6.305595397949219,-10.797408103942873,-13.08499240875244,-13.486299514770508,classical,0
classical.00063,5,-469.5225830078125,182.79885864257807,53.44320297241211,10.454824447631836,9.341323852539062,2.475949048995972,-4.565229892730713,-5.00331974029541,-10.882012367248535,-13.140585899353027,classical,0
classical.00063,6,-498.7412109375,173.48374938964844,75.86353302001953,19.68136405944824,4.25668478012085,2.6194894313812256,-4.215152263641357,-6.732183456420898,-8.754510879516602,-10.369093894958496,classical,0
classical.00063,7,-521.950439453125,154.87515258789062,74.5688705444336,20.78700256347656,0.447025716304779,0.9612496495246888,-0.857367753982544,-1.7581640481948853,-1.5580886602401731,-2.04255747795105,classical,0
classical.00063,8,-459.8601684570313,196.79771423339844,56.61541748046875,-2.0393033027648926,-2.143501281738281,1.7021358013153076,-4.073667526245117,-3.83478569984436,-2.6617722511291504,-2.889766216278076,classical,0
classical.00063,9,-463.0361633300781,184.4053192138672,57.36247634887695,15.788835525512695,6.535801410675049,0.1241891682147979,-1.1827888488769531,-5.790962219238281,-9.853922843933104,-6.666525363922119,classical,0
classical.00064,0,-551.684326171875,125.41500854492188,79.53742218017578,37.51024627685547,8.237591743469238,-1.3465590476989746,-6.430543422698975,-6.296252250671387,-5.859817981719971,-3.9697341918945312,classical,0
classical.00064,1,-506.9933776855469,149.62208557128906,54.572208404541016,15.837654113769531,7.929161548614502,2.555180788040161,-5.0159912109375,-8.125236511230469,-8.169462203979492,-6.196675777435303,classical,0
classical.00064,2,-455.2958068847656,174.76414489746094,29.54374313354492,-1.060701608657837,2.934348821640014,-2.6134555339813232,-10.317502975463867,-9.52950954437256,-5.604300022125244,0.1042640134692192,classical,0
classical.00064,3,-406.7523498535156,178.048583984375,4.489468574523926,3.220831155776977,-4.631971836090088,-9.195849418640137,-9.203434944152832,-9.175932884216309,-2.879795789718628,7.471436977386475,classical,0
classical.00064,4,-409.8923950195313,167.5379180908203,6.286905765533447,0.7153195142745972,-10.863773345947266,-9.30462646484375,-10.391915321350098,-6.214527130126953,5.460641860961914,14.579598426818848,classical,0
classical.00064,5,-489.0802917480469,152.9020538330078,34.68048477172852,4.562314987182617,7.334465980529785,5.876159191131592,-2.529287338256836,-7.458460807800293,-3.5992674827575684,2.514132022857666,classical,0
classical.00064,6,-554.8203125,119.37965393066406,68.8177261352539,28.257959365844727,7.705130577087402,4.996912479400635,0.3899745047092438,-2.7941324710845947,-1.547024846076965,0.3521015048027038,classical,0
classical.00064,7,-559.9136962890625,112.6506576538086,66.41556549072266,29.092140197753903,8.00829029083252,2.610747575759888,-1.116288423538208,-0.0186403132975101,2.3818588256835938,1.242787480354309,classical,0
classical.00064,8,-537.503173828125,131.39901733398438,66.37403869628906,22.777751922607425,5.239567756652832,2.4493300914764404,-3.806553840637207,-8.538543701171875,-8.184952735900879,-1.2700235843658447,classical,0
classical.00064,9,-508.4950866699219,149.10011291503906,54.31666946411133,10.72330379486084,-2.60034441947937,-4.868612289428711,-3.5234124660491943,-3.6417856216430655,-9.984611511230469,-14.184006690979004,classical,0
classical.00065,0,-485.3861389160156,169.87452697753906,53.81618881225586,2.7574565410614014,0.6260871291160583,-1.5375251770019531,-13.60513401031494,-14.10111141204834,-9.8532133102417,-9.968534469604492,classical,0
classical.00065,1,-452.2214050292969,178.361328125,34.594482421875,0.4822441637516022,2.090282678604126,-4.875191688537598,-14.70609188079834,-10.03209114074707,-2.549882650375366,-4.328568935394287,classical,0
classical.00065,2,-411.5186767578125,194.311279296875,16.740215301513672,-4.320107460021973,4.607430458068848,-6.113678932189941,-14.829044342041016,-7.095333576202393,-3.1790053844451904,-6.116847991943359,classical,0
classical.00065,3,-455.9098205566406,179.979248046875,34.127254486083984,-7.888785362243652,-4.483999729156494,-5.428899765014648,-9.057245254516602,-5.768921852111816,-4.189316749572754,-5.473938941955566,classical,0
classical.00065,4,-459.37396240234375,170.17874145507812,35.57124328613281,-1.586447834968567,-1.3424588441848757,0.0390574522316455,-8.715764045715332,-16.099578857421875,-15.313881874084473,-8.63420581817627,classical,0
classical.00065,5,-482.3841857910156,168.7868194580078,45.871856689453125,-6.378700733184815,-3.953644275665283,1.337329387664795,-9.10634422302246,-15.933283805847168,-14.8823823928833,-9.430562019348145,classical,0
classical.00065,6,-500.44476318359375,159.98326110839844,55.63933181762695,-3.288461923599243,-11.281124114990234,0.720171332359314,0.1696079522371292,-8.041358947753906,-17.51643943786621,-19.70662879943848,classical,0
classical.00065,7,-412.6214294433594,197.17144775390625,18.221649169921875,-12.895431518554688,-6.518794059753418,-3.3511619567871094,-4.6244049072265625,-3.051439046859741,-3.097611904144287,-8.122539520263672,classical,0
classical.00065,8,-324.8836364746094,199.70892333984372,-21.63260078430176,5.901785373687744,-1.9434579610824585,-6.38948392868042,-11.553203582763672,-11.947734832763672,-3.21028733253479,-4.811008930206299,classical,0
classical.00065,9,-306.49908447265625,197.2482452392578,-24.856834411621094,2.8291990756988525,-15.447056770324709,-15.57519245147705,-9.362810134887695,-13.240830421447754,-0.7101618051528931,-4.80741548538208,classical,0
classical.00066,0,-472.047119140625,125.034423828125,4.5241475105285645,24.539356231689453,16.092308044433594,0.8253256678581238,1.6493288278579712,1.3006296157836914,-4.845142364501953,-0.0832066461443901,classical,0
classical.00066,1,-432.3968811035156,172.4304656982422,18.31660270690918,1.358473539352417,-0.0368314310908317,-13.740155220031738,-16.812232971191406,-18.864978790283203,-13.03183364868164,-6.755061149597168,classical,0
classical.00066,2,-460.6260986328125,170.54141235351562,44.7769889831543,4.995244026184082,0.0451285727322101,-4.943274974822998,-11.13887882232666,-17.014442443847656,-19.17732810974121,-16.740394592285156,classical,0
classical.00066,3,-449.9619140625,186.5509033203125,36.182498931884766,-3.5200514793396,-1.948985457420349,-6.5642499923706055,-14.760770797729492,-14.29393482208252,-10.627185821533203,-7.27187967300415,classical,0
classical.00066,4,-431.1062622070313,186.6603240966797,29.658456802368164,4.268811225891113,-1.1744182109832764,-8.050281524658203,-9.989107131958008,-11.91757106781006,-7.924991607666016,-3.612280130386353,classical,0
classical.00066,5,-501.57763671875,164.30137634277344,68.08455657958984,11.135342597961426,-2.2054922580718994,-1.050675392150879,-8.070968627929688,-12.177251815795898,-12.337197303771973,-11.800395965576172,classical,0
classical.00066,6,-461.8753051757813,186.92208862304688,50.36928939819336,-4.646228790283203,-5.749775409698486,-2.86506724357605,-9.9527006149292,-13.298145294189451,-11.881488800048828,-8.106964111328125,classical,0
classical.00066,7,-427.483642578125,197.78689575195312,32.33528518676758,-3.397881031036377,1.070473551750183,-3.637262344360352,-7.062370300292969,-6.06387996673584,-7.106512546539307,-9.167253494262695,classical,0
classical.00066,8,-379.6302185058594,203.50205993652344,21.118276596069336,2.8646576404571533,0.1197395771741867,-10.770973205566406,-13.06850814819336,-8.468350410461426,-5.472490310668945,-8.515857696533203,classical,0
classical.00066,9,-314.3082275390625,210.00003051757807,-8.647671699523926,9.426468849182127,-0.4670485258102417,-4.550661087036133,-9.399036407470703,-10.34990692138672,-13.177099227905272,-14.769333839416504,classical,0
classical.00067,0,-547.6114501953125,123.3678970336914,65.05574035644531,25.904651641845703,11.201735496520996,9.915811538696287,3.821160554885864,-1.6529439687728882,-4.4901862144470215,-4.378091812133789,classical,0
classical.00067,1,-461.5885314941406,181.82080078125,46.01282501220703,1.5533992052078247,5.70200252532959,-1.2550060749053955,-14.546745300292969,-14.510098457336426,-11.790290832519531,-9.12440299987793,classical,0
classical.00067,2,-480.6806640625,171.18710327148438,56.60923385620117,8.392935752868652,2.8302783966064453,0.1655016392469406,-6.254485607147217,-8.15354061126709,-10.245097160339355,-8.430251121520996,classical,0
classical.00067,3,-439.8050537109375,186.4973602294922,36.51726531982422,4.508852481842041,6.413907527923584,-0.7680748701095581,-8.677021026611328,-11.972319602966309,-10.130648612976074,-9.709179878234863,classical,0
classical.00067,4,-477.0591430664063,159.99432373046875,44.78007888793945,9.509807586669922,2.8332302570343018,-0.4230576753616333,-7.410299777984619,-10.6657075881958,-7.113821983337402,-2.1416940689086914,classical,0
classical.00067,5,-526.7457885742188,133.48980712890625,60.61475372314453,15.86830711364746,1.2791213989257812,-0.2145881056785583,-2.55185604095459,-0.494789719581604,-0.3378033638000488,-4.121071815490723,classical,0
classical.00067,6,-578.4051513671875,88.84196472167969,59.3015022277832,28.77849006652832,9.449127197265623,4.61190938949585,3.5825417041778564,5.142897605895996,4.043627262115479,0.2425250709056854,classical,0
classical.00067,7,-291.9700012207031,180.1006317138672,-14.732518196105955,11.382875442504885,-8.083050727844238,-10.666465759277344,-12.567837715148926,-9.10219955444336,-2.2774314880371094,-0.7109847664833069,classical,0
classical.00067,8,-266.8451538085937,184.24876403808597,-25.093276977539062,15.381586074829102,-12.35720920562744,-11.580596923828123,-13.56175708770752,-11.318900108337402,-0.7977155447006226,-1.1271347999572754,classical,0
classical.00067,9,-265.8162841796875,187.22206115722656,-22.748748779296875,12.242302894592283,-7.949808597564697,-6.736045837402344,-13.359442710876465,-18.68429374694824,-11.103331565856934,-6.806077480316162,classical,0
classical.00068,0,-216.8891143798828,122.22073364257812,-45.18014526367188,18.55465316772461,-9.02724552154541,-2.9489734172821045,-3.706577062606812,-3.813589334487915,-1.7802692651748655,-0.0237231906503438,classical,0
classical.00068,1,-221.97520446777344,131.2027587890625,-35.026947021484375,22.749774932861328,-7.498837471008301,-6.5218915939331055,-6.749850749969482,-4.406684875488281,-7.428563594818115,-1.474476933479309,classical,0
classical.00068,2,-210.75802612304688,120.36517333984376,-43.991790771484375,15.519832611083984,-12.415940284729004,-4.483734607696533,-5.793328285217285,-5.430788516998291,-2.52294397354126,0.5515555143356323,classical,0
classical.00068,3,-320.8105163574219,151.01527404785156,-41.974002838134766,22.44217300415039,-1.182796835899353,0.4499256908893585,-4.934193134307861,-3.2557499408721924,-1.5141197443008425,-1.272313952445984,classical,0
classical.00068,4,-319.4931640625,143.20120239257812,-44.185455322265625,17.245929718017578,-5.912840843200684,-4.6417741775512695,-3.885073661804199,0.6858267188072205,-2.319211959838867,-3.132049798965454,classical,0
classical.00068,5,-297.2980651855469,148.9189910888672,-41.34782791137695,21.429094314575195,-3.2692654132843018,0.9554357528686525,1.4933894872665403,-0.1143668815493583,-2.341827392578125,1.4204208850860596,classical,0
classical.00068,6,-201.0175628662109,130.2037353515625,-42.89133834838867,19.883623123168945,-10.577982902526855,-5.6211419105529785,-3.015933036804199,-10.147120475769045,-17.93536949157715,-4.395085334777832,classical,0
classical.00068,7,-189.22303771972656,128.505126953125,-42.21121597290039,21.60075187683105,-9.864035606384276,-7.737501621246338,-4.791013240814209,-8.867124557495117,-16.59893798828125,-6.351365089416504,classical,0
classical.00068,8,-166.80426025390625,124.52809143066406,-41.75371170043945,17.15666961669922,-12.160667419433594,-7.538836002349853,-8.965556144714355,-8.400948524475098,-7.910677433013916,-0.170245885848999,classical,0
classical.00068,9,-205.8587188720703,119.27767181396484,-30.750564575195312,27.056997299194336,-5.057257175445557,-4.229726791381836,-2.0655128955841064,6.81527042388916,6.76694917678833,3.1277480125427246,classical,0
classical.00069,0,-274.2206115722656,113.23762512207033,-37.28093338012695,31.582921981811523,-1.4547758102416992,-2.0151538848876958,-5.441940307617188,-4.971354007720947,-0.0827784612774849,7.2993083000183105,classical,0
classical.00069,1,-285.26568603515625,132.4646453857422,-36.93035507202149,27.989967346191406,-4.753472805023193,-0.1618939936161041,1.402168869972229,-0.6302910447120667,2.399735689163208,5.146897315979004,classical,0
classical.00069,2,-312.0081481933594,131.4088592529297,-32.292213439941406,30.226673126220703,-1.6562392711639404,0.4631156325340271,-3.4258008003234863,-6.379650592803955,-8.45799446105957,-5.382826805114746,classical,0
classical.00069,3,-282.0341796875,145.72219848632812,-37.18128967285156,31.59334373474121,-6.44273853302002,-1.3269975185394287,-3.109216690063477,-2.0463967323303223,-1.299623966217041,-3.715960502624512,classical,0
classical.00069,4,-357.78082275390625,158.12818908691406,-37.25827407836914,36.65867233276367,-1.237025260925293,-1.0474804639816284,-0.3991765081882477,-1.5046663284301758,4.95382022857666,1.8044673204422,classical,0
classical.00069,5,-356.6549377441406,130.87081909179688,-27.21613883972168,29.375469207763672,1.887817621231079,4.046184062957764,0.0622227303683757,-0.2779552638530731,0.7098237872123718,-1.3848565816879272,classical,0
classical.00069,6,-314.70269775390625,139.66160583496094,-25.4472713470459,37.480655670166016,3.74772572517395,6.959432601928711,3.5080246925354004,1.9875907897949217,-2.046534299850464,1.8884121179580688,classical,0
classical.00069,7,-307.8924255371094,146.81051635742188,-34.05182266235352,32.06521224975586,3.5378119945526123,6.455582618713379,5.513769149780273,0.8548757433891296,-0.9049865007400512,-2.0428788661956787,classical,0
classical.00069,8,-365.6021118164063,147.5789031982422,-27.307016372680664,28.95646858215332,-2.783931970596313,-3.4617202281951904,-0.1558450609445572,-1.4484773874282837,-2.956609010696411,-3.947719097137451,classical,0
classical.00069,9,-361.1510009765625,136.48040771484375,-5.007577896118164,33.34040069580078,2.8883697986602783,1.2280192375183103,2.2373898029327397,5.605111122131348,3.2212231159210205,-1.4865440130233765,classical,0
classical.00070,0,-461.2180786132813,143.4214324951172,2.0586905479431152,30.78434944152832,9.22680950164795,1.990065097808838,1.832417130470276,0.9647156000137328,-1.3733339309692385,-3.0787715911865234,classical,0
classical.00070,1,-249.74295043945312,137.09341430664062,-28.763748168945312,21.502429962158203,-6.995316028594971,-6.511441707611084,-4.892048358917236,-5.838592529296875,-4.618847370147705,-2.9059157371521,classical,0
classical.00070,2,-300.7087707519531,145.42225646972656,-23.44183349609375,23.14916229248047,0.9760341048240662,-1.9366936683654783,1.0857737064361572,0.0507426336407661,4.138021945953369,8.897958755493164,classical,0
classical.00070,3,-382.0448913574219,152.53646850585938,-31.614580154418945,25.734066009521484,-2.8427658081054688,-2.825793027877808,-1.297546148300171,-1.1121368408203125,0.3719381392002105,5.881880760192871,classical,0
classical.00070,4,-371.0531005859375,146.06646728515625,-25.86351585388184,23.13422203063965,-3.4077041149139404,-3.2629432678222656,-0.8351797461509705,-1.261804699897766,-0.3698565065860748,6.153759956359863,classical,0
classical.00070,5,-309.5444641113281,134.1614227294922,-18.911659240722656,24.0452823638916,-1.7833244800567627,-2.2017204761505127,0.925917148590088,3.921311378479004,3.985310316085816,3.807480812072754,classical,0
classical.00070,6,-317.1572570800781,127.89828491210938,-22.79110145568848,21.71305084228516,-5.730686664581299,-5.925221920013428,-0.7207064032554626,-0.8770551085472107,-3.70835542678833,-4.020701408386231,classical,0
classical.00070,7,-309.0396728515625,136.87442016601562,-23.52044677734375,26.513578414916992,0.1526537388563156,-0.4074873626232147,4.041429996490479,3.2990269660949707,-4.956364631652832,-3.888187885284424,classical,0
classical.00070,8,-313.8302917480469,137.41253662109375,-25.773481369018555,25.157649993896484,-2.892298936843872,-3.32007098197937,-3.7709264755249023,-8.933752059936523,-10.868976593017578,-6.326816082000732,classical,0
classical.00070,9,-253.11688232421875,151.39637756347656,-23.680063247680664,25.9263973236084,-1.4344890117645264,-2.033583402633667,2.0271456241607666,1.511707425117493,-3.2756335735321045,-5.051385402679443,classical,0
classical.00071,0,-247.4217529296875,141.78797912597656,-31.87782096862793,20.059350967407227,-1.245585799217224,-3.643043279647827,-3.2433555126190186,-4.552955150604248,1.362017035484314,3.1032235622406006,classical,0
classical.00071,1,-190.88961791992188,150.41006469726562,-31.963184356689453,23.6165828704834,-7.155576705932617,-8.877405166625977,-10.572250366210938,-14.210000038146973,-11.227951049804688,-7.158146858215332,classical,0
classical.00071,2,-233.862060546875,157.7758026123047,-31.789461135864254,20.68553924560547,-3.541860580444336,-6.116433620452881,-4.891922950744629,-10.480825424194336,-10.644659042358398,-4.6533203125,classical,0
classical.00071,3,-292.85894775390625,156.45594787597656,-31.392032623291016,39.48101043701172,1.9853079319000244,-1.003880262374878,0.0493515022099018,-0.5409221649169922,3.5474655628204346,-3.460059642791748,classical,0
classical.00071,4,-251.76963806152344,145.1290283203125,-32.99713134765625,34.551883697509766,-0.0808689966797828,-4.232699871063232,-1.18465256690979,-2.437577962875366,-0.8378608822822571,-5.914309501647949,classical,0
classical.00071,5,-216.6842193603516,125.71371459960938,-32.23147964477539,26.301424026489254,-4.2275710105896,-7.394675731658935,-5.158859252929688,-3.0884816646575928,-3.3370630741119385,-5.046452522277832,classical,0
classical.00071,6,-321.8291015625,129.7694091796875,-15.262945175170898,23.076269149780277,-1.2123892307281494,-4.543600082397461,4.3569769859313965,17.956817626953125,16.253847122192383,3.193987369537353,classical,0
classical.00071,7,-308.7049865722656,114.95096588134766,-25.705867767333984,33.77210998535156,-1.6802253723144531,-0.8055235743522644,-0.2922257781028747,5.135693550109863,5.134800910949707,-3.929231882095337,classical,0
classical.00071,8,-304.0920715332031,137.35507202148438,-29.346826553344727,35.08150863647461,-0.3709860742092132,-1.4511958360671997,-0.9863580465316772,0.3352555632591247,-2.503441095352173,-3.719196081161499,classical,0
classical.00071,9,-365.3198852539063,159.0884246826172,-28.7415771484375,36.23973846435547,1.83536958694458,-1.8280450105667116,0.52210932970047,2.604419469833374,-3.539529800415039,-7.4301323890686035,classical,0
classical.00072,0,-316.1480712890625,151.6024627685547,-14.662834167480469,31.054988861083984,6.824706077575684,-1.113305926322937,3.67753529548645,5.848557949066162,0.68580162525177,-7.516873836517334,classical,0
classical.00072,1,-290.3769836425781,152.97084045410156,-14.712719917297363,36.11050033569336,6.359564304351807,-0.5368890762329102,2.4051432609558105,5.887916088104248,3.017417907714844,-2.314524412155152,classical,0
classical.00072,2,-427.0669555664063,124.1426239013672,-6.921197891235352,43.90955352783203,8.464434623718262,3.441908121109009,4.333277225494385,3.918612957000733,3.703559160232544,6.410030364990234,classical,0
classical.00072,3,-389.7457275390625,143.54827880859375,-10.546738624572754,30.55228042602539,4.303524017333984,-3.861387729644776,-2.609647750854492,2.496066808700561,4.585458755493164,1.247666597366333,classical,0
classical.00072,4,-387.3982849121094,124.72399139404295,-16.12496566772461,32.58101272583008,5.951270580291748,-1.6040370464324951,-1.1476439237594604,0.432186096906662,0.0831156820058822,0.297672688961029,classical,0
classical.00072,5,-329.64794921875,131.6338348388672,-15.17542839050293,39.42247772216797,9.389449119567873,0.4681293070316314,1.5613086223602295,4.67043399810791,6.766791343688965,5.966219902038574,classical,0
classical.00072,6,-338.9232177734375,136.8219757080078,-21.67792510986328,32.9938850402832,-0.83531254529953,-5.663230419158936,-1.9284933805465696,3.967587471008301,7.241090774536133,4.921550273895264,classical,0
classical.00072,7,-391.5587768554688,149.78106689453125,-4.801148414611816,37.355125427246094,11.387167930603027,2.862888097763061,1.2304855585098269,5.944201469421387,6.076937675476074,0.6009036898612976,classical,0
classical.00072,8,-356.8280639648437,141.15931701660156,-19.363296508789062,32.2464714050293,7.828048706054687,-1.997683048248291,0.2048174887895584,4.838174819946289,2.9966044425964355,-0.2136614322662353,classical,0
classical.00072,9,-389.0396118164063,150.78118896484375,-20.01819229125977,32.120086669921875,6.833161354064941,-3.1305716037750244,-1.325832724571228,4.80790376663208,3.144819974899292,0.1767890602350235,classical,0
classical.00073,0,-317.8282470703125,144.035888671875,-36.56687927246094,12.589529037475586,-1.5685310363769531,-5.059307098388672,-5.937070846557617,-16.58430290222168,-13.846394538879396,-1.7739611864089966,classical,0
classical.00073,1,-272.5611877441406,160.29074096679688,-28.750852584838867,22.92205810546875,3.455760955810547,-2.392688512802124,-3.3999948501586914,-7.317593097686768,-7.690008640289307,-3.735912084579468,classical,0
classical.00073,2,-241.6598052978516,136.5941619873047,-42.49017333984375,19.2525634765625,-8.76081371307373,-5.591274738311768,-5.821613788604736,-4.805304050445557,-5.232361316680908,2.4034461975097656,classical,0
classical.00073,3,-332.8694152832031,149.8538360595703,-31.19559097290039,28.42779541015625,3.350846767425537,0.6166785955429077,2.3807387351989746,-0.5086106657981873,-2.124234914779663,-0.2512714564800262,classical,0
classical.00073,4,-371.0398864746094,179.82925415039062,-6.607492446899414,-9.441808700561523,-16.67436408996582,-26.030075073242188,-17.204172134399414,-13.97980785369873,-8.369155883789062,2.31998348236084,classical,0
classical.00073,5,-320.9253845214844,157.15171813964844,-42.4082145690918,3.3456735610961914,-17.8413028717041,-16.8652286529541,-10.613584518432615,-21.61813735961914,-11.230853080749512,3.690155982971192,classical,0
classical.00073,6,-301.9878234863281,167.24539184570312,-28.24608993530273,26.91351318359375,5.929832935333252,-3.3050808906555176,2.9532978534698486,-3.288555860519409,1.554180145263672,-0.2612841427326202,classical,0
classical.00073,7,-285.904052734375,153.60009765625,-27.501998901367188,22.18442726135254,-6.485559940338135,-7.902409553527832,-6.051837921142578,-11.322442054748535,-9.590245246887209,1.2220661640167236,classical,0
classical.00073,8,-265.068115234375,153.72767639160156,-32.91057205200195,21.298545837402344,-7.27211332321167,-8.533676147460938,-7.360535144805908,-11.941359519958496,-10.44165325164795,1.6723170280456543,classical,0
classical.00073,9,-371.1123046875,154.22328186035156,-19.830341339111328,31.249835968017575,3.3916516304016118,-7.796790599822998,-6.669712543487549,-5.65823221206665,-4.706972599029541,-2.368316173553467,classical,0
classical.00074,0,-197.9707794189453,134.67709350585938,-33.162818908691406,18.316049575805664,-0.9580361247062684,0.6196151971817017,-3.811314105987549,-6.826622486114502,-10.801002502441406,-2.479396104812622,classical,0
classical.00074,1,-321.5912170410156,168.53565979003906,-21.361373901367188,30.814735412597656,3.457093954086304,-0.2025510370731353,-0.7920066118240356,0.0760004520416259,1.3529633283615112,-2.659553289413452,classical,0
classical.00074,2,-317.2763671875,162.3856964111328,-27.96543884277344,26.228864669799805,-0.1985374987125396,-1.9413713216781616,-0.6023622751235962,-3.584695816040039,-3.621028900146485,-2.8085882663726807,classical,0
classical.00074,3,-284.133056640625,165.2006072998047,-26.588809967041016,24.42464637756348,0.899753987789154,-2.3605499267578125,-0.0843764096498489,-3.4316635131835938,-4.895280361175537,-1.7767295837402344,classical,0
classical.00074,4,-374.6710205078125,141.6241912841797,-31.109588623046875,27.96851348876953,-0.4163054227828979,-13.574406623840332,-2.9000465869903564,-3.44761323928833,0.302216112613678,-1.487135410308838,classical,0
classical.00074,5,-322.20361328125,150.0890350341797,-29.10758399963379,26.78790855407715,0.3583787083625793,-6.161056518554688,-4.864682197570801,-4.29445219039917,-5.415772438049316,-5.541234970092773,classical,0
classical.00074,6,-385.3145446777344,129.59194946289062,-40.65361404418945,27.62530517578125,-11.082401275634766,-10.405684471130373,-5.560598373413086,-0.7248853445053101,1.3000154495239258,-0.4987236559391022,classical,0
classical.00074,7,-313.7347412109375,133.97943115234375,-28.914356231689453,24.603370666503903,-6.844855308532715,-13.507074356079102,-5.3070902824401855,-6.18236255645752,-7.265785694122314,-7.935629367828369,classical,0
classical.00074,8,-212.79898071289065,142.74606323242188,-24.983285903930664,28.324831008911133,-8.00391674041748,-4.587316989898682,-4.218818187713623,-0.0859142914414405,-0.3397452533245086,-4.235681056976318,classical,0
classical.00074,9,-184.54856872558597,137.25985717773438,-29.5274600982666,24.20134925842285,-2.8096606731414795,-0.9937502145767212,-4.997411727905273,-3.1185381412506104,-2.391914367675781,-1.2299604415893557,classical,0
classical.00075,0,-379.1556701660156,122.38783264160156,-25.060941696166992,36.799835205078125,3.7680394649505615,-6.726599216461182,2.5613837242126465,6.48281192779541,4.971351623535156,4.777831554412842,classical,0
classical.00075,1,-329.6651916503906,142.5514373779297,-28.753433227539062,33.697452545166016,-3.1044766902923584,-9.002799034118652,-4.917789459228516,-1.0712411403656006,1.2822352647781372,0.2421292811632156,classical,0
classical.00075,2,-445.8357543945313,126.25548553466795,-14.424189567565918,37.94404220581055,9.605814933776855,-0.9958993792533876,-2.540102005004883,-2.0624022483825684,1.6868854761123655,12.359682083129885,classical,0
classical.00075,3,-465.8722839355469,131.75714111328125,-17.4967041015625,37.29205322265625,9.209792137145996,-2.5678510665893555,1.4528896808624268,4.6021037101745605,-2.5564610958099365,-2.38966965675354,classical,0
classical.00075,4,-461.5191040039063,130.4226531982422,-9.92142105102539,31.6731071472168,17.108356475830078,-2.168620586395264,9.304197311401367,9.369905471801758,4.904605865478516,-3.084843397140503,classical,0
classical.00075,5,-454.8692626953125,140.07266235351562,-21.738306045532227,35.88108444213867,10.384650230407717,-4.589698791503906,6.661604881286621,1.5198575258255005,1.0654382705688477,-5.4657135009765625,classical,0
classical.00075,6,-427.28125,162.52371215820312,-22.90156555175781,37.349891662597656,6.447522163391113,0.96173894405365,6.574044227600098,4.057319641113281,3.217534303665161,-3.722020149230957,classical,0
classical.00075,7,-385.3201293945313,161.35528564453125,-31.96523094177246,41.65890502929688,2.852033853530884,-1.275828242301941,-0.2040751576423645,-6.218447685241699,2.4498291015625,1.3296847343444824,classical,0
classical.00075,8,-363.3993225097656,159.99497985839844,-38.77949905395508,41.24673843383789,0.0470811836421489,-0.3786106705665588,4.507951736450195,-0.639154851436615,3.743760585784912,-2.839583158493042,classical,0
classical.00075,9,-445.85400390625,161.47132873535156,-24.814836502075195,39.24533462524414,4.734478950500488,-0.1066430285573005,6.801049709320068,-0.3249022364616394,6.467334747314453,0.5234160423278809,classical,0
classical.00076,0,-195.01025390625,146.28392028808594,-25.49233055114746,29.041038513183597,-4.275843620300293,-6.144966125488281,-5.37086296081543,-4.879055976867676,-5.940892696380615,-1.828193187713623,classical,0
classical.00076,1,-160.03671264648438,154.8807830810547,-37.779327392578125,23.16783332824707,-9.35769271850586,-7.905149459838867,-6.719801902770996,-8.700662612915039,-8.074748039245605,-0.1007921397686004,classical,0
classical.00076,2,-184.84796142578125,161.38768005371094,-29.17510223388672,23.367172241210938,-3.5516579151153564,-4.292302131652832,-3.864267587661743,-3.240821361541748,-4.304392337799072,-2.382606506347656,classical,0
classical.00076,3,-224.9759979248047,167.8966522216797,-27.83544158935547,28.923738479614254,1.1890230178833008,-5.731811046600342,-5.161294460296631,-2.412993907928467,-0.6031472086906433,-3.644521474838257,classical,0
classical.00076,4,-219.8408660888672,164.76100158691406,-35.43207550048828,31.673526763916016,-1.1982182264328003,-4.946696758270264,-3.5967442989349365,-4.98958158493042,-3.120563745498657,-4.546818733215332,classical,0
classical.00076,5,-213.77957153320312,134.96456909179688,-37.160888671875,31.0455265045166,-6.530494213104248,-0.8134048581123352,1.0915229320526123,-5.812987327575684,-5.553195476531982,-4.554757595062256,classical,0
classical.00076,6,-219.5273895263672,150.74142456054688,-33.001983642578125,26.529905319213867,1.3415391445159912,0.136733129620552,-0.9514946341514589,-4.318675994873047,-4.982175827026367,-0.3360783457756042,classical,0
classical.00076,7,-340.7827453613281,132.2559356689453,-25.345125198364254,36.20940399169922,2.037980079650879,0.993094563484192,-1.054652214050293,-2.467764377593994,-4.989081859588623,-6.161067962646484,classical,0
classical.00076,8,-304.4863586425781,153.4128875732422,-30.24040031433105,29.234508514404297,0.6436344385147095,-2.0049870014190674,-3.075422525405884,-3.1390442848205566,-4.156397342681885,-4.667788028717041,classical,0
classical.00076,9,-333.1146545410156,148.79458618164062,-22.24536895751953,36.12205505371094,1.8660067319869995,-0.94714617729187,1.44974684715271,-0.0599354654550552,-2.757331371307373,-3.925370454788208,classical,0
classical.00077,0,-527.0807495117188,159.75636291503906,4.692504405975342,1.690096735954285,-2.673715591430664,-25.98789405822754,-20.476449966430664,-16.162639617919922,-24.009078979492188,-18.81648826599121,classical,0
classical.00077,1,-567.4022827148438,151.25381469726562,14.54324436187744,7.565889358520508,3.788714647293091,-12.543078422546388,-12.334808349609377,-15.052943229675291,-16.701318740844727,-15.584206581115724,classical,0
classical.00077,2,-522.4160766601562,146.3617706298828,4.679854393005371,-4.603557586669922,-4.833240509033203,-20.309511184692383,-15.943312644958496,-13.89298152923584,-24.491533279418945,-17.64669418334961,classical,0
classical.00077,3,-498.0953674316406,168.94699096679688,3.9419095516204834,4.434171199798584,-1.2084054946899414,-16.600446701049805,-22.790781021118164,-17.607141494750977,-14.206315994262695,-11.553050994873049,classical,0
classical.00077,4,-536.9678344726562,153.54891967773438,-8.270317077636719,10.133662223815918,7.488803386688232,-10.11167812347412,-10.177882194519045,-6.9882917404174805,3.201422929763794,9.193368911743164,classical,0
classical.00077,5,-416.6438903808594,198.0426025390625,-24.30413627624512,0.0363666228950023,-0.77205491065979,-12.440943717956545,-17.155437469482422,-6.517013549804688,2.128586530685425,-0.5467149019241333,classical,0
classical.00077,6,-573.5728149414062,193.8418884277344,13.835637092590332,26.896385192871094,1.5744593143463137,-2.3442769050598145,-5.799830436706543,-15.805152893066406,-5.762485980987549,-7.7139482498168945,classical,0
classical.00077,7,-528.1336669921875,196.52037048339844,8.262051582336426,17.133995056152344,-0.7260532975196838,-11.054584503173828,-9.866881370544434,-12.332592964172363,-4.607406139373779,-7.985201358795166,classical,0
classical.00077,8,-425.0409240722656,170.28878784179688,8.21882438659668,22.13981437683105,4.143375873565674,-3.315414428710937,-16.142765045166016,-15.509079933166504,-12.179641723632812,-10.568731307983398,classical,0
classical.00077,9,-328.8934020996094,205.9916076660156,-24.641271591186523,29.74666404724121,6.704596519470215,-6.658592700958252,-16.639842987060547,-16.277971267700195,-10.907296180725098,-11.355645179748535,classical,0
classical.00078,0,-545.0122680664062,189.22036743164065,12.04688549041748,18.06252670288086,6.268667221069336,-7.877615928649902,-8.989821434020996,-12.76915168762207,-11.60170555114746,-12.157649040222168,classical,0
classical.00078,1,-546.9564819335938,180.3370513916016,23.46928024291992,12.53936767578125,7.722180843353271,-4.200607299804688,-3.408409833908081,-12.463316917419434,-14.704888343811035,-12.199335098266602,classical,0
classical.00078,2,-529.7603149414062,189.22218322753903,17.260648727416992,11.396817207336426,7.332759857177734,-5.010962963104248,-7.391278266906738,-14.416339874267578,-16.137842178344727,-14.585060119628906,classical,0
classical.00078,3,-535.3633422851562,203.24490356445312,17.322803497314453,16.936500549316406,-1.6377111673355105,-7.933583259582519,-4.835974216461182,-9.725784301757812,-2.648890495300293,-7.25264310836792,classical,0
classical.00078,4,-548.2056274414062,188.92349243164065,14.7001953125,16.706356048583984,-1.495691180229187,-8.145832061767578,-6.690611839294434,-12.906907081604004,-4.658462524414063,-1.7523651123046875,classical,0
classical.00078,5,-540.6649169921875,181.09371948242188,26.390241622924805,13.22399616241455,3.182228803634644,-11.825031280517578,-8.602198600769043,-11.429849624633787,-9.99886417388916,-4.545304298400879,classical,0
classical.00078,6,-556.0037231445312,188.623046875,21.989789962768555,24.416996002197266,4.9479193687438965,-13.297932624816896,-7.658546924591064,-14.06856632232666,-15.151470184326172,-15.590341567993164,classical,0
classical.00078,7,-568.1449584960938,189.43817138671875,19.26965713500977,20.5289249420166,5.1429123878479,-4.063382148742676,-2.663213014602661,-9.792604446411133,-3.5941500663757324,-11.396294593811035,classical,0
classical.00078,8,-580.6936645507812,194.8175201416016,12.651126861572266,28.48783493041992,-0.4963258504867553,-1.380193114280701,-3.422224998474121,-14.831729888916016,-9.298736572265623,-16.306421279907227,classical,0
classical.00078,9,-647.7159423828125,141.49908447265625,5.718180179595947,43.33343505859375,2.698573589324951,4.507721424102783,1.4686802625656128,-7.838441848754883,-3.1328163146972656,-9.815729141235352,classical,0
classical.00079,0,-452.4544372558594,204.1693878173828,-10.487722396850586,0.4115409255027771,-0.4631272554397583,-14.650176048278809,-14.27224826812744,-5.876415729522705,-5.171274662017822,-6.268741607666016,classical,0
classical.00079,1,-448.36083984375,196.13401794433597,-0.9593050479888916,4.798356533050537,-1.7451845407485962,-14.937749862670898,-14.808159828186035,-12.053956031799316,-8.194178581237793,-5.007575988769531,classical,0
classical.00079,2,-424.9104309082031,198.66571044921875,-0.2075550407171249,2.0269968509674072,7.887581825256348,-15.7371187210083,-16.771413803100586,-12.33828353881836,-17.055944442749023,-15.375689506530762,classical,0
classical.00079,3,-347.1547546386719,202.24313354492188,-22.10265350341797,4.1301093101501465,5.523041248321533,-9.93010139465332,-8.714032173156738,-6.077404499053955,-1.4706451892852783,1.0372593402862549,classical,0
classical.00079,4,-399.9933776855469,199.73849487304688,-29.891265869140625,1.8694831132888796,-11.724774360656738,-2.7795798778533936,-0.6941272616386414,4.027506351470947,3.487180709838867,-16.071495056152344,classical,0
classical.00079,5,-437.08441162109375,205.99710083007807,-25.04255485534668,-0.2739159166812897,-2.559720039367676,-9.946781158447266,-6.898565292358398,-8.622225761413574,-8.389691352844238,-13.326624870300291,classical,0
classical.00079,6,-420.7437438964844,196.98590087890625,-29.729196548461918,3.011926412582397,-18.93063735961914,-20.28314971923828,-16.456632614135742,0.1264939457178115,11.629721641540527,2.3583712577819824,classical,0
classical.00079,7,-541.2066040039062,198.84474182128903,2.293195962905884,8.027610778808594,-7.276676177978516,-15.08867073059082,-7.910706520080566,-5.45205020904541,1.1501234769821167,-7.264246940612793,classical,0
classical.00079,8,-546.0126342773438,184.79122924804688,-1.1580626964569092,20.71160697937012,7.647857189178467,-5.100420475006104,-8.687211990356445,-15.125561714172363,-10.808865547180176,-13.029253959655762,classical,0
classical.00079,9,-565.7390747070312,188.59735107421875,6.362092018127441,20.713258743286133,-0.6620188355445862,-9.03372287750244,-13.1256742477417,-22.054027557373047,-15.112137794494627,-15.865598678588867,classical,0
classical.00080,0,-411.9765625,201.9758453369141,-15.374232292175291,36.29248428344727,19.631866455078125,6.897889137268066,5.816294193267822,-5.205257415771484,-2.2088963985443115,1.25004243850708,classical,0
classical.00080,1,-395.8376770019531,185.71652221679688,-35.09108352661133,39.73842239379883,8.109400749206543,-1.6038973331451416,3.0051987171173096,-5.9910430908203125,-1.502394676208496,0.0163233093917369,classical,0
classical.00080,2,-513.1543579101562,180.2607879638672,-19.97823905944824,35.293060302734375,13.376482009887695,-1.9235506057739256,3.198500871658325,-6.948754787445068,-3.605273485183716,-1.297158122062683,classical,0
classical.00080,3,-597.8695068359375,155.37413024902344,9.53006649017334,38.2320671081543,11.972770690917969,2.090582609176636,0.3304739594459533,-8.426770210266113,-2.3407583236694336,-1.1971112489700315,classical,0
classical.00080,4,-662.171630859375,101.1114273071289,2.500373125076294,41.77354049682617,19.12295913696289,16.994873046875,16.382741928100586,8.239554405212402,11.994179725646973,6.697503566741943,classical,0
classical.00080,5,-654.7720947265625,98.82925415039062,0.8891516327857971,38.86483383178711,17.743864059448242,18.33795547485352,16.068836212158203,9.554027557373049,11.33237361907959,8.718761444091797,classical,0
classical.00080,6,-610.7249755859375,120.6269989013672,15.543036460876465,40.81305313110352,16.790546417236328,16.581485748291016,13.178296089172363,8.666058540344238,8.915742874145508,5.632298946380615,classical,0
classical.00080,7,-556.5296630859375,174.57945251464844,26.909896850585938,28.574275970458984,6.000532627105713,4.0009355545043945,-2.4972357749938965,-9.338520050048828,-2.3432810306549072,2.460603952407837,classical,0
classical.00080,8,-569.3809814453125,176.19834899902344,34.13970184326172,35.11855697631836,4.848880767822266,-0.0465867258608341,-5.4352707862854,-10.26596450805664,-0.8775611519813538,3.342604875564575,classical,0
classical.00080,9,-538.62451171875,195.00146484375,30.491304397583008,23.74221992492676,3.5802524089813232,3.706296443939209,-4.429152965545654,-8.25322437286377,1.2629233598709106,3.7211196422576895,classical,0
classical.00081,0,-361.0973815917969,166.2027587890625,-25.561220169067383,16.658428192138672,7.592320919036865,4.360879898071289,10.494301795959473,0.7929864525794983,-2.639897108078003,-6.9090352058410645,classical,0
classical.00081,1,-394.6108703613281,169.2797393798828,-24.882835388183597,17.211305618286133,8.470014572143555,-0.5936161875724792,2.8549370765686035,0.187280386686325,-2.872514486312866,-5.999198913574219,classical,0
classical.00081,2,-417.3995361328125,170.9525604248047,-16.758014678955078,25.79342269897461,9.238408088684082,-6.687832832336426,-5.494578361511231,2.4538321495056152,0.8067265152931213,-1.6470531225204468,classical,0
classical.00081,3,-433.5733642578125,154.08236694335938,-14.113940238952637,27.06829833984375,3.816201686859131,-4.88523530960083,-6.7211594581604,-7.195372104644775,-7.920751094818115,-4.908988952636719,classical,0
classical.00081,4,-329.6202392578125,114.73212432861328,-12.440274238586426,28.36735343933105,6.4358344078063965,-4.233304023742676,-10.77861499786377,-5.65767240524292,-4.506052970886231,-4.484453678131104,classical,0
classical.00081,5,-389.7232666015625,156.9830780029297,-13.79558563232422,25.666927337646484,4.469930648803711,-9.11216163635254,-11.34871768951416,-6.584608554840088,-4.740482807159424,-2.598450183868408,classical,0
classical.00081,6,-369.2482299804688,154.74569702148438,-15.236762046813965,22.48253631591797,4.626813888549805,-8.759190559387207,-8.66148853302002,-6.408693790435791,-8.256477355957031,-6.002985954284668,classical,0
classical.00081,7,-400.4459533691406,171.1283721923828,-23.49375534057617,18.481597900390625,7.794426918029785,-7.789951801300049,-4.75103759765625,0.1705243587493896,3.522449254989624,2.657745361328125,classical,0
classical.00081,8,-347.8971862792969,151.20257568359375,-32.585201263427734,11.580056190490724,9.93649673461914,1.4018980264663696,6.554238319396973,2.0223100185394287,-5.784128665924072,-10.540102005004885,classical,0
classical.00081,9,-301.02783203125,134.7286834716797,-39.73631286621094,15.86398696899414,4.671961784362793,-1.5420825481414795,1.2967381477355957,-6.542720794677734,-10.770645141601562,-3.766436815261841,classical,0
classical.00082,0,-274.8227844238281,141.17605590820312,-56.10297393798828,9.965545654296877,-24.440689086914062,-28.287092208862305,-26.31143951416016,-30.85375213623047,-17.536113739013672,-5.07265043258667,classical,0
classical.00082,1,-228.7937164306641,130.162109375,-44.16792678833008,4.4134016036987305,-24.87740707397461,-17.82263946533203,-19.752147674560547,-16.685070037841797,-13.7990140914917,-7.647767066955566,classical,0
classical.00082,2,-230.21571350097656,104.85507202148438,-62.43793487548828,0.873447835445404,-26.05702018737793,-18.65555953979492,-12.790739059448242,-17.352909088134766,-14.716230392456056,-13.39711570739746,classical,0
classical.00082,3,-226.4521026611328,106.33071899414062,-78.37181854248047,-9.402473449707031,-32.23838806152344,-20.47173309326172,-16.098163604736328,-27.656009674072266,-15.029294967651367,-10.396437644958496,classical,0
classical.00082,4,-291.9678955078125,168.77903747558594,-31.25112533569336,11.51895523071289,-5.084598064422607,-12.138147354125977,-12.220637321472168,-11.431233406066896,-9.54377269744873,-16.081247329711914,classical,0
classical.00082,5,-260.667724609375,168.75296020507812,-47.81509017944336,15.320305824279783,-16.17965316772461,-8.35348892211914,-7.26168966293335,-16.357166290283203,-10.952326774597168,-7.9569926261901855,classical,0
classical.00082,6,-320.7522888183594,184.8399353027344,-37.95633316040039,8.215714454650879,-12.353754043579102,-8.797478675842285,-7.900319099426269,-17.46782684326172,-14.815776824951172,-10.651025772094728,classical,0
classical.00082,7,-326.2118225097656,164.3013153076172,-45.53878402709961,6.825087547302246,-15.841954231262209,-15.118879318237305,-18.849023818969727,-23.70195198059082,-26.725845336914062,-16.853899002075195,classical,0
classical.00082,8,-274.5621337890625,147.37945556640625,-51.50280380249024,5.1601738929748535,-21.960716247558597,-21.324893951416016,-17.537580490112305,-15.668169021606444,-13.050663948059082,-6.281830310821533,classical,0
classical.00082,9,-203.52659606933597,113.72570037841795,-60.896244049072266,3.882126569747925,-23.67657470703125,-16.690031051635742,-20.32085227966309,-23.013525009155277,-12.098562240600586,-2.523624420166016,classical,0
classical.00083,0,-377.50732421875,207.3700408935547,-15.877398490905762,-0.2014652341604232,4.511106491088867,-10.861973762512209,-11.332860946655272,-15.2905855178833,-10.130884170532228,-9.101113319396973,classical,0
classical.00083,1,-406.0145568847656,227.1387634277344,-10.102503776550291,7.412514209747314,-0.2466198205947876,1.3664054870605469,-8.175955772399902,-12.2266845703125,-7.1845879554748535,-8.97793197631836,classical,0
classical.00083,2,-456.2359008789063,197.34393310546875,10.808236122131348,2.5530502796173096,2.747434139251709,-6.678083896636963,-7.331355094909668,-12.106289863586426,-8.867255210876465,-7.281373977661133,classical,0
classical.00083,3,-340.6936950683594,177.426025390625,-31.991744995117188,14.00783348083496,-2.915036201477051,-8.599087715148926,-8.690385818481445,-18.29680824279785,-16.06477165222168,-14.722325325012209,classical,0
classical.00083,4,-298.451904296875,194.43777465820312,-33.29396438598633,15.556591987609863,-4.571317672729492,-12.888397216796877,-10.327466011047363,-15.3862943649292,-14.3883638381958,-14.321815490722656,classical,0
classical.00083,5,-306.5975036621094,196.33746337890625,-40.40102767944336,13.931077003479004,-7.521214962005615,-11.763864517211914,-16.955717086791992,-18.846900939941406,-16.92225456237793,-18.219301223754883,classical,0
classical.00083,6,-288.4786376953125,188.37649536132807,-43.7518310546875,11.940146446228027,-12.51677703857422,-8.36876392364502,-12.434478759765623,-19.88802528381348,-14.264636993408203,-15.312623023986816,classical,0
classical.00083,7,-254.91409301757807,178.50607299804688,-44.21293640136719,12.931541442871094,-14.518421173095703,-12.883152961730955,-13.575425148010254,-19.895553588867188,-13.055509567260742,-13.709095001220703,classical,0
classical.00083,8,-326.2121276855469,215.63677978515625,-21.85850715637207,1.1958986520767212,3.0449016094207764,-8.293011665344238,-11.908366203308104,-21.351917266845703,-12.833359718322754,-5.410965442657471,classical,0
classical.00083,9,-402.9458618164063,222.55487060546875,-14.978553771972656,14.939395904541016,-5.995739459991455,3.5581533908843994,-4.102168560028076,-15.80630588531494,-10.69493007659912,-7.130963325500488,classical,0
classical.00084,0,-458.39398193359375,187.6392974853516,-32.30615997314453,2.1308434009552,-5.223307132720947,-15.569432258605955,-15.424115180969238,-13.901958465576172,-10.66322898864746,-15.127758026123049,classical,0
classical.00084,1,-437.12994384765625,187.1316680908203,-31.810352325439453,22.071044921875,-5.7828288078308105,-14.590010643005373,-19.89450454711914,-13.876937866210938,-18.44490623474121,-14.31816577911377,classical,0
classical.00084,2,-371.5839538574219,188.5218811035156,-28.41231346130371,37.29863357543945,-5.137702465057373,6.070809841156006,-20.870662689208984,-6.4415788650512695,-10.072051048278809,-5.10458517074585,classical,0
classical.00084,3,-456.9967041015625,192.74978637695312,-37.29144287109375,21.11246681213379,11.114280700683594,5.346519470214844,-2.359047174453736,-4.969970226287842,-3.802723407745361,-11.9874906539917,classical,0
classical.00084,4,-453.7652587890625,196.0440216064453,-36.8145637512207,18.74118423461914,8.910595893859863,3.047773838043213,-3.104133367538452,-4.219465732574463,0.4330625534057617,-11.723156929016112,classical,0
classical.00084,5,-434.8585510253906,188.8868103027344,-25.214828491210938,19.004751205444336,5.500545978546143,-4.57169246673584,-8.100805282592773,-10.298070907592772,-11.310036659240724,-10.4566068649292,classical,0
classical.00084,6,-313.684814453125,180.27542114257807,-40.86759948730469,24.06692123413086,-4.547754764556885,-10.797165870666504,-10.661697387695312,-11.47400951385498,-17.926115036010742,-13.525537490844728,classical,0
classical.00084,7,-292.47711181640625,183.44720458984372,-48.32177734375,7.403725147247314,-10.0910062789917,-12.95160961151123,-11.21479320526123,-10.648706436157228,-11.526275634765623,-9.149662971496582,classical,0
classical.00084,8,-296.5607604980469,185.47042846679688,-57.07175827026367,-2.9006855487823486,-24.625919342041016,-17.87263298034668,-17.904054641723633,-12.079710006713867,-11.754762649536133,-8.899845123291016,classical,0
classical.00084,9,-279.541748046875,174.66709899902344,-54.04497528076172,-1.3766354322433472,-24.94832420349121,-16.188255310058594,-19.62628555297852,-13.615581512451172,-14.085338592529297,-10.4879732131958,classical,0
classical.00085,0,-309.0794372558594,157.071044921875,-50.05697250366211,10.758041381835938,-14.156633377075195,-9.426504135131836,-12.20657444000244,-14.132619857788086,-14.733344078063965,-11.51854419708252,classical,0
classical.00085,1,-316.09747314453125,119.06703186035156,-58.863582611083984,2.000019073486328,-14.192472457885742,-2.272781610488892,-7.033837795257568,-13.82505989074707,-10.25406551361084,-9.119423866271973,classical,0
classical.00085,2,-254.9425201416016,114.13343811035156,-45.23287963867188,6.1194024085998535,-8.422622680664062,-1.8738985061645508,-5.957464218139648,-8.651799201965332,-8.858145713806152,-12.58262825012207,classical,0
classical.00085,3,-281.4414978027344,146.71214294433594,-43.89864730834961,11.119826316833496,-10.021279335021973,-6.615999698638916,-9.439409255981444,-18.55342483520508,-13.56657600402832,-9.608196258544922,classical,0
classical.00085,4,-263.25323486328125,185.20504760742188,-41.07892608642578,12.674327850341797,-11.17056941986084,-3.6244611740112314,-8.530600547790527,-5.530938148498535,-5.687124729156494,-6.441904067993164,classical,0
classical.00085,5,-271.12823486328125,193.49822998046875,-50.62017059326172,20.880615234375,-15.353553771972656,-3.0118517875671387,-6.111139297485352,-9.488966941833496,-8.448330879211426,-5.715533256530762,classical,0
classical.00085,6,-225.71780395507807,166.12124633789062,-35.017120361328125,8.034683227539062,-12.39797019958496,-8.176040649414062,-8.533034324645996,-8.593500137329102,-8.353215217590332,-5.966670036315918,classical,0
classical.00085,7,-156.59632873535156,128.88531494140625,-26.34637451171875,18.583763122558597,-5.547112941741943,2.2357144355773926,-2.84611177444458,-0.0431135892868042,-4.587717056274414,-3.624354600906372,classical,0
classical.00085,8,-221.83889770507807,170.82286071777344,-38.3172492980957,19.6234188079834,-9.274470329284668,-1.9180593490600584,-7.087456226348877,-10.341965675354004,-9.104869842529297,-2.3155977725982666,classical,0
classical.00085,9,-166.1607208251953,122.55192565917967,-39.26620101928711,14.37834358215332,-8.243328094482422,0.3925780653953552,-6.736318588256836,-8.706480026245117,-11.737520217895508,-3.739190101623535,classical,0
classical.00086,0,-370.30804443359375,197.9002990722656,-29.262958526611328,19.772686004638672,-6.9020209312438965,-0.2644601762294769,-11.232657432556152,-11.298857688903809,-7.915882110595703,-5.186881065368652,classical,0
classical.00086,1,-342.78875732421875,182.3293609619141,-38.90918731689453,26.188383102416992,-1.6807163953781128,3.855188369750977,-10.547000885009766,-8.944226264953613,-6.78739595413208,-3.006237745285034,classical,0
classical.00086,2,-284.69512939453125,165.76878356933594,-42.85721969604492,25.923828125,-8.7804594039917,1.878362059593201,-11.263958930969238,-8.127256393432617,-10.38649082183838,-3.539405345916748,classical,0
classical.00086,3,-279.21551513671875,127.23467254638672,-26.429052352905277,31.768577575683597,-18.781879425048828,0.8232742547988892,-12.716221809387209,-3.1085782051086426,-5.713811874389648,3.292185068130493,classical,0
classical.00086,4,-208.00868225097656,126.9458236694336,-39.01812362670898,17.383312225341797,-22.48744010925293,-0.6000574231147766,-14.313728332519531,-7.727603912353516,-6.888611793518066,-5.543887615203857,classical,0
classical.00086,5,-236.94493103027344,111.38873291015624,-28.683115005493164,23.779727935791016,-16.140235900878906,-0.934393048286438,-12.51611614227295,-3.690529108047485,-8.743560791015625,-0.4448083639144897,classical,0
classical.00086,6,-270.9933166503906,164.90469360351562,-24.627880096435547,16.415491104125977,-10.188092231750488,-7.317873954772949,-10.509492874145508,-12.924230575561523,-8.732795715332031,-5.545452117919922,classical,0
classical.00086,7,-280.8159484863281,190.5005645751953,-32.19963836669922,13.898902893066406,-13.161457061767578,-8.102339744567871,-13.396121978759766,-12.274353981018066,-9.16049098968506,-7.042070865631104,classical,0
classical.00086,8,-273.73638916015625,185.96841430664065,-28.114505767822266,15.433785438537598,-10.202238082885742,-7.327633380889893,-11.644886016845703,-14.077024459838867,-11.69565486907959,-7.265162467956543,classical,0
classical.00086,9,-299.6471862792969,163.1863250732422,-23.61432456970215,10.34510326385498,-2.783220052719116,-6.383394718170166,-8.250540733337402,-11.452377319335938,-9.092430114746094,-6.703414916992188,classical,0
classical.00087,0,-429.6318359375,215.8247985839844,-14.770903587341309,14.60974407196045,-2.050846576690674,-6.960207939147949,-14.644482612609863,-10.713763236999512,-13.375324249267578,-11.094861030578612,classical,0
classical.00087,1,-448.7330017089844,212.0383758544922,-12.258036613464355,8.546662330627441,-3.843283891677856,-4.339654445648193,-10.30735206604004,-12.521244049072266,-12.96524143218994,-11.318077087402344,classical,0
classical.00087,2,-411.6281433105469,205.9816436767578,-25.89591407775879,8.253572463989258,0.7735059261322021,-5.978121280670166,-12.213558197021484,-16.944921493530273,-13.860458374023438,-5.970667839050293,classical,0
classical.00087,3,-386.7057495117188,199.74588012695312,-33.311397552490234,13.756884574890137,0.6007205843925476,-11.295125007629396,-12.3517427444458,-17.317378997802734,-15.2968111038208,-9.934436798095703,classical,0
classical.00087,4,-476.6158752441406,217.3962554931641,-3.972006559371948,16.95248031616211,-0.5357685089111328,-4.302044868469238,-11.669770240783691,-14.141209602355955,-12.352757453918455,-10.59144401550293,classical,0
classical.00087,5,-485.43359375,162.3061065673828,9.249130249023438,16.510494232177734,2.063445568084717,-7.100780010223389,-5.415130615234375,-10.594170570373535,-8.97269058227539,-5.010002613067627,classical,0
classical.00087,6,-306.9672241210937,179.65306091308594,-35.948692321777344,9.361936569213867,-7.172371864318848,-16.726499557495117,-16.34004783630371,-13.492899894714355,-5.288042068481445,-10.225760459899902,classical,0
classical.00087,7,-310.8799743652344,192.21728515625,-32.339168548583984,12.017382621765137,-2.317535638809204,-14.035655975341797,-15.348350524902344,-15.40282917022705,-4.545816421508789,-13.34015655517578,classical,0
classical.00087,8,-368.8306274414063,200.15579223632807,-16.161758422851562,16.554889678955078,3.257845640182495,-12.861454963684082,-8.344191551208496,-14.429110527038574,-7.091214179992676,-12.156185150146484,classical,0
classical.00087,9,-348.7249450683594,188.8125,-23.954668045043945,9.28470516204834,-4.146075248718262,-10.585127830505373,-11.912817001342772,-14.89272689819336,-7.756631374359131,-9.544544219970703,classical,0
classical.00088,0,-411.6959228515625,178.4395751953125,-25.7105655670166,19.464696884155277,4.268120765686035,-0.1644871681928634,-5.080000400543213,-6.513827800750732,-5.986283779144287,-9.082734107971191,classical,0
classical.00088,1,-400.9223327636719,163.27688598632812,-41.438777923583984,19.80008316040039,-9.068946838378906,-8.137845993041992,-8.299051284790039,-12.05301570892334,-16.470243453979492,-15.913179397583008,classical,0
classical.00088,2,-344.1650390625,160.8079071044922,-50.475563049316406,10.993144989013672,-12.27497386932373,-7.830709934234619,-10.125110626220703,-13.1698637008667,-12.436294555664062,-17.02047348022461,classical,0
classical.00088,3,-292.6925964355469,155.3721466064453,-45.21612930297852,12.654287338256836,-8.31594467163086,-5.177528381347656,-8.388690948486328,-11.26183032989502,-8.11858081817627,-10.103501319885254,classical,0
classical.00088,4,-285.7553405761719,162.30291748046875,-35.75286865234375,20.76240539550781,-5.300553798675537,-1.3099173307418823,-7.214752197265625,-9.329316139221191,-6.178659439086914,-4.622248649597168,classical,0
classical.00088,5,-259.6966247558594,158.78427124023438,-37.79800796508789,24.926637649536133,-7.58010721206665,0.1651153564453125,-6.620895385742188,-10.036748886108398,-4.238142013549805,-3.2240841388702397,classical,0
classical.00088,6,-294.623046875,174.85357666015625,-34.410770416259766,20.97808265686035,-6.030814170837402,-3.549556255340576,-7.270397186279297,-12.166259765625,-11.678705215454102,-7.303625583648682,classical,0
classical.00088,7,-263.8578186035156,150.94554138183594,-47.85302734375,12.958881378173828,-10.311490058898926,-3.6837680339813232,-7.110403060913086,-10.926108360290527,-11.445191383361816,-5.551302433013916,classical,0
classical.00088,8,-247.5526123046875,154.74575805664062,-46.15922546386719,18.05681037902832,-12.259674072265623,-2.3627610206604004,-9.45900821685791,-11.560013771057127,-12.791332244873049,-4.597985744476318,classical,0
classical.00088,9,-214.079833984375,142.39871215820312,-33.4300537109375,18.85917091369629,-7.365121841430664,-0.074666827917099,-6.021751880645752,-6.880048751831055,-10.22121810913086,-4.545439720153809,classical,0
classical.00089,0,-234.97308349609372,116.63786315917967,-45.01446914672852,45.80326843261719,-16.030414581298828,21.00901985168457,-15.545791625976562,25.768972396850582,-4.473070621490479,18.24073600769043,classical,0
classical.00089,1,-277.90460205078125,72.62109375,-42.17369079589844,43.42784118652344,-20.84308433532715,20.6821231842041,1.8408621549606323,53.514347076416016,12.926897048950195,12.367782592773438,classical,0
classical.00089,2,-326.0692138671875,48.6480598449707,-61.483917236328125,32.74067306518555,-20.60272979736328,13.405863761901855,5.34892463684082,62.66641998291016,32.15958404541016,24.01615524291992,classical,0
classical.00089,3,-304.7829895019531,38.05076599121094,-70.65477752685547,33.20704650878906,-23.405101776123047,15.44357967376709,3.4833765029907227,65.704345703125,30.71269798278809,18.244638442993164,classical,0
classical.00089,4,-334.32598876953125,66.10921478271484,-60.2086296081543,32.975059509277344,-16.78952407836914,19.583229064941406,4.741918563842773,47.18777847290039,17.38922119140625,25.597461700439453,classical,0
classical.00089,5,-348.31427001953125,61.6523323059082,-59.5052490234375,29.788166046142575,-18.222999572753903,20.465017318725582,5.144908428192139,49.37396240234375,12.141066551208496,20.397266387939453,classical,0
classical.00089,6,-318.8662414550781,51.138221740722656,-58.916263580322266,39.13536071777344,-21.062597274780277,21.189594268798828,-14.363012313842772,27.506738662719727,9.89754581451416,48.6335334777832,classical,0
classical.00089,7,-290.9373779296875,50.09682846069336,-62.828369140625,28.02519989013672,-29.252931594848636,15.52076530456543,-17.25743293762207,36.38581466674805,18.6895809173584,58.58815383911133,classical,0
classical.00089,8,-286.12554931640625,40.25300598144531,-68.11161041259766,28.53214836120605,-27.053884506225582,20.724872589111328,6.037024974822998,65.7030029296875,25.218299865722656,26.64631462097168,classical,0
classical.00089,9,-294.6972961425781,42.62182235717773,-72.94355773925781,29.388734817504883,-25.02531623840332,16.873512268066406,3.895209789276123,62.94900131225586,27.584693908691406,25.529468536376957,classical,0
classical.00090,0,-333.7173156738281,77.43402862548828,-41.22234725952149,26.004867553710938,-21.30434226989746,15.912650108337402,-20.12455940246582,14.90680694580078,-0.7518039345741272,39.40563583374024,classical,0
classical.00090,1,-334.64508056640625,88.23959350585938,-46.58245849609375,35.539249420166016,-18.644847869873047,7.889826774597168,-25.12753677368164,10.553680419921877,-2.5966956615448,38.88079833984375,classical,0
classical.00090,2,-318.8960266113281,77.67105102539062,-43.51573944091797,34.0150032043457,-28.735998153686523,22.22607040405273,-24.25855255126953,17.80073356628418,-13.99370002746582,32.50899124145508,classical,0
classical.00090,3,-343.593017578125,96.61231994628906,-39.66537094116211,36.37506866455078,-9.983055114746094,13.87424087524414,-19.707216262817383,10.609134674072266,-13.50013542175293,18.333738327026367,classical,0
classical.00090,4,-336.3973083496094,98.92538452148438,-49.77184677124024,32.053489685058594,-22.6103572845459,11.992530822753906,-10.31355094909668,6.120456218719482,-18.606416702270508,22.58001136779785,classical,0
classical.00090,5,-336.7110595703125,105.47200012207033,-41.3941650390625,35.59292984008789,-24.405010223388672,11.335309982299805,-16.249561309814453,9.676060676574709,-19.918163299560547,26.38940048217773,classical,0
classical.00090,6,-329.23455810546875,97.42880249023438,-48.92907333374024,45.8553581237793,-16.36697769165039,9.546526908874512,-24.08260536193848,7.696768760681152,-15.814858436584473,14.18714714050293,classical,0
classical.00090,7,-314.42926025390625,87.39038848876953,-50.54581451416016,33.693023681640625,-28.71622467041016,10.874110221862791,-16.42017364501953,15.214223861694336,-14.103137016296388,17.95166778564453,classical,0
classical.00090,8,-302.2215881347656,86.60079193115234,-46.945926666259766,29.252391815185547,-28.185443878173828,9.66384506225586,-18.095333099365234,12.75405979156494,-7.384037494659424,30.09398078918457,classical,0
classical.00090,9,-322.8622436523437,72.48003387451172,-44.24310302734375,32.824058532714844,-21.03275489807129,8.104242324829102,-12.615074157714844,15.211676597595217,-0.2770831882953644,33.42684555053711,classical,0
classical.00091,0,-208.5791473388672,99.1504898071289,-42.88708114624024,45.13414001464844,-13.115583419799805,25.281169891357425,-9.275444984436035,29.213321685791016,-1.3943179845809937,22.246898651123047,classical,0
classical.00091,1,-261.2865905761719,98.8687515258789,-45.12846374511719,45.253543853759766,-12.45961856842041,22.332639694213867,-10.924787521362305,31.408432006835938,2.7687647342681885,29.962064743041992,classical,0
classical.00091,2,-328.8231506347656,98.22769165039062,-37.45899200439453,42.6022834777832,-3.619556665420532,21.967866897583008,3.2896907329559326,31.76932144165039,0.0195556338876485,10.807058334350586,classical,0
classical.00091,3,-339.6089172363281,103.6631317138672,-34.59070587158203,40.45534896850586,-6.5640716552734375,23.264863967895508,-5.116384983062744,26.303028106689453,-3.969574451446533,14.240402221679688,classical,0
classical.00091,4,-251.4792022705078,88.5307846069336,-42.13008499145508,37.992923736572266,-17.515085220336914,22.305892944335938,-2.6786396503448486,30.049245834350582,-9.688065528869627,5.2039642333984375,classical,0
classical.00091,5,-247.4470977783203,76.4504623413086,-53.50229263305664,40.43117904663086,-13.57984733581543,30.57136344909668,-5.236096382141113,19.896921157836918,-21.15752601623535,15.952239990234377,classical,0
classical.00091,6,-235.91314697265625,74.85376739501953,-54.579097747802734,36.17339324951172,-18.90699577331543,29.13797378540039,-8.594644546508789,15.522388458251951,-27.57642936706543,19.060895919799805,classical,0
classical.00091,7,-218.58204650878903,91.76433563232422,-45.26971054077149,37.844757080078125,-20.919023513793945,22.1408634185791,-14.756489753723145,34.55060577392578,-5.132472515106201,11.207930564880373,classical,0
classical.00091,8,-233.96620178222656,84.01049041748047,-41.0389289855957,33.866573333740234,-16.599624633789062,21.125463485717773,-10.838204383850098,28.03730773925781,-2.5672624111175537,13.552501678466797,classical,0
classical.00091,9,-196.6822052001953,97.64100646972656,-44.93863296508789,41.67560577392578,-18.3299560546875,18.7662410736084,-14.461247444152832,28.86349105834961,-2.262582540512085,17.11588478088379,classical,0
classical.00092,0,-187.65899658203125,140.69064331054688,-34.84213638305664,49.64193344116211,-4.53225564956665,17.325557708740234,-20.512784957885746,3.406520128250122,-17.328763961791992,12.90402603149414,classical,0
classical.00092,1,-193.92465209960935,127.70577239990234,-31.539655685424805,51.12602996826172,-5.803486347198486,11.15908432006836,-20.55627822875977,6.909482955932617,-16.789005279541016,22.45713996887207,classical,0
classical.00092,2,-223.74984741210935,117.08238220214844,-23.78507423400879,57.81662368774414,-0.8082177639007568,12.650033950805664,-10.825345039367676,5.7682881355285645,-17.619264602661133,15.470064163208008,classical,0
classical.00092,3,-334.4631042480469,143.23236083984375,-11.533723831176758,47.63665008544922,11.017022132873535,19.10882568359375,0.4427553713321686,-0.1243735402822494,-8.04362678527832,4.986086368560791,classical,0
classical.00092,4,-376.1520385742188,98.75112915039062,-11.250558853149414,42.76989364624024,17.23807144165039,24.145761489868164,-6.007068157196045,-9.65131664276123,10.730419158935549,25.91522979736328,classical,0
classical.00092,5,-342.3291015625,92.96922302246094,-26.06616973876953,47.917579650878906,14.704024314880373,17.171340942382812,-8.609465599060059,-6.681149005889893,9.58359718322754,24.30205535888672,classical,0
classical.00092,6,-335.95330810546875,89.02970123291016,-39.502628326416016,56.24843597412109,17.73748779296875,25.292367935180664,-12.66539192199707,-7.993923664093018,11.679654121398926,17.951839447021484,classical,0
classical.00092,7,-322.9638671875,81.06900024414062,-43.182037353515625,59.309967041015625,21.00665283203125,19.58549118041992,-18.620519638061523,-3.0580358505249023,23.6156063079834,13.582681655883787,classical,0
classical.00092,8,-339.4823608398437,86.4018783569336,-34.90484619140625,57.67646408081055,19.85403823852539,13.933523178100586,-15.0634126663208,8.180241584777832,12.395461082458496,-0.8569162487983704,classical,0
classical.00092,9,-346.3224182128906,84.44364166259766,-43.5904655456543,57.647159576416016,15.312790870666504,18.863365173339844,-11.642465591430664,6.379605770111084,18.29888916015625,2.1756153106689453,classical,0
classical.00093,0,-197.53810119628903,131.64137268066406,-26.54569625854492,27.503816604614254,-1.5079070329666138,25.68953895568848,-14.548539161682127,5.170933246612549,-16.71773338317871,12.844304084777832,classical,0
classical.00093,1,-228.02114868164065,120.954833984375,-24.295316696166992,24.0709285736084,-2.901169538497925,23.83824157714844,-16.64371109008789,4.611181259155273,-13.199658393859863,13.78946018218994,classical,0
classical.00093,2,-194.51780700683597,128.22109985351562,-33.75176239013672,20.10113525390625,-2.5855355262756348,26.825681686401367,-15.770665168762209,-0.5420758128166199,-17.848772048950195,17.6668758392334,classical,0
classical.00093,3,-234.363037109375,111.17833709716795,-63.2597885131836,9.11424160003662,-13.203210830688477,21.648290634155277,-12.438429832458496,8.065995216369629,-11.800225257873535,9.428740501403809,classical,0
classical.00093,4,-218.0708770751953,116.56378173828124,-58.338748931884766,7.442372322082519,-3.5384271144866943,19.31977081298828,-5.181069850921631,-2.938551664352417,-19.529346466064453,2.472158193588257,classical,0
classical.00093,5,-195.82501220703125,131.74827575683594,-36.4626579284668,22.07770347595215,-4.927080631256104,14.997566223144531,-21.11700439453125,7.676554203033447,-17.79799461364746,4.379477024078369,classical,0
classical.00093,6,-205.4371490478516,118.32398986816406,-49.03673553466797,23.30435562133789,-15.86867904663086,8.93846607208252,-31.254846572875977,-2.769676923751831,-18.57263565063477,16.135784149169922,classical,0
classical.00093,7,-203.28536987304688,120.18727111816406,-57.62890625,13.074579238891602,-10.559964179992676,13.733869552612305,-17.562437057495117,2.984265089035034,-9.471006393432615,10.044317245483398,classical,0
classical.00093,8,-233.27517700195312,126.77365112304688,-74.00022888183594,10.712873458862305,-5.745267391204834,20.021953582763672,-4.673457145690918,-6.202047824859619,-13.729019165039062,10.928919792175291,classical,0
classical.00093,9,-196.04254150390625,121.63746643066406,-39.12470626831055,20.58209228515625,1.1724013090133667,20.931655883789062,-1.1368063688278198,0.3874366283416748,-20.22320556640625,1.9425020217895508,classical,0
classical.00094,0,-342.7910461425781,129.99380493164062,-54.71500778198242,36.6777572631836,-16.663726806640625,14.081106185913086,-18.60158920288086,11.641128540039062,-24.450138092041016,7.790477752685547,classical,0
classical.00094,1,-329.3254699707031,140.43316650390625,-28.264196395874023,44.16497802734375,-8.892852783203125,16.890249252319336,-12.221324920654297,16.5435791015625,-6.7270097732543945,14.86103343963623,classical,0
classical.00094,2,-314.06719970703125,131.00537109375,-42.03876495361328,52.60399627685547,-6.919242858886719,20.519546508789062,-16.974538803100586,19.71076011657715,-8.643686294555664,22.899023056030277,classical,0
classical.00094,3,-298.7247314453125,132.2134552001953,-34.319358825683594,50.489505767822266,-9.493999481201172,19.797645568847656,-14.991122245788574,12.924981117248535,-11.60213565826416,13.98880672454834,classical,0
classical.00094,4,-449.4583435058594,139.10894775390625,-14.981776237487791,48.59554672241211,0.9011042714118958,26.70541763305664,-7.259266376495361,16.66878318786621,-2.2756764888763428,17.89100456237793,classical,0
classical.00094,5,-412.5150146484375,103.54756927490234,-28.54888916015625,38.54324722290039,-7.336205005645752,21.42441749572754,-0.5370807647705078,26.878984451293945,5.554867744445801,13.615470886230469,classical,0
classical.00094,6,-396.4990234375,125.8122787475586,-32.439964294433594,40.116172790527344,-5.433256149291992,17.384218215942383,-6.166348457336426,24.76555061340332,2.0745623111724854,9.729669570922852,classical,0
classical.00094,7,-459.0867309570313,127.34540557861328,-13.245847702026367,39.48551940917969,0.1861414909362793,21.103031158447266,-3.7402868270874015,16.682071685791016,0.1273003220558166,15.392217636108398,classical,0
classical.00094,8,-440.5855712890625,138.35035705566406,-19.486820220947266,42.54821395874024,-3.739565134048462,22.767723083496094,-4.454434394836426,18.50619125366211,-2.338564872741699,22.63856506347656,classical,0
classical.00094,9,-436.3099060058594,152.94888305664062,-31.703950881958008,32.909542083740234,4.316085815429688,15.357953071594238,-0.2503966689109802,8.643982887268066,-6.794534206390381,6.524409770965576,classical,0
classical.00095,0,-473.9896545410156,117.89861297607422,-39.60935974121094,51.17330932617188,-3.733345031738281,12.91244411468506,-6.536804676055908,17.804054260253906,-10.331391334533691,6.809906959533691,classical,0
classical.00095,1,-424.5198974609375,83.87185668945312,-32.38238906860352,50.664947509765625,-6.419779777526856,16.174312591552734,-13.371891975402832,15.298612594604492,-12.171049118041992,26.95339012145996,classical,0
classical.00095,2,-412.5458984375,71.6455078125,-28.16207695007324,43.94972229003906,-15.280864715576172,10.534262657165527,-19.62069129943848,27.432771682739254,2.385739326477051,37.55268478393555,classical,0
classical.00095,3,-458.4387512207031,89.564208984375,-25.578872680664062,43.450008392333984,-4.195962429046631,6.521852970123291,-12.502142906188965,22.348981857299805,0.0721952021121978,21.12314796447754,classical,0
classical.00095,4,-370.2867126464844,121.5215835571289,-35.12250518798828,36.7939682006836,7.920674800872803,2.0276732444763184,-5.887632369995117,2.8491687774658203,-3.5935065746307373,4.094482421875,classical,0
classical.00095,5,-392.3684387207031,134.97451782226562,-10.247770309448242,40.82752990722656,17.013383865356445,17.162654876708984,3.782921314239502,11.303266525268556,2.3394546508789062,9.432682991027832,classical,0
classical.00095,6,-457.1666564941406,103.42382049560548,-27.58136558532715,58.62083053588867,-3.051682949066162,19.86735725402832,-12.833087921142578,19.40814208984375,-6.755732536315918,25.755037307739254,classical,0
classical.00095,7,-407.8457336425781,96.85049438476562,-28.87151527404785,39.14809036254883,-8.862102508544922,8.50985050201416,-14.40157985687256,26.94314384460449,8.212284088134766,27.96222496032715,classical,0
classical.00095,8,-446.8408203125,106.36453247070312,-40.99190902709961,56.1306037902832,-10.279788970947266,12.85951042175293,-13.704984664916992,23.38798141479492,-3.918247222900391,22.778112411499023,classical,0
classical.00095,9,-465.23345947265625,93.77214813232422,-27.68699073791504,55.65306091308594,-6.843236446380615,20.00330352783203,-6.887235164642334,27.915576934814453,-4.809633731842041,18.041507720947266,classical,0
classical.00096,0,-141.5475616455078,124.15850067138672,-51.9122428894043,44.96833038330078,-13.312509536743164,19.216041564941406,-17.92742919921875,22.49151611328125,-10.33637523651123,18.80720329284668,classical,0
classical.00096,1,-142.85281372070312,119.70309448242188,-53.14142990112305,44.63295364379883,-12.84104347229004,19.49135971069336,-15.898298263549805,22.981016159057617,-10.06086254119873,18.126001358032227,classical,0
classical.00096,2,-152.722412109375,115.26756286621094,-51.34856796264648,43.272891998291016,-15.86569118499756,18.83978843688965,-15.842435836791992,24.00324440002441,-8.129965782165527,19.75945472717285,classical,0
classical.00096,3,-267.9502868652344,139.997802734375,-52.950565338134766,50.8676986694336,-8.239742279052734,19.08275985717773,-14.49510383605957,16.042203903198242,-8.31181812286377,21.601924896240234,classical,0
classical.00096,4,-283.5639343261719,148.65255737304688,-50.26494216918945,45.1693000793457,-7.109551429748535,16.093904495239258,-12.713966369628906,19.41794204711914,-8.961714744567871,9.72006130218506,classical,0
classical.00096,5,-194.4735565185547,138.0348358154297,-48.6958236694336,46.06637573242188,-12.60503101348877,14.228864669799805,-19.200841903686523,16.813562393188477,-16.04798698425293,7.903716564178467,classical,0
classical.00096,6,-162.35568237304688,137.42845153808594,-48.09146499633789,48.20695877075195,-13.380962371826172,14.0623140335083,-17.427223205566406,19.001277923583984,-15.871210098266602,10.635883331298828,classical,0
classical.00096,7,-195.90032958984372,87.0682373046875,-60.44744110107422,33.654396057128906,-22.14823532104492,7.211349964141846,-17.75054931640625,22.38774299621582,-6.284976959228516,11.989489555358888,classical,0
classical.00096,8,-251.9524078369141,72.42559051513672,-72.50198364257812,40.18246841430664,-20.73879051208496,16.071489334106445,-18.09513282775879,11.584792137145996,-11.74063777923584,24.15592193603516,classical,0
classical.00096,9,-270.6588439941406,70.8280029296875,-66.02254486083984,36.82904052734375,-17.29597282409668,11.533997535705566,-17.77104949951172,10.068231582641602,-8.805927276611328,20.837133407592773,classical,0
classical.00097,0,-249.68484497070312,112.3682632446289,-28.8336124420166,26.55817413330078,-10.637709617614746,3.744650602340698,-11.536728858947754,21.11872673034668,-4.0689897537231445,9.456603050231934,classical,0
classical.00097,1,-265.777099609375,124.94283294677734,-19.043067932128903,23.87329864501953,-1.7327316999435425,2.441108226776123,-20.893951416015625,2.034116744995117,-11.55592441558838,8.247994422912598,classical,0
classical.00097,2,-257.285888671875,134.19236755371094,-19.490982055664062,28.628324508666992,-3.1002960205078125,9.485481262207031,-18.99477195739746,8.355281829833984,-10.727214813232422,13.55645751953125,classical,0
classical.00097,3,-298.2133483886719,137.25033569335938,-9.370905876159668,35.81243133544922,-2.514094829559326,16.669422149658203,-17.111141204833984,3.5345442295074463,-21.95537376403809,5.8977227210998535,classical,0
classical.00097,4,-294.3527526855469,145.71763610839844,-18.06616973876953,37.57471466064453,-4.469085693359375,14.316034317016602,-21.49927520751953,3.579227924346924,-19.56990623474121,12.773706436157228,classical,0
classical.00097,5,-295.8374328613281,141.40658569335938,-1.819790601730347,35.01606750488281,2.7323572635650635,14.431243896484377,-14.135539054870604,6.555299758911133,-18.73113441467285,0.4194636940956116,classical,0
classical.00097,6,-323.093017578125,125.74618530273438,-24.23408889770508,35.05719375610352,-2.1211013793945312,10.915425300598145,-10.835782051086426,-1.259961485862732,-15.284778594970703,8.350522994995117,classical,0
classical.00097,7,-302.7216796875,134.22837829589844,-25.823993682861328,38.20734024047852,-8.685538291931152,15.1732759475708,-18.24791145324707,6.361968517303467,-18.49037742614746,12.651937484741213,classical,0
classical.00097,8,-300.49224853515625,121.63844299316406,-31.28136444091797,35.85515213012695,-9.158474922180176,17.619945526123047,-24.95741271972656,17.27596092224121,-21.35362434387207,11.150506973266602,classical,0
classical.00097,9,-263.5721130371094,121.21546173095705,-34.38785934448242,35.31927490234375,-9.820240020751951,13.211301803588867,-28.31502723693848,16.656187057495117,-21.42708778381348,11.99236011505127,classical,0
classical.00098,0,-284.7333068847656,125.70956420898438,-25.74155807495117,42.3602180480957,-11.479804039001465,29.82314682006836,-14.134491920471191,21.25589179992676,-12.673203468322754,13.944308280944824,classical,0
classical.00098,1,-294.7289428710937,114.2984390258789,-26.24311065673828,43.82660675048828,-6.983592033386231,22.11387825012207,-12.666434288024902,16.986557006835938,-0.0843776986002922,19.208829879760746,classical,0
classical.00098,2,-231.1006317138672,105.15729522705078,-40.54883575439453,44.01743698120117,-13.8298978805542,21.265981674194336,-22.01251220703125,17.983417510986328,-0.6678237318992615,25.2617301940918,classical,0
classical.00098,3,-312.173095703125,108.89753723144533,-35.87681579589844,44.7479362487793,-14.263262748718262,19.19645500183105,-15.816267013549805,14.339385986328123,-4.577625751495361,21.32809829711914,classical,0
classical.00098,4,-328.2431945800781,101.12144470214844,-37.28410720825195,43.61216354370117,-21.296173095703125,22.43780517578125,-19.376163482666016,17.7047061920166,-6.823826789855957,18.776302337646484,classical,0
classical.00098,5,-300.0469665527344,98.10355377197266,-44.188026428222656,41.470027923583984,-21.17674446105957,14.700394630432127,-24.296131134033203,16.68262481689453,-7.048304557800293,18.95241355895996,classical,0
classical.00098,6,-305.1336669921875,97.01134490966795,-40.74899673461914,42.08673477172852,-13.482208251953123,13.606284141540527,-12.660825729370115,16.303110122680664,-9.66294765472412,9.645684242248535,classical,0
classical.00098,7,-244.82676696777344,87.6097640991211,-46.20793151855469,45.18977355957031,-17.433259963989258,15.358445167541504,-12.044356346130373,24.269287109375,-10.993513107299805,10.434823989868164,classical,0
classical.00098,8,-256.5636901855469,87.84305572509766,-50.65835571289063,42.11669921875,-20.476119995117188,17.720335006713867,-14.767477989196776,22.665414810180664,-16.081449508666992,5.330401420593262,classical,0
classical.00098,9,-331.6114807128906,117.93920135498048,-31.009611129760746,45.773563385009766,-9.283491134643556,17.819114685058594,-12.747428894042969,14.015572547912598,-5.579770088195801,11.016996383666992,classical,0
classical.00099,0,-390.6655578613281,128.8236541748047,-21.58299446105957,47.125675201416016,-14.374279975891112,24.105701446533203,-15.357780456542969,19.03622055053711,-9.959179878234863,29.28015899658203,classical,0
classical.00099,1,-383.3647155761719,131.8308563232422,-20.721593856811523,43.583309173583984,-20.55158805847168,19.99397087097168,-17.721120834350586,21.48984718322754,-4.448989868164063,25.97818946838379,classical,0
classical.00099,2,-395.96142578125,135.27442932128906,-23.2533016204834,39.87538146972656,-13.955781936645508,22.71016311645508,-16.009349822998047,24.87605094909668,-1.4591071605682373,29.99741554260254,classical,0
classical.00099,3,-376.1268615722656,118.67572021484376,-24.28917121887207,39.38417816162109,-19.781618118286133,26.977508544921875,-14.573925018310549,22.29874992370605,-4.079516410827637,27.623016357421875,classical,0
classical.00099,4,-375.40618896484375,118.22474670410156,-24.947614669799805,43.48160171508789,-19.8123836517334,28.316631317138672,-16.948881149291992,23.400609970092773,-10.03981590270996,21.867338180541992,classical,0
classical.00099,5,-386.8136596679688,120.98392486572266,-19.86650276184082,45.859500885009766,-17.28889274597168,30.881689071655277,-15.396614074707031,21.933969497680664,-15.432181358337402,17.79842185974121,classical,0
classical.00099,6,-375.4681701660156,126.8978042602539,-18.403520584106445,46.40831756591797,-17.171789169311523,31.27913475036621,-19.034521102905277,22.09928131103516,-19.19516944885254,14.648578643798828,classical,0
classical.00099,7,-389.1195983886719,132.83241271972656,-20.48490524291992,45.28864288330078,-15.461419105529783,31.491708755493164,-14.41033172607422,14.947768211364746,-18.67860221862793,24.48877716064453,classical,0
classical.00099,8,-366.7992858886719,138.7651824951172,-16.5987491607666,45.58487701416016,-9.274889945983888,25.740591049194336,-17.72354507446289,12.79869556427002,-21.11176109313965,14.87209415435791,classical,0
classical.00099,9,-357.69219970703125,133.0398712158203,-16.5567569732666,49.46841049194336,-13.8727445602417,29.50707054138184,-16.54389762878418,20.771678924560547,-14.33366870880127,20.23188781738281,classical,0
disco.00000,0,-116.2007064819336,52.04461288452149,10.186058044433594,18.690895080566406,0.0541218109428882,16.782224655151367,-5.399799346923828,2.63431453704834,3.2821085453033447,0.7566689252853394,disco,3
disco.00000,1,-126.85877227783205,98.80844116210938,24.4503173828125,17.859960556030273,6.959019184112549,15.833736419677734,-4.0509538650512695,2.548279047012329,0.1310228854417801,-1.6387659311294556,disco,3
disco.00000,2,-136.45895385742188,102.93900299072266,21.41560173034668,19.7054386138916,11.083930015563965,17.10567283630371,-2.2210750579833984,4.120092868804932,1.2935736179351809,-1.9602127075195312,disco,3
disco.00000,3,-112.97173309326172,99.68571472167967,16.76483917236328,19.202302932739254,7.3354716300964355,13.779597282409668,-3.62185001373291,6.666158199310303,2.5638930797576904,-2.508866786956787,disco,3
disco.00000,4,-105.76099395751952,103.99381256103516,6.861996650695801,8.433120727539062,3.990930557250977,15.551984786987305,-1.2810746431350708,5.309624195098877,-0.3217731118202209,-3.57169771194458,disco,3
disco.00000,5,-120.12596130371094,99.58435821533205,12.56898021697998,10.316847801208496,4.2609543800354,16.747753143310547,2.754549503326416,8.06982421875,-1.751735806465149,-6.804727077484131,disco,3
disco.00000,6,-96.25000762939452,96.91748809814452,-0.7160930633544922,18.27358627319336,16.996326446533203,15.734042167663574,-0.0941193774342536,10.84475326538086,2.814943313598633,0.390063464641571,disco,3
disco.00000,7,-99.3403549194336,102.76545715332033,10.94693660736084,14.79940414428711,9.258050918579102,16.309635162353516,0.5460541844367981,9.73904037475586,-0.0686613842844963,-1.0039923191070557,disco,3
disco.00000,8,-105.56834411621094,92.41102600097656,9.385005950927734,20.70613670349121,13.977202415466309,14.277606010437012,-0.7943779826164246,10.940725326538086,1.6532689332962036,2.3543262481689453,disco,3
disco.00000,9,-92.10272216796876,92.98247528076172,12.274624824523926,18.559415817260746,7.764445781707764,13.984036445617676,-0.3838557004928589,9.51229476928711,0.444088339805603,-0.6925718784332275,disco,3
disco.00001,0,-21.847291946411133,61.60997772216797,-16.09471893310547,18.371417999267575,10.954487800598145,22.218334197998047,8.42050838470459,8.280200958251953,-0.3742260336875915,11.91868019104004,disco,3
disco.00001,1,-33.22867965698242,65.3008804321289,-11.270589828491213,16.305931091308594,8.151695251464844,24.53414726257324,9.907288551330566,8.419634819030762,-1.8035686016082764,10.009716987609863,disco,3
disco.00001,2,-21.96841049194336,49.75823593139648,-4.581729412078857,21.796669006347656,9.885783195495604,14.529213905334473,5.38549280166626,10.36287784576416,0.4338163733482361,7.311378002166748,disco,3
disco.00001,3,-32.08432388305664,53.29567337036133,-10.125953674316406,24.462203979492188,9.02492904663086,18.12638664245605,4.690058708190918,3.659172773361206,0.6147074699401855,10.515053749084473,disco,3
disco.00001,4,-35.000221252441406,49.91352081298828,-6.432414531707764,23.4510440826416,11.221678733825684,17.735502243041992,1.1588008403778076,1.763766884803772,4.338228225708008,15.522261619567873,disco,3
disco.00001,5,-26.830154418945312,52.04269409179688,-5.526556491851807,26.58791923522949,8.623260498046875,13.855561256408691,4.116145133972168,4.381984233856201,1.8986074924468996,9.468819618225098,disco,3
disco.00001,6,-25.83796119689941,46.88780975341797,-9.250064849853516,23.58913803100586,7.535680294036865,17.775691986083984,5.88933801651001,5.176065444946289,0.529228687286377,8.811166763305664,disco,3
disco.00001,7,-28.164764404296875,51.11393737792969,-8.980607032775879,24.5002555847168,3.8231258392333984,14.453338623046877,11.671595573425291,6.909179210662842,3.354687213897705,15.289180755615234,disco,3
disco.00001,8,-32.70137405395508,45.7703857421875,2.056854724884033,17.30548667907715,1.3018267154693604,17.0643367767334,11.286293983459473,10.03322410583496,1.7169440984725952,12.857440948486328,disco,3
disco.00001,9,-31.28768539428711,44.857032775878906,-6.388544082641602,19.25644874572754,10.638262748718262,20.98224830627441,6.335737228393555,6.679837703704834,-2.940854549407959,9.82882595062256,disco,3
disco.00002,0,-54.46405792236328,56.21330261230469,21.764982223510746,10.37327766418457,20.961685180664062,1.9702836275100708,-3.1540091037750244,-0.3984171450138092,-3.307050466537476,3.3848605155944824,disco,3
disco.00002,1,-51.012691497802734,57.48491668701172,22.636564254760746,11.120077133178713,19.434139251708984,-1.875077724456787,-1.5205591917037964,3.4024927616119385,-5.6316022872924805,2.8686838150024414,disco,3
disco.00002,2,-71.16195678710938,56.30586624145508,24.332380294799805,11.917367935180664,23.575822830200195,2.233507871627808,3.871674060821533,3.311767101287842,-6.227710723876953,-0.1106952354311943,disco,3
disco.00002,3,-65.45723724365234,58.69755554199219,24.70659828186035,10.09543228149414,18.35685157775879,0.3028265237808227,2.562777519226074,0.2994298040866852,-7.0224199295043945,3.6463782787323,disco,3
disco.00002,4,-64.31422424316406,53.242950439453125,22.67271614074707,11.652320861816406,17.323652267456055,3.7229933738708496,0.610609769821167,0.2800776958465576,-3.072556257247925,2.8820314407348637,disco,3
disco.00002,5,-58.89645004272461,53.13328552246094,21.511707305908203,8.945571899414062,19.11201477050781,2.958860158920288,3.272918224334717,1.755180835723877,-6.7734479904174805,2.570965051651001,disco,3
disco.00002,6,-47.982234954833984,50.51927947998047,19.0675106048584,14.339712142944336,17.043506622314453,2.7972753047943115,1.7828176021575928,0.977300763130188,-4.07615327835083,8.94361686706543,disco,3
disco.00002,7,-37.07382583618164,65.56640625,18.219348907470703,7.762921333312988,8.82053279876709,0.5451117753982544,0.5643905997276306,3.9500844478607178,-7.265009880065918,-1.0501457452774048,disco,3
disco.00002,8,-40.23536682128906,62.928497314453125,16.70758628845215,11.305797576904297,18.45064926147461,1.4173611402511597,-1.8713465929031368,4.952970027923584,-3.962789297103882,2.6504313945770264,disco,3
disco.00002,9,-41.093074798583984,59.48653793334961,21.135141372680664,15.906974792480469,18.810810089111328,3.752013683319092,-1.7093132734298706,5.287092208862305,-3.103776454925537,2.3218307495117188,disco,3
disco.00003,0,-16.06715202331543,56.28026580810547,-15.26865291595459,43.99778747558594,5.890803337097168,21.681489944458008,5.995818614959717,12.886274337768556,3.8954379558563232,7.533663272857666,disco,3
disco.00003,1,-19.87018203735352,58.30754852294922,-3.777612447738648,47.22813415527344,8.876556396484375,24.46804618835449,4.131957054138184,12.644047737121582,-0.3884360790252685,4.670146942138672,disco,3
disco.00003,2,-34.889190673828125,46.60082626342773,-6.020936012268066,42.94256591796875,4.884729862213135,19.61955451965332,0.3974254429340362,10.47120189666748,1.1204301118850708,10.25527572631836,disco,3
disco.00003,3,-56.93188095092773,46.51433181762695,10.965330123901367,47.31904220581055,21.68757438659668,24.72687721252441,4.734460353851318,17.158523559570312,2.8008596897125244,10.23812484741211,disco,3
disco.00003,4,-70.5533676147461,55.25968170166016,12.661158561706545,45.656349182128906,17.749553680419922,28.74365997314453,5.879302501678467,15.368148803710938,1.872583031654358,13.145939826965332,disco,3
disco.00003,5,-61.35889434814453,55.19500732421875,13.898510932922363,44.69594192504883,13.695673942565918,23.558931350708008,4.3667988777160645,18.95365524291992,4.2216081619262695,10.304183959960938,disco,3
disco.00003,6,-47.886043548583984,53.52156448364258,10.42874240875244,37.387332916259766,12.794239044189451,25.006704330444336,4.801036834716797,17.46202278137207,3.441575527191162,12.820781707763672,disco,3
disco.00003,7,-44.61621475219727,49.29444122314453,7.550280570983887,42.68981552124024,8.106490135192871,27.766016006469727,4.760365009307861,17.021650314331055,1.2348146438598633,10.24976921081543,disco,3
disco.00003,8,-31.66971206665039,49.45269775390625,-4.98715353012085,43.32129669189453,16.949989318847656,21.983837127685547,7.087737560272217,15.302817344665527,0.6956402063369751,12.101516723632812,disco,3
disco.00003,9,-59.45020294189453,52.46422576904297,7.345024585723877,43.47022247314453,15.889053344726562,26.441593170166016,7.339742183685303,15.548638343811035,1.5997564792633057,12.719527244567873,disco,3
disco.00004,0,-106.62079620361328,64.55351257324219,19.002010345458984,1.2261158227920532,2.0164268016815186,3.984856605529785,3.511885404586792,4.924311637878418,-2.856255531311035,-2.285123109817505,disco,3
disco.00004,1,-113.87862396240234,52.630836486816406,13.675795555114746,16.10783576965332,11.71773910522461,11.68740940093994,-0.2127984911203384,4.1656813621521,1.7289639711380005,-0.9938101172447203,disco,3
disco.00004,2,-105.7022933959961,69.53144836425781,12.382707595825195,3.1605005264282227,1.0034271478652954,3.4916701316833496,3.879860401153565,1.4969919919967651,-2.853466033935547,0.605465829372406,disco,3
disco.00004,3,-110.9371566772461,57.11284637451172,16.151609420776367,10.037156105041504,7.942214012145996,8.785299301147461,0.4303790628910064,4.542532920837402,-2.5462193489074707,-1.8133156299591064,disco,3
disco.00004,4,-90.55854034423828,69.3199234008789,8.268678665161133,0.9053776860237122,-0.1769775450229644,10.982158660888672,5.933568000793457,6.242680549621582,-4.783584117889404,-0.887939453125,disco,3
disco.00004,5,-67.52378845214844,74.5474624633789,-7.430290699005127,-8.470820426940918,-11.688275337219238,3.2721853256225586,7.501167774200439,5.545660018920898,-8.609956741333008,2.8175673484802246,disco,3
disco.00004,6,-67.57392120361328,74.21755981445312,-4.5860114097595215,-8.2713041305542,-10.511999130249023,4.773007869720459,3.259194612503052,1.535934329032898,0.314995527267456,3.978561162948608,disco,3
disco.00004,7,-57.09645080566406,55.746707916259766,2.3392889499664307,2.152594566345215,2.4750304222106934,5.6407790184021,0.6099309921264648,-0.7019895911216736,2.0187342166900635,4.28320837020874,disco,3
disco.00004,8,-60.89855194091797,60.776397705078125,0.789841890335083,6.995840072631836,2.096517562866211,3.6259512901306152,-2.65147066116333,-2.2150299549102783,2.1719369888305664,5.022860050201416,disco,3
disco.00004,9,-53.22582626342773,66.74869537353516,-4.302312850952148,3.2828526496887207,2.959222316741944,5.656783580780029,-3.0328116416931152,-5.3309326171875,-2.4006052017211914,7.924676895141602,disco,3
disco.00005,0,-16.344770431518555,67.3698501586914,-12.82575798034668,36.279727935791016,10.0443696975708,7.638640880584717,5.292392253875732,11.845635414123535,-1.1945860385894775,13.601911544799805,disco,3
disco.00005,1,0.424843966960907,67.46003723144531,-16.672109603881836,25.61370277404785,1.126345992088318,2.064155578613281,3.013540983200073,12.650238990783691,1.1778866052627563,12.726380348205566,disco,3
disco.00005,2,-21.243322372436523,77.55005645751953,-4.578192710876465,26.684175491333008,8.461885452270508,3.919357061386109,5.51668119430542,13.750067710876465,-7.826985836029053,15.11929988861084,disco,3
disco.00005,3,-48.01503372192383,82.76022338867188,1.3427503108978271,31.56518173217773,10.438972473144531,2.307455778121948,7.237760066986084,15.283689498901367,-6.599550247192383,11.744224548339844,disco,3
disco.00005,4,-33.53987121582031,80.68974304199219,-9.454071044921877,24.25594520568848,10.594993591308594,3.187774181365967,13.944491386413574,14.022605895996094,-7.790427207946777,9.105598449707031,disco,3
disco.00005,5,-24.218936920166016,83.49239349365234,-9.281646728515623,27.40268325805664,7.821653842926025,-2.3415966033935547,10.013516426086426,14.010367393493652,-5.9365081787109375,11.125492095947266,disco,3
disco.00005,6,-26.52031517028809,71.0837173461914,-16.106693267822266,44.55571746826172,3.5675923824310303,5.229426383972168,14.60970687866211,7.658507347106934,-0.8120201826095581,13.524712562561035,disco,3
disco.00005,7,-21.3387508392334,74.4087142944336,-8.755945205688477,27.22838020324707,4.2714691162109375,1.8536735773086548,10.57003402709961,16.402114868164062,-7.969292640686035,15.346835136413574,disco,3
disco.00005,8,-37.08631896972656,65.18194580078125,-27.180082321166992,13.83502960205078,1.6098885536193848,0.1778212338685989,8.792600631713867,5.114364147186279,-2.5052742958068848,14.235422134399414,disco,3
disco.00005,9,-19.85891914367676,68.12710571289062,-12.232010841369627,26.889419555664062,4.668466091156006,0.0869981050491333,7.145462512969971,12.036908149719238,-1.724040985107422,17.272686004638672,disco,3
disco.00006,0,-42.3193588256836,63.47396469116211,-19.989503860473636,29.258243560791016,-8.847936630249023,6.672173500061035,1.6896429061889648,9.299236297607422,-3.69476580619812,4.578527927398682,disco,3
disco.00006,1,-31.26906967163086,57.502689361572266,-23.729150772094727,34.58424758911133,0.1514960080385208,9.63357925415039,3.623042583465576,5.857046127319336,-6.324081897735596,5.838804244995117,disco,3
disco.00006,2,-10.675151824951172,72.22956085205078,-23.515525817871094,39.04198455810547,-0.0922577455639839,7.7090888023376465,3.610746383666992,3.5635087490081787,-5.140020370483398,7.323197364807129,disco,3
disco.00006,3,-4.106819152832031,87.45513153076172,-29.73239517211914,39.2451171875,-4.320046901702881,10.414990425109863,4.202735900878906,5.924505710601807,-1.9188867807388303,11.275303840637209,disco,3
disco.00006,4,-13.1010103225708,53.4704704284668,-9.709426879882812,31.26375770568848,-3.0192158222198486,15.278797149658203,12.435410499572754,6.893711566925049,-0.539269745349884,13.201250076293944,disco,3
disco.00006,5,-3.019894599914551,64.83610534667969,-22.14879608154297,20.37469291687012,-9.091266632080078,14.191576957702637,14.661981582641602,4.437128067016602,-4.763846397399902,10.291874885559082,disco,3
disco.00006,6,-9.8328857421875,65.44660186767578,-17.89347267150879,32.95626449584961,-3.480996608734131,12.752065658569336,12.860934257507324,4.160683631896973,-2.4188334941864014,11.00721549987793,disco,3
disco.00006,7,-7.151827812194824,65.67024993896484,-17.174362182617188,31.155088424682617,-0.7412655353546143,12.53966236114502,12.55994987487793,9.300606727600098,0.4088307321071625,9.95723819732666,disco,3
disco.00006,8,-15.59574031829834,60.82479095458984,-11.914892196655272,33.03651809692383,-9.492315292358398,13.972210884094238,17.838722229003906,6.682624816894531,-6.410855770111084,9.177184104919434,disco,3
disco.00006,9,-7.733038425445557,62.41092300415039,-21.942550659179688,24.52626609802246,-9.386019706726074,14.90145778656006,16.058345794677734,3.312143087387085,-6.949215888977051,11.364445686340332,disco,3
disco.00007,0,-44.51708984375,67.33190155029297,-6.852481365203857,30.094223022460938,3.4848642349243164,17.027063369750977,2.5919227600097656,2.5613667964935303,-1.6912933588027954,5.331265449523926,disco,3
disco.00007,1,-51.08626937866211,58.85596084594727,-0.0425879843533039,30.83016967773437,7.1736741065979,15.719422340393066,3.625561475753784,3.031714677810669,-0.2732374966144562,1.693068504333496,disco,3
disco.00007,2,-58.93486404418945,48.9791259765625,-3.264190435409546,36.75162124633789,9.289054870605469,15.389251708984377,3.059987783432007,-0.1109041050076484,-0.3581902682781219,2.0468900203704834,disco,3
disco.00007,3,-52.99547958374024,52.90394973754883,-13.011058807373049,31.087064743041992,2.998022556304932,13.003382682800291,4.664090156555176,4.165964126586914,1.2672711610794067,1.087091326713562,disco,3
disco.00007,4,-63.9543571472168,52.29721450805664,-1.4296385049819946,33.36115646362305,5.61210298538208,18.63144874572754,1.7085200548171997,6.160993576049805,0.756744384765625,2.691461563110352,disco,3
disco.00007,5,-52.417930603027344,59.83258819580078,-3.123345375061035,30.97900009155273,7.428737640380859,17.58634376525879,2.635385751724243,1.0744638442993164,-1.5792524814605713,2.493236303329468,disco,3
disco.00007,6,-54.83516693115234,60.91141128540039,-4.487651348114014,32.20691680908203,3.618396043777466,17.51837921142578,3.535573720932007,2.5508012771606445,1.6860007047653198,3.271748781204224,disco,3
disco.00007,7,-61.51519012451172,51.064491271972656,-9.660536766052246,35.654972076416016,2.911982774734497,17.392175674438477,9.364663124084473,3.4163613319396973,-0.4124204218387604,1.2314716577529907,disco,3
disco.00007,8,-57.36586380004883,54.8445930480957,-8.3643798828125,33.725982666015625,6.945433616638184,13.3975191116333,3.0982232093811035,-0.4175221920013428,-0.894435465335846,2.179305076599121,disco,3
disco.00007,9,-35.2428092956543,55.4320068359375,-12.856900215148926,21.23604965209961,-3.3206162452697754,17.337305068969727,7.103710651397705,-3.5318281650543213,-1.9234061241149905,3.2788736820220947,disco,3
disco.00008,0,-56.988956451416016,67.38916778564453,-24.219839096069336,31.86344718933105,10.124110221862791,9.453819274902344,-5.254359722137451,11.66821002960205,0.5153300762176514,6.242167949676514,disco,3
disco.00008,1,-12.141047477722168,63.33029556274414,-29.409236907958984,22.164525985717773,3.132405996322632,13.963147163391112,7.400044918060303,9.676983833312988,-8.09704303741455,9.430747032165527,disco,3
disco.00008,2,-21.39033317565918,57.9972038269043,-28.523834228515625,25.908109664916992,8.431229591369629,8.521683692932129,-0.5241890549659729,7.813198089599609,-4.569307804107666,4.697064399719238,disco,3
disco.00008,3,-44.394622802734375,59.6363525390625,-23.65361976623535,27.759920120239254,10.826624870300291,10.50551986694336,-0.8048976063728333,9.607956886291504,-3.372647762298584,5.004526138305664,disco,3
disco.00008,4,-43.44561004638672,67.68408966064453,-23.98594284057617,34.923213958740234,8.554610252380371,9.127533912658691,-6.6880621910095215,12.81369400024414,0.8712003231048584,3.028061628341675,disco,3
disco.00008,5,-49.87289810180664,75.33533477783203,-30.37338256835937,33.94913864135742,11.091419219970703,11.969016075134276,-6.47112512588501,12.352009773254396,1.353873372077942,3.5423519611358643,disco,3
disco.00008,6,-26.669523239135746,60.66878890991211,-23.50727844238281,25.13515281677246,4.259315490722656,15.445846557617188,0.1030071526765823,11.903924942016602,-3.0245041847229004,6.089312076568604,disco,3
disco.00008,7,-21.78751564025879,70.50724029541016,-31.73859977722168,39.28363037109375,1.7029824256896973,14.21186351776123,-4.463079452514648,9.961198806762695,-0.0858819782733917,5.281553268432617,disco,3
disco.00008,8,-23.084871292114254,67.2387924194336,-32.69474792480469,35.4020881652832,-0.3247724175453186,10.3362398147583,-3.775408983230591,10.22791576385498,1.141599178314209,4.110966205596924,disco,3
disco.00008,9,-25.324466705322266,60.552764892578125,-18.823904037475582,26.23887634277344,-0.4559400677680969,13.895400047302246,-1.044022798538208,8.585257530212402,-8.041586875915527,6.27385139465332,disco,3
disco.00009,0,-112.35774993896484,78.5536880493164,-6.322260856628418,28.61574363708496,11.21616554260254,9.027762413024902,-4.927046298980713,8.703269958496094,-2.175588846206665,-2.03432297706604,disco,3
disco.00009,1,-77.70814514160156,65.26737213134766,-19.22687721252441,30.621885299682617,10.529583930969238,8.320281028747559,-5.11435604095459,11.087605476379396,0.6352102160453796,-1.4067121744155884,disco,3
disco.00009,2,-66.93260192871094,57.34331512451172,-15.664037704467772,29.5596981048584,14.134294509887695,6.303351402282715,-3.926104784011841,7.83419942855835,0.8820703625679016,-0.1191356107592582,disco,3
disco.00009,3,-66.97115325927734,61.71062469482422,-20.370702743530277,30.539613723754883,7.810039520263672,4.998954772949219,-5.090542793273926,10.083969116210938,0.1759942919015884,-0.2049440890550613,disco,3
disco.00009,4,-56.44084548950195,56.50781631469727,-16.717084884643555,26.73773002624512,8.012725830078125,7.107171058654785,-4.3684844970703125,9.388144493103027,-2.365032911300659,-2.841299295425415,disco,3
disco.00009,5,-80.26864624023438,66.41889190673828,-17.76032257080078,33.125579833984375,11.426507949829102,4.192179203033447,-7.135552406311035,10.625792503356934,-0.9188340902328492,-4.589117050170898,disco,3
disco.00009,6,-23.364614486694336,50.05216217041016,-21.2388858795166,24.100017547607425,-2.7435319423675537,9.401052474975586,-3.5528905391693115,9.649613380432127,-1.6981130838394165,-1.0644500255584717,disco,3
disco.00009,7,-75.1095199584961,68.09947204589844,-9.95368480682373,24.056276321411133,5.936299800872803,7.863908290863037,-5.194543361663818,9.823236465454102,0.7809551358222961,-1.17597234249115,disco,3
disco.00009,8,-66.62184143066406,64.41963195800781,-12.49326229095459,25.465925216674805,6.350112915039063,7.35009241104126,-5.469179153442383,9.039356231689451,-1.5578380823135376,-0.9785833358764648,disco,3
disco.00009,9,-63.52208709716797,63.699832916259766,-19.38622665405273,26.92266082763672,9.091290473937988,8.812013626098633,-4.138145923614502,9.063275337219238,-3.2664475440979004,-1.702068567276001,disco,3
disco.00010,0,-35.25239944458008,55.28901290893555,-7.960903644561768,30.85844039916992,17.19850730895996,25.82392120361328,10.224925994873049,9.82224941253662,-1.9189411401748655,8.425774574279785,disco,3
disco.00010,1,6.47654390335083,58.3946533203125,-18.052133560180664,25.12550926208496,9.310721397399902,10.716928482055664,3.1848716735839844,10.629304885864258,4.690749645233154,10.11204719543457,disco,3
disco.00010,2,-10.574335098266602,62.64311981201172,-18.027929306030277,28.30649757385254,8.703298568725586,17.804424285888672,6.583579063415527,9.827930450439451,-2.4010818004608154,11.298613548278809,disco,3
disco.00010,3,-2.9775521755218506,60.39810562133789,-15.234597206115724,29.44914436340332,9.18744945526123,13.845001220703123,-1.3986432552337646,13.046257972717283,-0.2402627766132354,9.320531845092772,disco,3
disco.00010,4,-5.990915298461914,59.37250900268555,-15.57456111907959,24.738889694213867,3.003779411315918,15.429520606994627,7.319576263427734,12.975241661071776,3.245398759841919,10.634215354919434,disco,3
disco.00010,5,-9.416050910949709,62.24504852294922,-20.46476173400879,27.571460723876957,6.89036750793457,16.68471336364746,6.747788429260254,10.349812507629396,-2.0190725326538086,8.490701675415039,disco,3
disco.00010,6,2.2723519802093506,66.1837158203125,-15.319525718688965,27.487266540527344,4.147791385650635,13.363174438476562,1.005526781082153,11.980981826782228,-1.169849514961243,8.66850757598877,disco,3
disco.00010,7,0.5186805725097656,62.62857437133789,-17.987533569335938,24.340103149414062,3.426783561706543,14.677315711975098,6.516077518463135,13.435905456542969,5.110265254974365,12.645376205444336,disco,3
disco.00010,8,-8.36363410949707,64.44429016113281,-20.687894821166992,26.230073928833008,5.014330863952637,16.051998138427734,6.862412452697754,9.745634078979492,-1.0152357816696167,10.588309288024902,disco,3
disco.00010,9,-2.38044810295105,60.947940826416016,-17.762042999267578,29.17583465576172,9.1166353225708,15.490796089172363,-0.5894312858581543,12.697572708129885,-0.394541472196579,8.56733226776123,disco,3
disco.00011,0,-25.182151794433597,60.10942077636719,-7.284074306488037,1.2438366413116455,4.730018138885498,18.34427261352539,4.226786613464356,15.367098808288574,2.1059696674346924,13.64651107788086,disco,3
disco.00011,1,-49.54512405395508,62.1511116027832,13.528169631958008,12.053245544433594,6.756531715393066,9.221224784851074,4.154727935791016,13.613658905029297,-0.8923659324645996,4.979583740234375,disco,3
disco.00011,2,-45.35847473144531,60.18895721435547,9.45218276977539,16.595111846923828,8.798038482666016,7.476342678070068,5.97935962677002,17.713661193847656,1.1630496978759766,4.940910816192627,disco,3
disco.00011,3,-42.1051025390625,67.6903076171875,9.554214477539062,14.813901901245115,5.07199239730835,7.346873760223389,7.370934009552002,16.033140182495117,1.8635547161102293,13.253002166748049,disco,3
disco.00011,4,-42.212650299072266,64.54265594482422,10.679424285888672,14.701983451843262,0.839412271976471,3.8961598873138423,3.4703774452209477,15.675124168395996,1.7777111530303955,6.920239448547363,disco,3
disco.00011,5,-46.69894027709961,69.6057357788086,6.301135063171387,12.14625358581543,6.364077568054199,8.707446098327637,6.137675285339356,16.052913665771484,0.6000943183898926,7.816115856170654,disco,3
disco.00011,6,-46.49052047729492,54.73426055908203,13.540094375610352,14.255081176757812,4.449460029602051,9.060824394226074,6.233155250549316,17.26154899597168,1.431865930557251,9.977334022521973,disco,3
disco.00011,7,-46.7979850769043,66.6440200805664,7.00391149520874,8.803487777709961,5.6722283363342285,9.68849277496338,9.14328384399414,15.787898063659668,-0.5082625150680542,6.813985347747803,disco,3
disco.00011,8,-31.650341033935547,61.23426818847656,12.007245063781738,18.43647003173828,10.781102180480955,6.863096237182617,-8.00052547454834,7.268935203552246,-0.3953099250793457,7.760245323181152,disco,3
disco.00011,9,-35.7288703918457,62.23453903198242,-0.7761631608009338,8.242925643920898,10.131860733032228,11.908096313476562,-7.947412014007568,3.9249556064605713,-5.3523430824279785,4.8871893882751465,disco,3
disco.00012,0,-59.11553955078125,64.8297119140625,-17.05107879638672,21.265146255493164,16.80242347717285,15.90780544281006,0.1726480275392532,10.112591743469238,0.4388953447341919,13.231996536254885,disco,3
disco.00012,1,-60.08641815185547,64.62335968017578,-11.013067245483398,18.5827751159668,15.473783493041992,16.45728302001953,6.6657233238220215,12.864143371582031,1.3720130920410156,10.00908660888672,disco,3
disco.00012,2,-58.14317321777344,77.361572265625,-21.011707305908203,22.84507942199707,14.825772285461426,9.41073989868164,0.7050991058349609,11.837693214416504,-0.8021838665008545,15.283770561218262,disco,3
disco.00012,3,-50.9186897277832,64.48995208740234,-12.074997901916504,23.049152374267575,14.460800170898438,13.10163402557373,2.0551114082336426,9.75472927093506,-1.610715389251709,12.888595581054688,disco,3
disco.00012,4,-49.94991302490234,64.93009185791016,-15.566073417663574,24.154897689819336,13.73855209350586,8.285340309143066,1.322891354560852,13.445115089416504,-2.4603981971740723,11.76998233795166,disco,3
disco.00012,5,-62.64751434326172,71.47045135498047,-14.626282691955566,27.22265625,15.839913368225098,8.561258316040039,-2.174113512039185,10.228163719177246,-0.6987583041191101,15.18934154510498,disco,3
disco.00012,6,-55.8139762878418,70.97539520263672,-16.37930679321289,32.095462799072266,15.459619522094728,17.443115234375,1.078829288482666,14.296100616455078,0.6943724155426025,10.627976417541504,disco,3
disco.00012,7,-58.90705108642578,65.07781982421875,-11.019850730895996,23.7260684967041,11.412334442138672,13.312383651733398,2.503537178039551,16.340768814086914,-0.3766978681087494,10.838330268859863,disco,3
disco.00012,8,-64.82830047607422,67.41394805908203,-18.472843170166016,19.86231231689453,15.792296409606934,10.577726364135742,2.4554293155670166,15.588836669921877,-0.0447668209671974,17.62832260131836,disco,3
disco.00012,9,-55.66923141479492,73.78726196289062,-15.040668487548828,20.56547164916992,14.5423583984375,18.349760055541992,7.283047199249268,13.407543182373049,3.8567748069763184,10.26344394683838,disco,3
disco.00013,0,-88.02437591552734,46.59786605834961,28.83649635314941,43.94384765625,4.412233829498291,7.872605323791504,3.967666387557984,7.382883071899414,-0.7991101145744324,-2.6641085147857666,disco,3
disco.00013,1,-32.98188781738281,56.01150131225586,25.276123046875,37.661014556884766,5.237579822540283,1.2566312551498413,-9.854997634887695,2.5157833099365234,0.833106279373169,2.0942025184631348,disco,3
disco.00013,2,-32.78305435180664,55.75938415527344,25.843530654907227,32.77526092529297,2.8139026165008545,3.136212110519409,-6.529563903808594,-1.3124138116836548,-1.3226144313812256,4.536463737487793,disco,3
disco.00013,3,-58.73929214477539,47.512657165527344,27.73809051513672,25.7099552154541,-2.106736898422241,13.344337463378906,9.081628799438477,2.4085898399353027,-6.060799598693848,-1.7874137163162231,disco,3
disco.00013,4,-38.30127716064453,52.81901550292969,24.0545711517334,31.45700454711914,1.4935928583145142,2.642913341522217,-2.9539756774902344,1.0638030767440796,3.8257358074188232,6.42018985748291,disco,3
disco.00013,5,-37.759727478027344,63.316871643066406,24.135608673095703,35.069087982177734,7.7941694259643555,-7.675318241119385,-7.46198558807373,8.132054328918457,9.38723850250244,8.370535850524902,disco,3
disco.00013,6,-27.005802154541016,64.65530395507812,19.722412109375,30.9511833190918,3.673229694366455,-4.7620134353637695,-3.6100566387176514,5.452161312103272,8.522136688232422,9.863780975341797,disco,3
disco.00013,7,-15.9585599899292,50.183570861816406,14.053400039672852,21.28813743591309,-2.3994572162628174,0.1041216030716896,-3.214554786682129,3.361802339553833,12.01089859008789,6.355201721191406,disco,3
disco.00013,8,-36.37961196899414,65.0862808227539,23.05598258972168,29.01482963562012,1.569044828414917,5.030953884124756,-0.4196110665798187,1.0956945419311523,-3.270426988601685,-0.3747296929359436,disco,3
disco.00013,9,-31.32552528381348,60.7456283569336,24.20635986328125,31.29519462585449,2.1583948135375977,5.386223316192627,-3.1691648960113525,1.1918585300445557,-4.291962623596191,0.79408860206604,disco,3
disco.00015,0,-59.4066047668457,100.32829284667967,43.6579475402832,11.16521167755127,-2.3437302112579346,4.330375671386719,10.39979362487793,4.00752067565918,-8.697772979736328,-11.116986274719238,disco,3
disco.00015,1,-55.5413703918457,103.7435302734375,31.03125,-2.040863513946533,-3.8433678150177,6.421352863311768,12.506196975708008,3.497793912887573,-8.383039474487305,-5.47810173034668,disco,3
disco.00015,2,-100.30704498291016,127.86962127685548,45.77875518798828,-1.9133625030517576,-10.889725685119627,3.70868730545044,20.947002410888672,6.075374603271484,-15.405736923217772,-8.20516300201416,disco,3
disco.00015,3,-42.92430114746094,103.3087158203125,26.01809501647949,13.198864936828612,9.126547813415527,-7.836747646331787,1.6255801916122437,0.9722890853881836,-9.837172508239746,0.3524198234081268,disco,3
disco.00015,4,-48.67877197265625,110.8623504638672,15.91969871520996,11.38357639312744,8.583491325378418,-11.170480728149414,2.440324306488037,0.4774880707263946,-10.82132625579834,5.756869792938232,disco,3
disco.00015,5,-23.774560928344727,94.26581573486328,19.632307052612305,16.72016716003418,6.563129425048828,-5.953320026397705,-1.433104395866394,0.9429929256439208,-7.511711597442627,1.869129538536072,disco,3
disco.00015,6,-41.43687057495117,108.79943084716795,7.199590682983398,13.066365242004396,6.479900360107422,-10.969897270202637,4.789526462554932,1.284020185470581,-6.86744499206543,3.2022781372070312,disco,3
disco.00015,7,-35.48665237426758,106.13848876953124,11.021544456481934,11.176806449890137,4.031740188598633,-7.540623188018799,2.458694696426392,-1.2370548248291016,-7.949991703033447,2.658071279525757,disco,3
disco.00015,8,-31.825300216674805,90.61662292480467,14.905930519104004,13.04079532623291,4.677029132843018,-9.36374282836914,-2.4001591205596924,-0.899970293045044,-6.9991135597229,2.25569748878479,disco,3
disco.00015,9,-27.703105926513672,93.01951599121094,5.425070285797119,6.600673675537109,0.5236117839813232,-9.58864974975586,-2.477419853210449,-4.638431072235107,-11.366990089416504,-1.6394261121749878,disco,3
disco.00016,0,-33.73625183105469,82.90399932861328,-3.0376861095428467,33.564781188964844,7.003259181976318,6.4838480949401855,2.791372537612915,11.49803638458252,-0.0637113153934478,4.6453471183776855,disco,3
disco.00016,1,-26.03868293762207,72.04576110839844,2.893414258956909,30.889183044433597,5.98972749710083,3.708138704299927,0.0307938791811466,13.875210762023926,-4.884018898010254,7.686343193054199,disco,3
disco.00016,2,-37.98712921142578,89.65501403808594,-8.620851516723633,31.341920852661133,10.1587495803833,5.484216690063477,-2.11513614654541,8.96434497833252,2.28977108001709,11.363550186157228,disco,3
disco.00016,3,-24.926250457763672,84.98702239990234,-9.34418773651123,28.34551239013672,8.103947639465332,-0.8143018484115601,-1.761794924736023,8.666633605957031,-0.6358492374420166,9.556777000427246,disco,3
disco.00016,4,-48.1743392944336,88.91736602783203,-2.048497676849365,33.9582405090332,8.870464324951172,4.718342304229736,-3.6050283908844,12.036681175231934,-3.8286807537078857,6.110440731048584,disco,3
disco.00016,5,-43.67491912841797,82.67737579345703,-2.4383249282836914,39.63227462768555,10.945396423339844,5.827389240264893,0.8062757253646851,14.435062408447266,-4.206677436828613,5.972794532775879,disco,3
disco.00016,6,-39.0154914855957,80.77594757080078,3.062960386276245,31.27471351623535,11.539789199829102,5.394740104675293,-0.8207182884216309,12.949522972106934,-4.097531318664551,8.6300630569458,disco,3
disco.00016,7,-35.251827239990234,93.11286163330078,-4.713210105895996,29.415077209472656,10.502007484436035,6.513314247131348,1.6757999658584597,9.638084411621094,-1.3302972316741943,10.032885551452637,disco,3
disco.00016,8,-38.11370086669922,83.09370422363281,-6.139482498168945,36.5715217590332,10.361123085021973,2.198672294616699,2.932921886444092,6.299312114715576,-8.256842613220215,6.102912902832031,disco,3
disco.00016,9,-32.287532806396484,79.92523956298828,2.7715413570404053,28.92891502380371,8.615714073181152,2.364154815673828,0.7315523624420166,12.64798069000244,-3.865979671478272,9.31869411468506,disco,3
disco.00017,0,-106.8956298828125,104.59979248046876,3.465654134750366,10.788508415222168,4.749128341674805,0.8997054100036621,-1.7890441417694092,-3.825484037399292,-8.495490074157715,-3.679318189620972,disco,3
disco.00017,1,-104.99016571044922,87.75434112548828,11.281620025634766,15.4198637008667,7.122675895690918,-1.7819175720214844,-4.46458911895752,-3.2598915100097656,-9.168129920959473,-4.322610855102539,disco,3
disco.00017,2,-114.5387191772461,92.6720733642578,8.865914344787598,20.72856330871582,12.216602325439451,-1.3064721822738647,-0.2215013951063156,0.3266096711158752,-16.0538387298584,-2.172105550765991,disco,3
disco.00017,3,-79.32147216796875,85.5257797241211,-1.320210337638855,13.355889320373535,4.7113037109375,-5.102737903594971,-4.040741443634033,-4.976409912109375,-7.9571852684021,-4.269318580627441,disco,3
disco.00017,4,-85.58350372314453,83.46626281738281,2.619462490081787,11.63052463531494,8.466047286987305,-5.870384693145752,-4.154836177825928,-1.358159422874451,-7.369778156280518,-3.942657470703125,disco,3
disco.00017,5,-68.47050476074219,83.18472290039062,0.560308039188385,12.839908599853516,4.472071647644043,-3.042792320251465,-2.433903455734253,-1.4906699657440186,-9.829607963562012,-3.9609665870666495,disco,3
disco.00017,6,-96.52261352539062,90.42807006835938,1.4480383396148682,25.826461791992188,-3.5444648265838623,1.5754411220550537,1.6298435926437378,-4.005866527557373,-6.866356372833252,-3.0606510639190674,disco,3
disco.00017,7,-126.68109893798828,104.9662857055664,1.3111250400543213,29.181873321533203,3.847904682159424,1.325178623199463,-0.8329883217811584,-3.824043989181519,-7.400004863739014,-5.435396671295166,disco,3
disco.00017,8,-102.6255874633789,99.69554138183594,-0.0808027982711792,26.525768280029297,-3.762565851211548,-2.306368589401245,-0.5059661865234375,-6.12479829788208,-10.654319763183594,-6.827439785003662,disco,3
disco.00017,9,-95.51374816894533,91.90116119384766,-0.7045153379440308,26.896221160888672,-2.0808262825012207,-1.4055490493774414,0.0228501539677381,-3.2249488830566406,-7.217682361602783,-2.897840738296509,disco,3
disco.00018,0,-88.05147552490234,66.879638671875,15.220261573791504,1.5501421689987185,6.901817798614502,13.069873809814451,2.7341551780700684,5.991758823394775,-3.8730080127716064,8.014274597167969,disco,3
disco.00018,1,-99.6164779663086,68.64179992675781,15.9787015914917,3.5936472415924072,10.049642562866213,15.885674476623535,5.338912963867188,3.4056918621063232,-7.0722246170043945,10.46486473083496,disco,3
disco.00018,2,-94.3592758178711,69.1710433959961,18.652009963989254,-2.15451455116272,5.466168880462647,15.102229118347168,3.294763803482056,1.9288946390151975,-9.255898475646973,6.810751438140869,disco,3
disco.00018,3,-68.95748901367188,72.39720916748047,11.40177059173584,3.605186462402344,7.023998260498047,14.2947416305542,7.067862033843994,-4.571402072906494,-9.92007541656494,10.710094451904297,disco,3
disco.00018,4,-59.01628875732422,73.87910461425781,7.8709397315979,9.717182159423828,1.6493054628372192,3.920265197753906,3.1459062099456787,-5.53639554977417,-5.9296417236328125,12.529129981994627,disco,3
disco.00018,5,-87.7353744506836,82.44586944580078,23.84442710876465,-7.200496673583984,9.47415256500244,15.157187461853027,-0.5455196499824524,1.3624086380004885,-4.35606050491333,9.322261810302734,disco,3
disco.00018,6,-70.76514434814453,73.63198852539062,10.684661865234377,7.02149772644043,6.994162082672119,6.424615383148193,5.921472072601318,0.708311140537262,-8.873472213745117,10.373116493225098,disco,3
disco.00018,7,-76.13662719726562,80.56376647949219,18.89105987548828,-2.360093355178833,1.9138495922088623,11.520838737487791,4.022500991821289,-1.8137327432632449,-8.295170783996582,11.058088302612305,disco,3
disco.00018,8,-52.2401123046875,69.6351089477539,-0.0212716907262802,-2.7830045223236084,0.6053072214126587,10.59842586517334,2.8298795223236084,4.725738048553467,1.9327336549758911,5.588254928588867,disco,3
disco.00018,9,-33.99726486206055,60.17333221435547,-1.674690842628479,2.772862434387207,-4.72162675857544,2.8176379203796387,4.846812725067139,3.367798089981079,-4.32365608215332,5.279650688171387,disco,3
disco.00019,0,-176.23385620117188,128.94940185546875,-9.685775756835938,26.10605812072754,36.62617111206055,12.563474655151367,3.555575370788574,9.210932731628418,4.217641830444336,5.417231559753418,disco,3
disco.00019,1,-89.6595230102539,116.52210235595705,-24.635574340820312,11.564910888671877,23.630634307861328,10.052449226379396,-11.003698348999023,6.595845699310303,3.698818206787109,6.690182685852051,disco,3
disco.00019,2,-205.7904510498047,141.37376403808594,-7.940442085266113,21.36042022705078,35.18585586547852,18.60456657409668,8.757468223571777,10.174072265625,4.812347412109375,8.252294540405273,disco,3
disco.00019,3,-149.4685821533203,116.72967529296876,-21.78253173828125,22.625450134277344,31.42789077758789,14.480344772338867,2.3030452728271484,5.850214004516602,5.873868465423584,8.567208290100098,disco,3
disco.00019,4,-72.89439392089844,98.079833984375,-29.559894561767575,13.799833297729492,13.112003326416016,13.979999542236328,0.3067379295825958,4.706125259399414,4.824989318847656,8.000185012817383,disco,3
disco.00019,5,-61.35797882080078,100.64451599121094,-40.19678497314453,16.726377487182617,12.77924919128418,12.15849781036377,8.7485933303833,6.342049598693848,4.240800857543945,8.5226469039917,disco,3
disco.00019,6,-47.34760284423828,100.7544937133789,-43.5657844543457,11.41348361968994,7.65989351272583,10.555140495300291,8.250874519348145,6.318059921264648,4.842809200286865,8.417865753173828,disco,3
disco.00019,7,-27.848819732666016,86.87574005126953,-42.8139533996582,18.29390335083008,18.84449005126953,4.701223850250244,-3.178936719894409,0.7020957469940186,6.588764190673828,12.19151782989502,disco,3
disco.00019,8,-55.51784133911133,104.56439208984376,-44.23777389526367,12.793914794921877,10.7141695022583,11.300765991210938,8.399216651916504,5.181094169616699,6.223965167999268,10.865900039672852,disco,3
disco.00019,9,-68.22410583496094,104.24854278564452,-40.885704040527344,11.874953269958496,8.793259620666504,12.102850914001465,8.205653190612793,7.409615039825439,6.56990385055542,9.887706756591797,disco,3
disco.00020,0,-143.6919403076172,112.3216323852539,-13.425705909729004,45.394142150878906,2.091691255569458,16.820131301879883,-12.104313850402832,2.4594991207122803,-6.879368305206299,-1.6137932538986206,disco,3
disco.00020,1,-97.18695831298828,108.07584381103516,-13.965705871582031,39.82568359375,-9.579405784606934,15.713671684265137,-7.500142097473144,6.69601583480835,-3.199560642242432,1.5564355850219729,disco,3
disco.00020,2,-83.81437683105469,91.1815948486328,-8.81028938293457,36.3728141784668,-11.179123878479004,15.314992904663086,-4.932246685028076,7.304529190063477,-4.198444843292236,3.62006139755249,disco,3
disco.00020,3,-86.38611602783203,91.49803924560548,-6.491909980773926,37.97380447387695,-11.346458435058594,15.92507553100586,-9.617494583129885,7.443007469177246,-5.406064510345459,1.2011561393737793,disco,3
disco.00020,4,-76.60184478759766,78.21095275878906,3.025367259979248,43.71650314331055,-11.029197692871094,19.696590423583984,-8.852014541625977,7.632298946380615,-3.686158657073975,0.3418623208999634,disco,3
disco.00020,5,-95.73011779785156,109.8718032836914,-28.58844947814941,26.729372024536133,-10.9415283203125,15.411486625671388,-6.094444751739502,9.154485702514648,0.5904921293258667,6.0797224044799805,disco,3
disco.00020,6,-108.15232849121094,107.8819580078125,-21.10317039489746,32.96478271484375,-17.381799697875977,17.463375091552734,-4.753640651702881,8.544429779052734,-6.505500793457031,4.196292877197266,disco,3
disco.00020,7,-99.80534362792967,101.0474090576172,-15.43181037902832,25.297945022583008,-16.500816345214844,18.10350799560547,-3.643844127655029,8.92143726348877,-5.740435600280762,3.1755049228668213,disco,3
disco.00020,8,-112.582275390625,128.86965942382812,-26.216371536254883,39.85483551025391,-10.019335746765137,16.49843406677246,-9.13259983062744,7.924921035766602,-4.143759250640869,2.245964765548706,disco,3
disco.00020,9,-136.200439453125,131.546875,-12.80504035949707,38.62394714355469,-8.224320411682129,16.69908332824707,-1.7552059888839722,14.90556812286377,-5.469855785369873,-10.93535614013672,disco,3
disco.00021,0,-131.0807647705078,98.97248840332033,-23.83626365661621,-11.209922790527344,-0.1302617043256759,-9.805340766906738,1.6027114391326904,-4.32539176940918,-10.02187442779541,3.356717109680176,disco,3
disco.00021,1,-132.6140899658203,80.71752166748047,10.161500930786133,-1.8630642890930176,8.637751579284668,-0.1718005836009979,1.5635966062545776,2.7873024940490723,-4.251917362213135,2.988086700439453,disco,3
disco.00021,2,-120.98860931396484,64.1795425415039,45.51165771484375,16.705469131469727,18.51226043701172,11.449056625366213,2.223905563354492,7.765365123748779,3.424887418746948,4.307552337646484,disco,3
disco.00021,3,-115.62893676757812,66.79602813720703,41.96369171142578,16.01923942565918,17.44519805908203,6.894925594329834,2.15744948387146,6.711672306060791,0.3028852343559265,1.8656972646713257,disco,3
disco.00021,4,-102.80348205566406,66.02501678466797,40.13434600830078,19.79628562927246,15.855509757995604,5.693724632263184,0.6043408513069153,6.137969493865967,-0.1641537547111511,-0.7627854943275452,disco,3
disco.00021,5,-117.37586975097656,66.7455062866211,47.88908386230469,17.14852523803711,16.86069679260254,7.602206230163574,2.1914331912994385,9.35471534729004,3.5185470581054688,5.549442291259766,disco,3
disco.00021,6,-127.3463363647461,65.24678039550781,48.71047592163086,12.674861907958984,14.678726196289062,8.493685722351074,1.470253825187683,8.445281982421875,4.341796398162842,3.8574297428131104,disco,3
disco.00021,7,-106.86083221435548,63.15642166137695,34.11423873901367,18.262582778930664,14.999966621398926,4.533630847930908,3.957470178604126,4.352961540222168,0.0567948557436466,6.885621070861816,disco,3
disco.00021,8,-83.94450378417969,66.6798324584961,28.37067604064941,14.095590591430664,14.925948143005373,-1.323333740234375,-1.901250958442688,6.079465866088867,-1.734142541885376,8.348298072814941,disco,3
disco.00021,9,-112.04690551757812,66.46147918701172,40.24805450439453,9.500947952270508,8.790887832641602,5.2220563888549805,4.2905778884887695,2.816777229309082,-5.243679046630859,3.129260301589966,disco,3
disco.00022,0,-95.0348892211914,45.12286758422852,17.70367431640625,37.58677291870117,12.823972702026367,7.65340518951416,7.716798782348633,4.85924243927002,-1.9561671018600464,3.686037063598633,disco,3
disco.00022,1,-87.16404724121094,51.64820098876953,14.435465812683104,41.15125274658203,12.387484550476074,6.458808422088623,7.195011138916016,0.1606011092662811,-2.327340841293335,0.0272165741771459,disco,3
disco.00022,2,-74.42984771728516,44.840919494628906,21.654809951782227,30.473583221435547,14.378700256347656,2.895352602005005,4.832424640655518,0.0887020379304885,-0.6277467012405396,0.8421306610107422,disco,3
disco.00022,3,-78.93045043945312,44.129844665527344,22.659799575805664,29.87593650817871,11.185720443725586,3.4122731685638428,7.504323005676269,-2.606389045715332,-3.916629076004028,-0.1128768995404243,disco,3
disco.00022,4,-75.51604461669922,43.585296630859375,17.448673248291016,27.62848663330078,11.571965217590332,2.956935405731201,6.73062801361084,0.4233196675777435,-3.632296562194824,3.31190037727356,disco,3
disco.00022,5,-69.44689178466797,44.14110565185547,29.40288543701172,29.951217651367188,10.669154167175291,3.433453321456909,3.3568928241729736,1.8909190893173216,-4.124425888061523,-1.997794270515442,disco,3
disco.00022,6,-50.40371322631836,49.3433837890625,23.69112014770508,22.898012161254883,4.1293110847473145,-1.0461866855621338,9.993582725524902,4.8687286376953125,-1.2412264347076416,1.3007415533065796,disco,3
disco.00022,7,-59.03255081176758,47.7618408203125,19.74324989318848,27.21532821655273,5.273308277130127,-0.2398611158132553,11.771831512451172,4.553988933563232,-2.3658814430236816,-1.2950608730316162,disco,3
disco.00022,8,-61.8665657043457,45.84033966064453,27.351734161376957,21.99409484863281,4.00781774520874,-1.1111743450164795,12.976496696472168,6.906936168670654,-1.1455401182174685,-0.4941071271896362,disco,3
disco.00022,9,-69.01519012451172,53.636756896972656,16.32627296447754,30.48041343688965,8.493125915527344,-0.309591680765152,10.631254196166992,4.3057541847229,0.0669057369232177,-0.4117938578128814,disco,3
disco.00023,0,-62.44357299804688,65.51978302001953,1.4749504327774048,16.821626663208008,2.3161892890930176,2.977376937866211,-3.985339403152466,-3.0683395862579346,-5.884562015533447,5.367675304412842,disco,3
disco.00023,1,-32.34828567504883,58.49362564086914,4.983875274658203,24.265602111816406,9.513946533203123,-1.872241497039795,1.1700044870376587,3.290187358856201,-5.2952399253845215,3.0931661128997803,disco,3
disco.00023,2,-27.03257369995117,72.06609344482422,7.085291862487793,20.64634132385254,7.350834846496582,2.380998373031616,2.5193064212799072,5.628046035766602,-0.871956467628479,6.871176719665527,disco,3
disco.00023,3,-42.7363395690918,52.29133224487305,2.3867077827453613,11.013172149658203,0.9019988775253296,1.6887158155441284,-5.0641865730285645,-0.8632971048355103,-5.842932224273682,3.8446695804595943,disco,3
disco.00023,4,-32.07394027709961,56.49306488037109,4.233577728271484,19.097766876220703,6.409481525421143,4.875732421875,-1.2542250156402588,3.025963306427002,-2.708324670791626,3.058706283569336,disco,3
disco.00023,5,-9.908794403076172,56.46094131469727,-1.6255277395248413,24.30279541015625,1.9499493837356567,-1.8313337564468384,-1.5426321029663086,0.7421672940254211,-4.666616916656494,4.964087009429932,disco,3
disco.00023,6,-38.79118347167969,65.29165649414062,7.64421272277832,22.688379287719727,5.22090482711792,-2.8707571029663086,-2.542549133300781,0.2104766815900802,-5.450046062469482,2.2520267963409424,disco,3
disco.00023,7,-27.05807876586914,55.26575469970703,-7.590983867645264,12.89171314239502,0.347744882106781,-2.0071499347686768,-4.45039176940918,2.6252479553222656,-4.020479679107666,3.217832326889038,disco,3
disco.00023,8,-25.435266494750977,61.091705322265625,6.00213623046875,18.70246124267578,3.7934250831604,2.961968421936035,-2.089887380599976,-1.3734999895095823,-3.948753118515015,4.756339073181152,disco,3
disco.00023,9,-25.128387451171875,59.01899719238281,10.326528549194336,19.329147338867188,5.358797550201416,1.1987532377243042,-2.2151503562927246,3.873955726623535,-7.125085353851318,1.0826412439346311,disco,3
disco.00024,0,-119.2887191772461,112.2751235961914,-14.715867042541504,-1.2882697582244873,16.15670394897461,1.597542405128479,3.67310094833374,7.868088722229004,-2.7240443229675293,-0.8291826844215393,disco,3
disco.00024,1,-62.53118896484375,80.31167602539062,-15.261207580566406,3.0067782402038574,7.920674800872803,0.4969112575054168,1.5911775827407837,6.335155963897705,0.8498638868331909,6.204797267913818,disco,3
disco.00024,2,-69.74459075927734,81.66510009765625,-15.51444149017334,-1.4882781505584717,6.400356769561768,0.2890543937683105,0.9644328951835632,3.2626585960388184,-4.512539386749268,2.7293221950531006,disco,3
disco.00024,3,-69.124755859375,78.66859436035156,-14.518518447875977,-1.276390552520752,7.82530927658081,2.6443963050842285,1.9058343172073364,5.655742168426514,-2.8226380348205566,4.342938423156738,disco,3
disco.00024,4,-72.04627990722656,79.88511657714844,-15.268945693969728,-1.7083418369293213,7.209002494812012,2.757683038711548,0.630045473575592,3.264286518096924,1.2466397285461426,1.0035709142684937,disco,3
disco.00024,5,-52.990421295166016,75.26637268066406,-13.354591369628906,3.1456966400146484,4.0555596351623535,0.4526177048683166,0.1162130534648895,3.5648555755615234,-5.547098159790039,4.362771034240723,disco,3
disco.00024,6,-54.01405715942383,75.96654510498047,-20.69222450256348,-1.1134209632873535,2.855722188949585,-1.409855604171753,-0.4415695071220398,6.282273769378662,1.6566845178604126,7.816085815429687,disco,3
disco.00024,7,-63.6938705444336,83.85926055908203,-20.825273513793945,-3.046144962310791,5.439929008483887,0.0616566576063632,1.0590529441833496,2.1693081855773926,-1.9420920610427856,4.460366725921631,disco,3
disco.00024,8,-64.72250366210938,84.15886688232422,-19.59765625,4.707769393920898,8.727529525756836,-0.5086389183998108,2.8613758087158203,5.14522647857666,-2.0099191665649414,3.744670152664185,disco,3
disco.00024,9,-65.9206314086914,79.84553527832031,-16.16039276123047,0.0773215070366859,7.318420886993408,1.4746719598770142,1.4347543716430664,4.095197677612305,2.0591306686401367,0.0799581706523895,disco,3
disco.00025,0,-128.7533416748047,90.41082000732422,-1.5854228734970093,11.963566780090332,2.762411832809448,-3.0178041458129883,-0.7839789986610413,-5.716608047485352,-5.40675163269043,0.932659149169922,disco,3
disco.00025,1,-126.98323059082033,90.96488189697266,-5.451125621795654,11.515088081359863,1.614482879638672,-3.21164608001709,0.5634194016456604,-8.367769241333008,-4.4950337409973145,1.250781536102295,disco,3
disco.00025,2,-143.76730346679688,98.03179168701172,-11.747593879699709,19.63817024230957,-1.587898015975952,1.6355105638504028,-1.4533536434173584,-1.771975040435791,-2.453999280929565,-2.064979791641236,disco,3
disco.00025,3,-114.49880981445312,89.21158599853516,-6.591148853302002,16.60624122619629,5.021151065826416,-5.656844615936279,0.3356769979000091,-7.667986392974853,-7.937292575836182,2.775028944015503,disco,3
disco.00025,4,-133.0752716064453,99.26734924316406,-9.655998229980469,10.492795944213867,0.1809286922216415,-0.1282705515623092,1.57856023311615,-3.723054885864258,-4.371955394744873,0.7778476476669312,disco,3
disco.00025,5,-130.9308319091797,95.79253387451172,-14.395036697387695,12.731193542480469,-3.309598684310913,-2.6746697425842285,-2.284355640411377,-4.262397766113281,-1.2151697874069214,-1.6838003396987915,disco,3
disco.00025,6,-124.39798736572266,86.34193420410156,-16.67191505432129,9.562823295593262,-3.272169351577759,-6.844367027282715,0.6867063045501709,-1.8644708395004272,-5.64746618270874,-2.4201371669769287,disco,3
disco.00025,7,-120.22228240966795,85.01657104492188,-16.074596405029297,8.341473579406738,-4.08555793762207,-2.494893789291382,-1.455311894416809,-3.980458498001098,-1.6675114631652832,0.3566570878028869,disco,3
disco.00025,8,-106.71027374267578,87.3526611328125,-18.840303421020508,3.1194634437561035,-2.940232515335083,-8.779961585998535,-2.405780076980591,-1.1681623458862305,-0.6722025275230408,-1.435746669769287,disco,3
disco.00025,9,-111.83304595947266,80.60021209716797,-11.703378677368164,6.3440260887146,-5.614737033843994,-6.116071701049805,-2.929521083831787,0.2980895936489105,-3.2422635555267334,-0.9482226967811584,disco,3
disco.00026,0,-68.1286392211914,77.19962310791016,9.04645824432373,21.599395751953125,15.398412704467772,15.356392860412598,3.936322927474976,9.651117324829102,7.180310249328613,11.229166984558104,disco,3
disco.00026,1,-81.79126739501953,63.9240837097168,17.475914001464844,24.07986640930176,14.702861785888672,5.8613762855529785,0.9042633175849916,4.360054969787598,3.013253927230835,2.741617441177368,disco,3
disco.00026,2,-82.39892578125,73.60862731933594,12.266717910766602,16.474458694458008,7.795150279998779,9.022001266479492,2.896459579467773,3.1253445148468018,2.747739791870117,9.487704277038574,disco,3
disco.00026,3,-76.90174865722656,64.95738983154297,20.21429443359375,26.46891021728516,13.008631706237791,10.2245512008667,2.350660562515259,3.850918531417847,1.3302091360092163,4.455971717834473,disco,3
disco.00026,4,-75.39630889892578,61.316043853759766,14.313913345336914,21.986913681030277,13.332201957702637,3.706819772720337,-0.205145850777626,4.922967910766602,4.263674736022949,3.205642938613892,disco,3
disco.00026,5,-73.9802017211914,74.94014739990234,6.4770355224609375,22.866500854492188,5.7763848304748535,10.610968589782717,1.7674957513809204,3.9270169734954834,0.7489280104637146,11.55120086669922,disco,3
disco.00026,6,-53.000770568847656,59.16159439086914,12.565025329589844,18.576396942138672,4.166642189025879,4.59851598739624,2.0716168880462646,0.0691729635000228,-3.807222604751587,2.3008320331573486,disco,3
disco.00026,7,-63.909706115722656,61.299354553222656,8.92723560333252,26.503795623779297,8.34540843963623,1.8327863216400144,5.346408367156982,3.4468390941619877,-4.119997024536133,1.2001687288284302,disco,3
disco.00026,8,-38.161712646484375,64.03936767578125,11.57849407196045,18.07567405700684,5.533918857574463,1.1616040468215942,-5.687997817993164,1.2741836309432983,-0.1943179816007614,1.0774768590927124,disco,3
disco.00026,9,-64.64759063720703,63.67235565185547,5.440450191497803,22.83600807189941,8.925681114196777,4.7116241455078125,2.310284376144409,3.79200291633606,-1.6118465662002563,0.5555986166000366,disco,3
disco.00027,0,-233.1771240234375,43.1123275756836,34.38947677612305,29.708860397338867,41.14557647705078,28.184776306152344,9.525243759155272,16.91613006591797,11.576241493225098,8.726279258728027,disco,3
disco.00027,1,-192.6843719482422,55.6160774230957,38.29957962036133,29.309465408325195,31.419572830200195,21.980836868286133,8.682936668395996,13.511850357055664,10.10625457763672,8.795751571655273,disco,3
disco.00027,2,-154.6483917236328,62.99489212036133,21.1043701171875,34.1871337890625,25.012149810791016,13.581987380981444,7.804986953735352,3.138644218444824,7.017105102539063,7.196800708770752,disco,3
disco.00027,3,-147.9921875,59.57521057128906,29.16657447814941,29.69608497619629,19.87337684631348,16.275888442993164,8.164766311645508,3.073842287063598,0.1739062964916229,3.6575210094451904,disco,3
disco.00027,4,-169.52191162109375,52.14186477661133,35.993247985839844,36.6321907043457,27.64264678955078,18.673940658569336,13.168416023254396,6.600366592407227,2.49946403503418,9.432031631469728,disco,3
disco.00027,5,-163.29150390625,54.46520233154297,26.151945114135746,33.96357345581055,29.92401885986328,15.596784591674805,6.662101268768311,11.345478057861328,7.160690307617188,7.859704494476318,disco,3
disco.00027,6,-155.57435607910156,58.3109245300293,26.94428253173828,28.05054473876953,24.63270378112793,18.313556671142575,10.018716812133787,8.165895462036133,2.8019449710845947,4.732350826263428,disco,3
disco.00027,7,-135.62643432617188,66.44002532958984,7.482856750488281,37.83354187011719,20.586462020874023,11.353482246398926,10.345232009887695,11.048874855041504,6.796677589416504,6.826586723327637,disco,3
disco.00027,8,-106.26463317871094,73.91107177734375,7.5356831550598145,26.878211975097656,17.03856658935547,12.924066543579102,12.812565803527832,7.000288009643555,2.640641450881958,3.729630470275879,disco,3
disco.00027,9,-99.89501190185548,79.4951171875,5.173359394073486,26.037206649780277,13.153244972229004,12.0416841506958,7.1719970703125,3.974151134490967,2.9123077392578125,4.277495861053467,disco,3
disco.00028,0,-12.5499267578125,46.45906829833984,9.860427856445312,13.353144645690918,15.943099975585938,13.598881721496582,3.686767578125,5.421393394470215,0.4279727637767792,-0.4807848334312439,disco,3
disco.00028,1,-31.13799095153809,59.82558441162109,9.323748588562012,4.744382858276367,18.97691345214844,10.562517166137695,3.851027250289917,8.199894905090332,1.3858766555786133,5.358601093292236,disco,3
disco.00028,2,-28.59760856628418,53.72327423095703,10.165221214294434,5.629373073577881,19.857500076293945,12.295281410217283,4.75424861907959,7.49937105178833,-0.5370361804962158,2.4701855182647705,disco,3
disco.00028,3,-15.553231239318848,54.15007781982422,1.7112950086593628,7.824918270111084,21.64125633239746,10.491945266723633,3.342597961425781,6.82006311416626,-0.4340619742870331,0.4137212634086609,disco,3
disco.00028,4,-17.755189895629883,56.90717315673828,-0.0494939722120761,1.7445693016052246,20.6226749420166,8.121953010559082,3.118306398391724,6.674134731292725,-0.0853062123060226,3.228940010070801,disco,3
disco.00028,5,-9.20652675628662,50.11651611328125,6.741570472717285,2.1733486652374268,14.819050788879396,10.345464706420898,7.521210193634033,7.1100921630859375,-1.295947551727295,4.8454461097717285,disco,3
disco.00028,6,-15.45168399810791,49.26774978637695,7.237398624420166,14.739741325378418,15.738128662109377,6.456437110900879,3.0563015937805176,3.614593744277954,-2.8602004051208496,0.6045994758605957,disco,3
disco.00028,7,-26.46821403503418,50.741485595703125,10.129862785339355,18.72528076171875,12.038946151733398,9.492356300354004,4.821323394775391,4.130538463592529,-0.9854092001914978,1.6265342235565186,disco,3
disco.00028,8,-23.986328125,58.93598937988281,0.0500085689127445,14.024962425231934,16.18193817138672,7.516083240509033,6.739705562591553,6.939584732055664,0.414787083864212,-0.7678578495979309,disco,3
disco.00028,9,-24.606964111328125,56.92095184326172,5.271206378936768,18.640504837036133,15.08090114593506,6.293651580810547,5.2290215492248535,7.198764801025391,0.2942776381969452,-0.1421560794115066,disco,3
disco.00029,0,-78.6759262084961,72.95825958251953,-7.206827163696289,6.256325721740723,5.719475746154785,7.240856647491455,13.642237663269045,-1.4277818202972412,0.590610682964325,3.5234436988830566,disco,3
disco.00029,1,-70.10035705566406,70.84176635742188,-4.698812484741211,1.3116888999938965,7.782609462738037,-1.3739018440246582,11.641785621643066,-1.4713928699493408,0.7983322143554688,1.724614500999451,disco,3
disco.00029,2,-60.97448348999024,73.58964538574219,-13.708648681640623,4.938360691070557,2.239027500152588,4.488969326019287,14.318244934082031,-1.2675293684005735,2.1332688331604004,4.451099395751953,disco,3
disco.00029,3,-69.23324584960938,76.78477478027344,-7.326328754425049,6.874144554138184,6.204070568084717,3.594102144241333,13.675750732421877,1.031785488128662,2.9088621139526367,5.4556884765625,disco,3
disco.00029,4,-47.60606384277344,64.22879028320312,-8.6329345703125,0.5679914951324463,9.081823348999023,-0.2000574022531509,13.02298641204834,-2.4360756874084477,-0.3171226978302002,2.653705596923828,disco,3
disco.00029,5,-44.407169342041016,56.8883056640625,-3.9548282623291016,4.7450690269470215,2.4987080097198486,1.2065725326538086,10.99757480621338,-1.3429865837097168,4.919610023498535,6.677855968475342,disco,3
disco.00029,6,-65.28831481933594,70.63809967041016,-3.943936824798584,3.2875003814697266,5.991840362548828,5.319602012634277,15.447314262390137,-4.928212642669678,2.816994428634644,3.337241172790528,disco,3
disco.00029,7,-59.86662292480469,71.5982437133789,-13.375310897827148,-2.960787057876587,3.85932993888855,5.863250732421875,17.215200424194336,-0.3215162456035614,-2.253994464874268,2.775761604309082,disco,3
disco.00029,8,-46.9311752319336,68.22626495361328,-7.399826526641846,3.3827121257781982,2.5185563564300537,5.105332374572754,15.349055290222168,-0.7515393495559692,3.8678386211395264,7.150416851043701,disco,3
disco.00029,9,-44.5858268737793,64.25825500488281,-13.6289644241333,8.095296859741211,5.271768093109131,2.2570600509643555,10.415653228759766,-0.2474981695413589,1.3383749723434448,-0.2111382186412811,disco,3
disco.00030,0,-24.401464462280277,61.709083557128906,3.438196182250977,8.028071403503418,3.2763566970825195,4.887205600738525,4.924703121185303,7.188185214996338,-3.891426801681519,-3.027803897857666,disco,3
disco.00030,1,-42.13052749633789,66.04736328125,3.309175491333008,18.655351638793945,17.07345962524414,13.043889999389648,5.80755090713501,6.201140880584717,2.091179609298706,-1.9242174625396729,disco,3
disco.00030,2,-37.46894073486328,67.42166137695312,-3.7373223304748535,22.47382354736328,10.984735488891602,10.043832778930664,7.0092620849609375,7.556614398956299,1.1856402158737185,1.5931037664413452,disco,3
disco.00030,3,-48.80849075317383,65.91988372802734,3.2588706016540527,17.096864700317383,18.36596298217773,8.950580596923828,2.129910945892334,3.501220226287842,-3.0690691471099854,0.0253524780273437,disco,3
disco.00030,4,-72.23607635498047,71.79102325439453,3.935669422149658,17.34857177734375,15.774070739746094,11.185017585754396,8.968975067138672,5.8208184242248535,1.9418368339538572,6.063949108123779,disco,3
disco.00030,5,-28.2253532409668,53.6097412109375,9.516263961791992,18.200424194335938,15.63790798187256,8.967456817626953,1.3235284090042114,1.454968810081482,-3.0362024307250977,-2.999749660491944,disco,3
disco.00030,6,-62.01742172241211,69.09844970703125,8.032428741455078,17.25973892211914,14.98447608947754,8.816493034362793,3.853835344314575,4.8020124435424805,0.7795231938362122,4.663508892059326,disco,3
disco.00030,7,-30.389780044555664,68.70881652832031,3.826992511749268,16.04278564453125,1.7832223176956177,6.202398300170898,4.562532901763916,10.186161041259766,-1.857511162757873,-2.0669736862182617,disco,3
disco.00030,8,-26.40477752685547,54.699405670166016,8.459078788757324,15.27782917022705,10.03031063079834,7.833615303039551,1.8141658306121824,2.265241861343384,-0.6060521006584167,-3.0789003372192383,disco,3
disco.00030,9,-35.08616256713867,61.24124526977539,9.727372169494627,14.101262092590332,13.498337745666504,13.572957038879396,5.444164276123047,3.2225558757781982,0.7211767435073853,-0.0204387959092855,disco,3
disco.00031,0,-117.71110534667967,50.18788146972656,-16.635128021240234,4.718270778656006,3.3143327236175537,-0.9025509357452391,-2.124929189682007,-14.806634902954102,-10.219807624816896,-3.629193782806397,disco,3
disco.00031,1,-99.93538665771484,44.652374267578125,-11.308032989501951,4.010272979736328,-3.2585289478302,-1.089138746261597,0.2239529490470886,-8.251373291015625,-10.622926712036133,-1.0993800163269043,disco,3
disco.00031,2,-22.377830505371094,62.12840270996094,-16.644290924072266,24.518272399902344,4.629099845886231,5.526628017425537,4.738620758056641,-2.198670625686645,0.401933342218399,0.7307127714157104,disco,3
disco.00031,3,-44.5096321105957,60.95146179199219,-18.877296447753903,17.730209350585938,12.260209083557127,12.007763862609863,4.202063083648682,0.5120761394500732,3.462085485458374,1.2334259748458862,disco,3
disco.00031,4,-63.16925430297852,60.79175567626953,-14.42354679107666,15.39002799987793,12.258122444152832,14.257450103759766,3.373378038406372,-0.2380558252334594,2.3842933177948,0.7081330418586731,disco,3
disco.00031,5,-70.80351257324219,58.80518341064453,-4.908000469207764,21.47219467163086,12.233197212219238,14.544272422790527,3.475746393203736,-1.1776787042617798,1.4339858293533323,0.5280871391296387,disco,3
disco.00031,6,-54.775909423828125,58.546573638916016,-3.6015992164611816,18.310693740844727,2.6002979278564453,12.446727752685549,6.501441955566406,-6.891257762908936,0.0520146302878856,2.5260863304138184,disco,3
disco.00031,7,-76.80220794677734,52.94782257080078,1.3766456842422483,24.51934051513672,9.183049201965332,12.261974334716797,9.143024444580078,-1.0257915258407593,-0.5506793856620789,3.5057690143585205,disco,3
disco.00031,8,-49.62391662597656,70.04204559326172,-1.0124095678329468,11.750381469726562,1.5772370100021362,0.2989854216575622,4.8284454345703125,2.9247090816497803,3.10816502571106,6.575259208679199,disco,3
disco.00031,9,-65.51812744140625,64.67501068115234,4.818203449249268,12.22899055480957,0.8240830898284912,7.362882137298584,6.17171049118042,-4.58918571472168,-2.4525930881500244,4.76093339920044,disco,3
disco.00032,0,-127.43057250976562,93.89093780517578,-19.323955535888672,-2.821568250656128,6.242749214172363,12.47978401184082,-2.547950267791748,3.4586427211761475,-2.9491262435913086,0.3669207096099853,disco,3
disco.00032,1,-69.04183959960938,91.078369140625,-19.77587890625,10.91700267791748,4.671617031097412,21.0244197845459,1.6589319705963137,4.037685394287109,-1.6363202333450315,5.928420066833496,disco,3
disco.00032,2,-139.88827514648438,90.75509643554688,-25.34835624694824,7.947241306304932,11.473274230957031,8.74455738067627,-3.344238758087158,1.3781781196594238,-5.9602766036987305,3.4619784355163574,disco,3
disco.00032,3,-138.0561065673828,88.58509063720703,-23.90955924987793,0.7154217958450317,10.37668228149414,9.89232349395752,-4.662883758544922,1.636683702468872,-6.207968235015869,1.8720386028289795,disco,3
disco.00032,4,-92.3192901611328,83.76824951171875,-37.660186767578125,14.726116180419922,13.345338821411133,14.195738792419434,0.5975771546363831,2.7386515140533447,-0.7688290476799011,4.634927272796631,disco,3
disco.00032,5,-137.15103149414062,82.41523742675781,-26.96051788330078,2.301503896713257,7.3849592208862305,6.143652439117432,-3.826659679412842,-10.777090072631836,-8.173779487609863,0.4408620297908783,disco,3
disco.00032,6,-132.68301391601562,88.869873046875,-20.777833938598636,14.772549629211426,7.959722518920898,10.730213165283203,2.8626325130462646,-2.3994009494781494,-0.1535784155130386,1.6344566345214844,disco,3
disco.00032,7,-120.4923324584961,74.95435333251953,-17.520374298095703,11.1258544921875,7.71817684173584,14.736921310424805,2.036409616470337,-1.9632117748260496,-3.6784439086914062,2.0759456157684326,disco,3
disco.00032,8,-128.39955139160156,71.84587097167969,-17.461809158325195,-4.799455165863037,3.614176034927368,16.309152603149414,-6.2803168296813965,-6.011866569519043,-4.52608060836792,1.9349784851074217,disco,3
disco.00032,9,-148.3563690185547,106.6298370361328,-15.97414779663086,13.887969970703123,11.35735034942627,12.324496269226074,5.142917156219482,0.2081298828125,1.9399479627609253,4.370743274688721,disco,3
disco.00033,0,-73.711181640625,95.9451904296875,-6.127389907836914,37.10696029663086,7.14684009552002,12.039178848266602,-3.647981882095337,15.442039489746094,3.264150381088257,8.880889892578125,disco,3
disco.00033,1,-95.8626480102539,95.62793731689452,-4.518699645996094,44.59930038452149,11.300898551940918,7.931751251220703,-1.4644925594329834,16.722232818603516,-3.372663736343384,8.405200004577637,disco,3
disco.00033,2,-64.90849304199219,89.3678207397461,-6.204047203063965,36.47021484375,6.484453201293945,7.4279279708862305,-6.497831344604492,9.751164436340332,-2.5471577644348145,13.220501899719238,disco,3
disco.00033,3,-39.51514434814453,85.6165542602539,-12.45680046081543,38.36315536499024,3.8669066429138175,12.06109619140625,-0.1604351699352264,6.851795673370361,-2.862656831741333,10.904516220092772,disco,3
disco.00033,4,-59.23015975952149,82.96003723144531,-4.864110469818115,40.74005889892578,-2.822214841842652,8.921767234802246,-1.387173414230347,10.051436424255373,2.239184617996216,11.541112899780272,disco,3
disco.00033,5,-44.62165069580078,83.18157958984375,-13.791953086853027,44.65404891967773,2.9136197566986084,7.475464344024658,-2.0461270809173584,7.480505466461182,-6.1195454597473145,5.386730670928955,disco,3
disco.00033,6,-50.04977416992188,91.71788024902344,-20.69183158874512,38.41241836547852,-3.4209256172180176,9.140067100524902,-0.9411514401435852,8.647075653076172,-1.4117027521133425,12.979974746704102,disco,3
disco.00033,7,-50.090030670166016,69.36323547363281,-5.1214599609375,41.02925109863281,1.6497012376785278,8.38428020477295,-4.268021583557129,7.629148960113525,-2.1083219051361084,9.27954387664795,disco,3
disco.00033,8,-55.37223434448242,82.3298568725586,-16.15105628967285,35.6729736328125,-0.9943806529045104,7.969844818115234,2.1902034282684326,10.32675552368164,-0.466719776391983,9.25005054473877,disco,3
disco.00033,9,-43.808555603027344,90.02794647216797,-26.89065933227539,30.51632308959961,-2.854897737503052,6.387356281280518,4.984023094177246,5.8006439208984375,-3.4220542907714844,8.463841438293457,disco,3
disco.00034,0,-115.36407470703124,43.61827087402344,38.67838668823242,22.461732864379883,14.50808811187744,9.140461921691896,-3.891816139221192,-2.830435514450073,-5.831265926361084,1.01948881149292,disco,3
disco.00034,1,-94.83270263671876,42.7907600402832,21.90530204772949,16.95484161376953,11.96669578552246,5.988140106201172,-4.480189800262451,-1.7812703847885132,-9.272459030151367,1.9958285093307493,disco,3
disco.00034,2,-81.23287200927734,46.60755157470703,19.21287727355957,21.37837028503418,5.42378568649292,-0.6260871291160583,-5.349405765533447,7.161683559417725,4.819330215454102,-1.6532087326049805,disco,3
disco.00034,3,-35.4218635559082,61.232421875,9.92795753479004,5.650722980499268,-3.935267448425293,8.94522476196289,5.654220581054688,-2.124335765838623,-3.542388916015625,6.389939308166504,disco,3
disco.00034,4,-44.082069396972656,55.30122375488281,9.37783908843994,10.071335792541504,7.433074951171875,7.125102519989014,-1.596349596977234,3.056558847427368,-1.837749481201172,-3.586932420730591,disco,3
disco.00034,5,-43.21844100952149,60.68832778930664,11.052695274353027,4.235561847686768,-0.9573686122894288,7.342743396759033,1.2351510524749756,1.2748156785964966,2.543620109558105,2.999628782272339,disco,3
disco.00034,6,-39.9853744506836,55.762813568115234,14.28367805480957,9.334284782409668,-0.5232107043266296,13.389355659484863,1.377752423286438,-3.094412088394165,-4.988544464111328,8.35096549987793,disco,3
disco.00034,7,-64.48146057128906,56.78657150268555,19.607444763183597,13.912469863891602,6.286680221557617,11.939083099365234,0.4180489182472229,-3.1937460899353027,-5.511307239532471,-2.2910122871398926,disco,3
disco.00034,8,-73.39836120605469,56.720306396484375,12.362344741821287,5.348281383514404,4.620231628417969,17.830148696899414,4.3245625495910645,-3.300477743148804,-5.377662658691406,-0.871112048625946,disco,3
disco.00034,9,-65.15835571289062,48.75651168823242,9.748117446899414,16.1449031829834,11.028855323791504,2.3333520889282227,-4.110499858856201,-1.3189795017242432,-11.70509433746338,-5.396862030029297,disco,3
disco.00035,0,-62.99382781982422,47.01235580444336,19.42852020263672,17.118850708007812,17.41110610961914,7.661099910736084,0.6010277271270752,4.1179633140563965,-5.554993629455566,-0.0301831755787134,disco,3
disco.00035,1,-46.17974853515625,54.122657775878906,9.791190147399902,7.240665435791016,15.61646842956543,5.742237091064453,4.849265575408936,2.3371355533599854,-7.027072429656982,1.1756430864334106,disco,3
disco.00035,2,-43.46018600463867,55.47285842895508,4.200404167175293,6.915365695953369,18.10741806030273,3.978633403778076,3.0926146507263184,3.1760458946228027,-8.351692199707031,-1.7645714282989502,disco,3
disco.00035,3,-49.961544036865234,48.39326095581055,16.702260971069336,10.721687316894531,8.171248435974121,9.287400245666504,6.37375545501709,4.365725040435791,-7.310711860656738,-0.2490993738174438,disco,3
disco.00035,4,-49.78022766113281,63.70016479492188,8.312468528747559,-0.0107393702492117,9.629664421081545,6.619185447692871,5.770116329193115,3.0277488231658936,-6.96034574508667,4.299468040466309,disco,3
disco.00035,5,-66.92057037353516,51.72754287719727,15.30136489868164,12.764053344726562,11.432456970214844,6.926413059234619,6.632840156555176,7.68390941619873,-1.249298334121704,-0.7492142915725708,disco,3
disco.00035,6,-57.1850814819336,54.78616714477539,11.70634937286377,5.31889533996582,7.159054279327393,6.069216728210449,5.545469760894775,3.7203872203826895,-5.22285795211792,1.7520623207092283,disco,3
disco.00035,7,-61.49313354492188,61.96525573730469,9.819208145141602,1.2416212558746338,9.85381317138672,6.263597965240479,7.671324729919434,4.930826663970947,-5.795337677001953,3.793545007705689,disco,3
disco.00035,8,-42.76242065429688,51.92806625366211,11.704694747924805,6.748947143554688,7.628362655639648,4.56637716293335,4.427060127258301,6.810876369476318,-5.388291358947754,0.7445452213287354,disco,3
disco.00035,9,-37.8233642578125,68.53395080566406,7.073680877685547,6.719805240631104,14.613794326782228,5.201461791992188,-1.1031798124313354,3.343456983566284,-6.127236843109131,-2.991925001144409,disco,3
disco.00036,0,-11.494823455810549,54.08962631225586,6.4596123695373535,20.31473159790039,5.25031328201294,16.004165649414062,1.7077016830444336,5.9349751472473145,0.3011972308158874,4.732882022857666,disco,3
disco.00036,1,-21.7539005279541,63.44532775878906,15.410110473632812,16.098905563354492,2.683138847351074,11.082527160644531,-1.1160370111465454,3.078855037689209,-0.788094699382782,4.339934349060059,disco,3
disco.00036,2,-49.85627746582031,66.89845275878906,21.99283790588379,11.42531394958496,0.209588274359703,11.530928611755373,6.606409549713135,5.034418106079102,0.6592649817466736,8.438145637512207,disco,3
disco.00036,3,-39.4487533569336,61.70730972290039,9.688097953796388,13.715514183044434,5.701855659484863,13.103009223937988,5.096210956573486,7.114517688751221,3.2433552742004395,7.661386013031006,disco,3
disco.00036,4,-29.26830291748047,58.245582580566406,7.330343723297119,14.3572359085083,3.993716716766357,10.600069046020508,1.3783725500106812,1.3468677997589111,3.789314031600952,7.006275177001953,disco,3
disco.00036,5,-25.14497375488281,58.08373260498047,0.354483962059021,14.605979919433594,3.886024475097656,8.405387878417969,1.6060000658035278,3.229232788085937,2.721181869506836,6.918896675109863,disco,3
disco.00036,6,-10.257988929748535,50.628055572509766,5.1439290046691895,20.04386138916016,8.861159324645996,11.43370532989502,0.5670758485794067,5.977457523345947,2.764900922775269,8.98129653930664,disco,3
disco.00036,7,-16.11297607421875,52.3249626159668,0.3021693229675293,22.438701629638672,9.79884910583496,8.554974555969238,-0.1653825044631958,9.806995391845703,6.918634414672852,10.29594612121582,disco,3
disco.00036,8,-3.470883846282959,56.69679260253906,-1.6262363195419312,15.877809524536133,5.305544853210449,10.558140754699709,-1.3965431451797483,6.225799083709717,4.423313617706299,8.9867525100708,disco,3
disco.00036,9,-29.445417404174805,52.42934036254883,5.156064987182617,16.20982551574707,9.523164749145508,16.881458282470703,2.275642156600952,7.561796188354492,3.867232799530029,6.550284862518311,disco,3
disco.00037,0,-22.077497482299805,55.352989196777344,5.081017017364502,10.158693313598633,18.49093437194824,9.065027236938477,3.0117695331573486,5.939964771270752,2.933417797088623,4.986993789672852,disco,3
disco.00037,1,-10.9251070022583,42.82246398925781,-0.3811245858669281,17.618589401245117,22.445470809936523,9.039156913757324,-0.8359046578407288,8.426517486572266,3.037596702575684,-3.347292184829712,disco,3
disco.00037,2,-23.95858192443848,60.09576416015625,3.826232433319092,7.297272205352783,15.717547416687012,6.285414218902588,8.86944580078125,4.958948612213135,0.0519243516027927,2.724153995513916,disco,3
disco.00037,3,-37.3184814453125,59.82558441162109,6.5967631340026855,9.152854919433594,13.901124954223633,10.655231475830078,3.800307512283325,4.887393474578857,2.034003734588623,1.7860221862792969,disco,3
disco.00037,4,-24.497238159179688,54.94853591918945,1.383548378944397,14.149458885192873,10.687451362609863,11.946147918701172,6.417214393615723,6.054286479949951,0.2525530755519867,5.508706569671631,disco,3
disco.00037,5,-32.403411865234375,52.64696502685547,11.377880096435549,12.962228775024414,14.155341148376465,13.43213176727295,6.453272342681885,7.733287811279297,-1.6149907112121582,-3.827349901199341,disco,3
disco.00037,6,-35.416622161865234,45.84153747558594,4.260767459869385,16.83133316040039,25.412416458129883,10.27964973449707,-0.0685037449002265,7.4195556640625,2.2480275630950928,-4.63210916519165,disco,3
disco.00037,7,-27.188663482666016,52.34751510620117,7.9308762550354,12.3201265335083,17.80192756652832,11.819552421569824,4.486243724822998,7.925525665283203,0.315665066242218,-1.2255210876464844,disco,3
disco.00037,8,-22.385799407958984,49.46159744262695,-2.1740386486053467,16.508054733276367,12.040955543518066,8.582734107971191,7.7119364738464355,5.2280707359313965,0.4403821527957916,1.8673330545425413,disco,3
disco.00037,9,-29.19791412353516,48.08979797363281,3.7976560592651367,11.865496635437012,16.835098266601562,10.243325233459473,5.340858936309815,4.802365303039551,1.86967933177948,2.833704948425293,disco,3
disco.00038,0,-73.81278991699219,55.36934280395508,-12.36373233795166,6.251681327819824,5.096071243286133,12.383657455444336,16.45408821105957,8.05860710144043,-4.709397792816162,3.434902667999268,disco,3
disco.00038,1,-69.64450073242188,57.70465087890625,-8.004359245300293,9.155125617980955,5.621185302734375,-0.2501455545425415,10.050475120544434,7.690391540527344,-1.5610454082489014,3.7807846069335938,disco,3
disco.00038,2,-118.13085174560548,62.74043655395508,3.956402063369751,27.106098175048828,14.23676586151123,3.5478384494781494,18.697471618652344,7.525392532348633,-10.647299766540527,-8.79975414276123,disco,3
disco.00038,3,-98.38211822509766,53.97690200805664,-5.767472743988037,17.432546615600586,14.425497055053713,3.2633132934570312,14.985958099365234,9.401397705078123,-6.3782172203063965,-5.364583492279053,disco,3
disco.00038,4,-70.27606964111328,61.3836669921875,-11.323150634765623,12.857626914978027,6.065125465393066,5.372441291809082,6.131012916564941,4.059273719787598,-7.9877705574035645,-2.6901800632476807,disco,3
disco.00038,5,-60.44970703125,46.18043899536133,-10.676368713378906,13.6570405960083,9.251827239990234,1.3543336391448977,3.7132647037506095,-1.101373314857483,-10.768959045410156,-2.5809829235076904,disco,3
disco.00038,6,-69.64521789550781,45.7652587890625,-17.421642303466797,9.206083297729492,5.9539947509765625,0.4633906483650207,4.3843207359313965,0.086696445941925,-12.508023262023926,-8.282217979431152,disco,3
disco.00038,7,-86.89469909667969,42.5450325012207,-5.659243106842041,15.32590103149414,12.290604591369627,-0.3441603481769562,4.095912933349609,-2.022106170654297,-8.470620155334473,-4.71504545211792,disco,3
disco.00038,8,-62.81002807617188,43.01912689208984,-13.355385780334473,9.145524978637695,5.94020414352417,-1.2324833869934082,7.930434226989746,3.7619473934173584,-6.156414031982422,2.2343204021453857,disco,3
disco.00038,9,-63.198150634765625,55.30464553833008,-9.94473934173584,8.026689529418945,6.274824619293213,4.444503307342529,3.3281807899475098,3.124214172363281,-4.119546413421631,0.7426347136497498,disco,3
disco.00039,0,-118.3795394897461,90.5907745361328,-5.710701942443848,35.51808547973633,-0.2266504764556884,5.247245788574219,7.224503993988037,5.175414085388184,7.483721733093262,-4.323982238769531,disco,3
disco.00039,1,-118.05973815917967,97.22964477539062,-12.720498085021973,32.20054626464844,-2.5726168155670166,4.550978660583496,15.292219161987305,10.587807655334473,7.520360946655273,5.724355697631836,disco,3
disco.00039,2,-122.57460021972656,90.0956573486328,2.644160747528076,43.80672454833984,3.0042877197265625,1.5026366710662842,10.387102127075195,14.050699234008787,15.847040176391602,2.627063274383545,disco,3
disco.00039,3,-113.40916442871094,92.93722534179688,-0.9284841418266296,37.40910720825195,-2.906118154525757,1.2561298608779907,15.525471687316896,12.84504222869873,13.876055717468262,6.147660732269287,disco,3
disco.00039,4,-91.85650634765624,84.00304412841797,-8.54120922088623,32.94507598876953,1.5360773801803589,16.684185028076172,13.464086532592772,7.481388568878174,5.112483978271484,10.877120971679688,disco,3
disco.00039,5,-96.95069122314452,88.05176544189453,-16.097675323486328,23.768096923828125,-0.7226642370223999,6.51361608505249,12.139020919799805,-1.1225836277008057,-1.3449946641921997,11.482508659362791,disco,3
disco.00039,6,-105.55590057373048,89.8279800415039,-1.5885685682296753,34.9632568359375,-6.676906108856201,-2.304405450820923,7.917038917541504,2.895268440246582,6.496713638305664,3.4462177753448486,disco,3
disco.00039,7,-91.65338134765624,88.7913589477539,-12.479646682739258,28.028995513916016,-5.331897735595703,7.976784229278564,11.32412815093994,4.575241565704346,2.446585893630981,2.2797982692718506,disco,3
disco.00039,8,-98.50324249267578,93.56915283203124,-25.85310935974121,31.76747703552246,-0.4309341609477997,0.0651387572288513,10.430662155151367,-2.700080394744873,5.902050018310547,4.184460639953613,disco,3
disco.00039,9,-116.15330505371094,98.1381378173828,-3.824119091033936,41.85601043701172,-5.494918823242188,-3.266751766204834,1.3865255117416382,1.5926586389541626,5.937251567840576,5.250301837921143,disco,3
disco.00040,0,-99.81072998046876,78.0605239868164,4.878079891204834,28.42916488647461,0.3837323784828186,12.014890670776367,10.51791000366211,2.852020025253296,6.071284770965576,7.9174652099609375,disco,3
disco.00040,1,-88.50911712646484,78.87258911132812,-0.6208345890045166,24.36251449584961,-2.941272258758545,17.377098083496094,9.545051574707031,1.8034553527832031,5.247223854064941,5.507616996765137,disco,3
disco.00040,2,-77.56700134277344,89.07151794433594,-14.398032188415527,18.263813018798828,-11.97927951812744,16.349956512451172,17.48220443725586,-4.9882659912109375,-5.546021938323975,6.080167770385742,disco,3
disco.00040,3,-86.84573364257812,88.93875885009766,-13.79677391052246,28.870574951171875,-2.723587989807129,18.04390335083008,1.7777847051620483,2.619896411895752,1.9277465343475344,7.031838417053223,disco,3
disco.00040,4,-82.36524200439453,79.9813232421875,-8.929193496704102,31.75802230834961,-1.0476826429367063,14.042271614074709,4.573355674743652,3.329989194869995,3.657356977462769,3.608377933502197,disco,3
disco.00040,5,-84.65161895751953,69.31330871582031,-1.4394115209579468,36.30473327636719,7.188488006591797,14.94596004486084,0.8495545387268066,4.2293219566345215,3.0506720542907715,8.052918434143066,disco,3
disco.00040,6,-69.8700180053711,81.1644515991211,-11.188238143920898,22.341657638549805,-6.381857395172119,17.75453758239746,6.311456680297852,0.5233004093170166,0.4119291007518768,8.1089506149292,disco,3
disco.00040,7,-73.25057220458984,82.22451782226562,-14.846667289733888,15.513866424560549,-13.70352554321289,23.23011016845703,17.662128448486328,-1.1882420778274536,-10.853656768798828,5.839674949645996,disco,3
disco.00040,8,-47.44265365600586,65.30885314941406,-8.356346130371094,21.49051284790039,-8.594773292541504,20.203245162963867,2.771305561065674,3.011198043823242,-3.517021656036377,4.041229248046875,disco,3
disco.00040,9,-72.11573791503906,88.19622802734375,-22.669078826904297,27.1042594909668,5.897705078125,14.105541229248049,1.061969757080078,5.964584827423096,4.232047080993652,7.09027099609375,disco,3
disco.00041,0,-163.17845153808594,109.98452758789062,40.53448867797852,41.10322952270508,16.090059280395508,-1.5821453332901,6.012311458587647,1.0972899198532104,-3.1113030910491943,-3.18295955657959,disco,3
disco.00041,1,-169.61231994628906,124.7410125732422,43.94862365722656,23.92415809631348,20.060766220092773,5.191032409667969,2.2609622478485107,1.331395983695984,-3.865885972976685,-5.945993423461914,disco,3
disco.00041,2,-144.8390655517578,125.73047637939452,40.00920104980469,23.59772682189941,9.374374389648438,3.5833027362823486,0.3184070289134979,-3.894207715988159,-6.220308780670166,1.1072659492492676,disco,3
disco.00041,3,-144.21380615234375,135.04702758789062,32.25870132446289,17.388071060180664,0.0661168023943901,1.5020164251327517,5.175446510314941,0.3408583402633667,-5.872866630554199,-9.27737045288086,disco,3
disco.00041,4,-124.77749633789062,103.74051666259766,33.27375411987305,20.531253814697266,22.69282913208008,4.070856094360352,-7.839027881622314,-6.301352500915527,-5.806446075439453,-4.187424659729004,disco,3
disco.00041,5,-125.31439208984376,120.64234924316406,25.877403259277344,20.648944854736328,1.9957231283187864,-1.849634051322937,0.8714784979820251,3.771929979324341,2.3727025985717773,-2.270268440246582,disco,3
disco.00041,6,-109.9094467163086,122.18022918701172,18.93614387512207,14.622611045837402,-1.882582664489746,-3.1536765098571777,2.6547658443450928,-5.399301052093506,-7.82151460647583,-3.277423143386841,disco,3
disco.00041,7,-115.67079162597656,119.9993667602539,24.613990783691406,25.690563201904297,15.26073169708252,-2.633786678314209,-3.0556914806365967,-0.7383120059967041,-1.9688345193862915,-3.1755497455596924,disco,3
disco.00041,8,-60.33533477783203,99.74684143066406,14.252392768859863,31.733848571777344,17.107036590576172,-10.46280574798584,-11.615923881530762,1.772802710533142,3.6853346824646,2.911738634109497,disco,3
disco.00041,9,-59.44720077514648,107.16828155517578,10.55887508392334,27.80230140686035,8.376421928405762,-13.627816200256348,-8.117549896240234,-0.9671805500984192,-6.473481178283691,1.626469373703003,disco,3
disco.00042,0,-89.33434295654297,87.49449920654297,-26.276111602783203,13.668034553527832,-1.198771357536316,0.3258392214775085,-9.257482528686523,10.480795860290527,-2.140512704849243,6.711517810821533,disco,3
disco.00042,1,-18.1269474029541,79.62633514404297,-25.115461349487305,14.91805648803711,-0.2526307106018066,0.0967322587966919,-6.105927467346191,8.635614395141602,-0.8643786311149597,1.3099167346954346,disco,3
disco.00042,2,-1.6986104249954224,75.20227813720703,-29.14892196655273,18.26180076599121,-1.2050997018814087,-3.47280502319336,-4.776494979858398,7.756667137145996,-5.417892456054688,0.6223644614219666,disco,3
disco.00042,3,-30.025514602661133,78.28282928466797,-17.903230667114258,15.221718788146973,-8.457879066467285,5.816208839416504,-0.2650175392627716,9.996307373046877,-1.6619142293930054,0.4167154133319855,disco,3
disco.00042,4,-101.82383728027344,100.73444366455078,-6.2209954261779785,20.117530822753903,-3.694335460662842,11.91277027130127,-2.0500221252441406,15.398175239562988,-0.3982886075973511,2.365992546081543,disco,3
disco.00042,5,-70.80232238769531,94.77375030517578,-13.00163745880127,17.494144439697266,0.376786470413208,10.490687370300291,-2.006886959075928,7.732795715332031,-3.235173225402832,1.2025024890899658,disco,3
disco.00042,6,-89.7739028930664,99.1746826171875,-12.560267448425291,18.94689178466797,-5.21225118637085,6.635796546936035,-8.154773712158203,8.095865249633789,-2.071167469024658,5.8714375495910645,disco,3
disco.00042,7,-73.54914093017578,103.33658599853516,-23.1273136138916,13.89854621887207,-3.1783833503723145,5.3489861488342285,-5.000392436981201,9.096699714660645,-4.776368141174316,6.5777363777160645,disco,3
disco.00042,8,-67.79794311523438,107.97107696533205,-28.47833633422852,18.124080657958984,-2.795018196105957,10.399399757385254,2.0473649501800537,7.130569934844971,-2.7151596546173096,2.884331226348877,disco,3
disco.00042,9,-80.61125946044922,94.8826141357422,-14.987651824951172,26.172815322875977,-5.991480350494385,7.091630935668945,-4.3231587409973145,4.933404922485352,-1.379169225692749,4.133032321929932,disco,3
disco.00043,0,-113.7392120361328,81.64488983154297,13.12709903717041,20.887210845947266,-1.0332303047180176,5.728590965270996,9.457030296325684,-11.077567100524902,-7.537520885467529,3.2909629344940186,disco,3
disco.00043,1,-41.8413200378418,76.21349334716797,-5.92138147354126,27.841094970703125,7.425326824188232,11.059785842895508,11.909059524536133,3.1502044200897217,5.7739434242248535,15.606220245361328,disco,3
disco.00043,2,-35.439701080322266,81.86878967285156,-17.832094192504883,28.98949241638184,2.2892775535583496,5.611315727233887,8.351470947265625,-1.98431658744812,2.0626938343048096,12.112442016601562,disco,3
disco.00043,3,-37.098388671875,58.63449478149414,-1.6825790405273438,29.862808227539062,4.741980075836182,13.671136856079102,12.512544631958008,-2.7646944522857666,-0.5069689750671387,11.225987434387209,disco,3
disco.00043,4,-61.68433380126953,79.57986450195312,6.066822052001953,23.101884841918945,3.7783265113830566,11.224671363830566,9.58896255493164,-8.078423500061035,-1.167494773864746,15.6740083694458,disco,3
disco.00043,5,-120.38028717041016,103.19221496582033,11.076767921447754,30.168201446533203,12.230887413024902,19.156347274780277,8.537786483764648,6.530894756317139,6.895766258239746,4.308231353759766,disco,3
disco.00043,6,-50.83885192871094,64.19717407226562,-1.5687333345413208,34.830440521240234,6.697957992553711,11.376678466796877,9.139954566955566,-13.908435821533203,4.507093906402588,15.08094596862793,disco,3
disco.00043,7,-86.22772216796875,86.7713623046875,18.534122467041016,23.18232536315918,8.80763053894043,12.574249267578123,10.635234832763672,-1.386474370956421,4.622333526611328,3.9084739685058594,disco,3
disco.00043,8,-36.497100830078125,67.78833770751953,10.897350311279297,18.487138748168945,3.685450553894043,11.611221313476562,15.740797996520996,6.980298042297363,0.4890393912792206,4.463674545288086,disco,3
disco.00043,9,-42.8497428894043,79.1264877319336,2.130965232849121,23.45881080627441,10.185937881469728,11.20075798034668,14.977731704711914,2.970339775085449,3.1723361015319824,6.142866134643555,disco,3
disco.00044,0,-68.40062713623047,97.95970916748048,-25.450645446777344,12.99044132232666,4.034217357635498,-8.082918167114258,-2.021554708480835,-0.6249954104423523,-3.712628602981568,-2.4812519550323486,disco,3
disco.00044,1,-54.1049919128418,95.01990509033205,-23.39826774597168,11.342612266540527,3.592323541641236,-8.246404647827148,-0.3207691609859466,2.338918209075928,-1.3999183177947998,1.0072275400161743,disco,3
disco.00044,2,-59.20439529418945,101.4012451171875,-26.037023544311523,18.286745071411133,0.3294596672058105,-5.878673553466797,0.74532151222229,1.4138362407684326,-6.983544826507568,-4.903865814208984,disco,3
disco.00044,3,-59.232303619384766,103.07815551757812,-24.20744514465332,1.9000457525253296,-2.9147324562072754,1.488004207611084,9.637740135192873,-0.8501182198524475,-6.2477312088012695,4.420345783233643,disco,3
disco.00044,4,-44.67268753051758,96.42373657226562,-23.9356632232666,-1.1845132112503052,-8.57713508605957,0.4979723393917084,5.350039005279541,-1.5933023691177368,-5.991763114929199,6.954125881195068,disco,3
disco.00044,5,-81.13063049316406,116.624755859375,-12.386275291442873,-0.4927330613136291,10.28855323791504,7.198881149291992,0.944572925567627,1.938072919845581,-2.324052572250366,0.7527540922164917,disco,3
disco.00044,6,-88.06951904296875,95.5105438232422,-10.411895751953123,7.453527450561523,7.457527160644531,1.939655423164368,-2.3375051021575928,0.7289025187492371,-5.138890743255615,-1.6004319190979004,disco,3
disco.00044,7,-88.82704162597656,93.3919906616211,-10.243511199951172,9.39488410949707,8.649507522583008,-0.2925206124782562,1.0297110080718994,5.704794406890869,-7.437674522399902,-0.0969314277172088,disco,3
disco.00044,8,-86.6962890625,91.70870208740234,-17.534616470336914,18.23199462890625,18.461313247680664,-0.5076438188552856,-6.197211265563965,7.475114822387695,-3.5687923431396484,-3.1322591304779053,disco,3
disco.00044,9,-82.70022583007812,88.2810287475586,-9.549776077270508,8.220038414001465,11.059429168701172,2.778654098510742,-1.9203541278839111,-0.4518210589885711,-4.927487373352051,0.0430427566170692,disco,3
disco.00045,0,-75.68740844726562,109.17486572265624,-17.597888946533203,20.798377990722656,2.4523813724517822,5.884292602539063,4.658570289611816,6.570541858673096,-3.689787387847901,-1.886783003807068,disco,3
disco.00045,1,-98.60181427001952,115.39152526855467,-11.368496894836426,24.76356315612793,3.6918113231658936,6.337813854217529,4.23155689239502,1.9607396125793457,-7.007756233215332,-4.9782395362854,disco,3
disco.00045,2,-100.28829956054688,112.97369384765624,-7.056372165679932,20.31904411315918,3.6779844760894775,10.55606746673584,4.539961338043213,3.4661757946014404,-3.754416704177856,-2.141556024551392,disco,3
disco.00045,3,-72.6046142578125,102.75000762939452,-12.076590538024902,16.87106704711914,-1.5761550664901731,7.800116539001465,5.470743656158447,4.337615489959717,-4.411229610443115,-2.4594438076019287,disco,3
disco.00045,4,-85.9874496459961,106.53058624267578,-11.010509490966797,24.399147033691406,2.944007396697998,8.10852336883545,1.9581308364868164,2.401545524597168,-3.047481775283813,-3.239054918289185,disco,3
disco.00045,5,-48.79483795166016,98.0445327758789,-10.4356107711792,6.997217655181885,3.1698999404907227,9.250405311584473,0.6064698100090027,3.631239891052246,-1.7004539966583252,1.7534756660461426,disco,3
disco.00045,6,-95.35074615478516,110.24750518798828,-3.507051944732666,15.740121841430664,4.902090072631836,7.926089286804199,4.3242363929748535,3.732663154602051,-3.3404080867767334,-2.383219718933105,disco,3
disco.00045,7,-88.84960174560547,111.5891342163086,-5.369102954864502,16.543397903442383,5.169826984405518,9.883880615234377,6.250953674316406,6.7056565284729,-4.0843586921691895,-2.5900821685791016,disco,3
disco.00045,8,-58.94465637207031,91.32275390625,-7.211992263793945,12.694779396057127,1.1543922424316406,7.454864978790283,2.9946091175079346,5.984289169311523,-0.7516028881072998,0.3189528286457062,disco,3
disco.00045,9,-89.20683288574219,108.25433349609376,-9.889355659484863,20.612741470336918,4.479008197784424,9.889583587646484,4.217283725738525,3.6353487968444815,-5.680697441101074,-3.2361114025115967,disco,3
disco.00046,0,-113.00028228759766,97.3924560546875,-13.876827239990234,38.17905044555664,-14.709075927734377,24.96820831298828,-16.233858108520508,20.547821044921875,-19.41005516052246,15.644797325134276,disco,3
disco.00046,1,-146.28286743164062,100.92342376708984,-17.30297088623047,43.31847381591797,-18.331165313720703,19.654939651489254,-5.16032600402832,18.977508544921875,-15.76963233947754,16.144088745117188,disco,3
disco.00046,2,-140.7885284423828,103.49578094482422,-12.158756256103516,29.458402633666992,-19.090953826904297,21.82061004638672,-5.687872409820557,19.51590156555176,-14.770838737487791,22.340478897094727,disco,3
disco.00046,3,-152.58175659179688,110.42686462402344,-13.004839897155762,27.22213363647461,-13.848394393920898,30.02350616455078,-7.718606472015381,16.877262115478516,-13.900261878967283,24.48001480102539,disco,3
disco.00046,4,-136.13534545898438,105.17011260986328,-16.72678565979004,38.57073593139648,-15.500213623046877,20.7381649017334,-7.965327262878418,18.686813354492188,-10.390089988708496,21.45574188232422,disco,3
disco.00046,5,-132.82362365722656,113.33595275878906,-15.44252872467041,36.14182662963867,-23.25832748413086,26.975160598754883,-0.8909503817558289,21.003204345703125,-15.978134155273438,21.731433868408203,disco,3
disco.00046,6,-94.19263458251952,91.1022491455078,-22.576017379760746,33.92988967895508,-17.41300392150879,24.8232364654541,-15.779622077941896,22.465450286865234,-13.85598850250244,21.86638832092285,disco,3
disco.00046,7,-114.44388580322266,101.9831314086914,-22.055395126342773,32.243194580078125,-12.847198486328123,28.32819366455078,-13.214200973510742,16.965576171875,-16.81615447998047,23.141414642333984,disco,3
disco.00046,8,-120.0372314453125,102.07268524169922,-19.713428497314453,32.20069122314453,-13.137683868408203,27.59794235229492,-9.103323936462402,15.289085388183594,-15.137874603271484,21.12057113647461,disco,3
disco.00046,9,-110.25885009765624,100.4645004272461,-29.31340789794922,34.1779670715332,-12.09354305267334,20.47613525390625,-12.185186386108398,22.877235412597656,-11.496020317077637,19.36895751953125,disco,3
disco.00047,0,-337.97686767578125,133.20021057128906,-28.08902931213379,53.89864730834961,-9.636313438415527,-2.289247751235962,-19.633634567260746,-1.8847137689590452,-16.503196716308594,-5.598686218261719,disco,3
disco.00047,1,-313.6030578613281,112.38536834716795,-29.109813690185547,39.5196418762207,-9.560832023620604,-4.849588871002197,-20.66644287109375,2.074235200881958,-26.73064994812012,-2.9300789833068848,disco,3
disco.00047,2,-368.4403381347656,110.60240173339844,-24.130401611328125,33.7662239074707,-20.804555892944336,-7.069342613220215,-18.885055541992188,3.618370532989502,-19.889516830444336,5.507204532623291,disco,3
disco.00047,3,-314.46881103515625,121.76978302001952,-34.83204650878906,25.61345863342285,-20.78580665588379,9.243574142456056,-22.607728958129883,-5.623603820800781,-20.60606002807617,6.609328269958496,disco,3
disco.00047,4,-310.1210327148437,144.76565551757812,-29.565673828125,28.443235397338867,-20.426319122314453,7.795373439788818,-26.15530014038086,-5.1592559814453125,-23.504573822021484,5.492999076843262,disco,3
disco.00047,5,-238.2586212158203,117.67486572265624,-57.95718002319336,23.16571044921875,-12.632250785827637,-2.604556083679199,-18.15730094909668,-2.2569243907928467,-21.72888946533203,18.944185256958008,disco,3
disco.00047,6,-294.4724426269531,126.6734390258789,-35.028438568115234,32.63372802734375,-5.87917947769165,-7.446310520172119,-13.652525901794434,-3.839386224746704,-9.559682846069336,9.499738693237305,disco,3
disco.00047,7,-229.4286956787109,130.5201873779297,-65.20355987548828,51.61870956420898,-17.970333099365234,-9.58007526397705,-12.361966133117676,3.92551326751709,-8.830066680908203,16.407806396484375,disco,3
disco.00047,8,-213.34251403808597,130.0419158935547,-53.891563415527344,28.336570739746094,-14.528048515319824,-6.045542240142822,-10.650026321411133,4.576777458190918,-16.856054306030273,9.687339782714844,disco,3
disco.00047,9,-221.22067260742188,130.82073974609375,-64.6740493774414,15.371522903442385,-18.542634963989254,-0.4821896255016327,-12.716019630432127,-1.634596586227417,-14.737791061401367,11.496028900146484,disco,3
disco.00048,0,-108.43650817871094,75.66679382324219,-32.64191818237305,51.112281799316406,-7.472825050354004,27.677547454833984,-9.369935035705566,27.666534423828125,-19.40084457397461,18.08290672302246,disco,3
disco.00048,1,-129.94500732421875,80.52599334716797,-33.0916748046875,63.20964431762695,-2.40470814704895,21.732044219970703,-17.205156326293945,28.31391906738281,-13.13298225402832,15.34418487548828,disco,3
disco.00048,2,-107.01837158203124,83.15635681152344,-49.86855316162109,60.90804672241211,-6.972354888916016,25.900320053100582,-12.717850685119627,24.0449333190918,-12.225784301757812,18.562768936157227,disco,3
disco.00048,3,-121.14630126953124,78.76483154296875,-34.21843719482422,52.67075729370117,-7.453261375427246,27.608192443847656,-13.49412727355957,29.779804229736328,-13.73162078857422,17.270845413208008,disco,3
disco.00048,4,-135.51171875,86.09823608398438,-40.63225555419922,62.74299621582031,0.6108341813087463,20.995864868164062,-15.87320613861084,30.31816864013672,-10.651519775390623,12.304526329040527,disco,3
disco.00048,5,-98.2916030883789,80.537353515625,-41.036651611328125,54.882904052734375,-10.623565673828123,28.079608917236328,-15.080448150634766,30.55917739868164,-12.39907932281494,17.317930221557617,disco,3
disco.00048,6,-85.1266860961914,80.8715591430664,-47.93586349487305,46.06576919555664,-15.664185523986816,28.205961227416992,-10.55232048034668,29.07442855834961,-20.13900375366211,13.249184608459473,disco,3
disco.00048,7,-96.98522186279295,83.46810150146484,-44.95976638793945,51.94596862792969,-14.427116394042969,26.447734832763672,-13.07530689239502,29.53168296813965,-16.758995056152344,16.937286376953125,disco,3
disco.00048,8,-84.02497100830078,71.01512908935547,-44.45309066772461,52.94852828979492,-10.128094673156738,29.709596633911133,-12.932598114013672,31.203786849975582,-18.389657974243164,16.694164276123047,disco,3
disco.00048,9,-86.29396057128906,87.72234344482422,-46.97491836547852,49.2365608215332,-14.057024955749512,26.25872230529785,-9.0650634765625,31.78490829467773,-17.667823791503906,15.402909278869627,disco,3
disco.00049,0,-49.79454040527344,90.68011474609376,-23.88877487182617,48.42409896850586,-15.34050464630127,25.112192153930664,-19.937116622924805,14.181509971618652,-15.492284774780272,14.488648414611816,disco,3
disco.00049,1,-33.9710693359375,104.38359832763672,-32.92951583862305,32.63349533081055,-20.74283599853516,29.20677757263184,-2.792617082595825,14.312705039978027,-16.675369262695312,23.541275024414062,disco,3
disco.00049,2,-41.15221405029297,84.9468765258789,-21.800037384033203,47.71262741088867,-17.754377365112305,21.95090103149414,-20.336111068725582,8.159276008605957,-19.45940971374512,16.766998291015625,disco,3
disco.00049,3,-58.16032409667969,95.90076446533205,-24.510887145996094,39.32162857055664,-19.938232421875,26.688814163208008,-12.072423934936523,12.143610954284668,-15.914624214172363,13.265851020812988,disco,3
disco.00049,4,-55.45444107055664,109.25863647460938,-10.687460899353027,39.1646728515625,-20.619123458862305,28.485523223876957,-12.357938766479492,16.71832275390625,-16.435672760009766,17.887176513671875,disco,3
disco.00049,5,-47.90642929077149,93.50994873046876,-20.751855850219727,39.6516227722168,-17.23539161682129,25.66026496887207,-13.67799186706543,17.137752532958984,-11.456335067749023,15.870442390441896,disco,3
disco.00049,6,-43.321434020996094,104.394287109375,-22.93646049499512,39.00212097167969,-17.886638641357422,25.90247917175293,-13.112773895263672,13.715636253356934,-17.447715759277344,11.65058708190918,disco,3
disco.00049,7,-62.87147521972656,96.58518981933594,-23.59248733520508,41.56891632080078,-14.49790096282959,25.254961013793945,-14.330872535705566,15.658041000366213,-13.874911308288574,16.842138290405273,disco,3
disco.00049,8,-38.89854431152344,103.52921295166016,-25.625537872314453,43.236427307128906,-18.81634330749512,25.994945526123047,-12.333544731140137,18.02389907836914,-12.855039596557615,13.337589263916016,disco,3
disco.00049,9,-20.976686477661133,105.9093017578125,-42.0653076171875,35.94656753540039,-19.529220581054688,28.98276901245117,-6.952538967132568,11.666868209838867,-15.698769569396973,20.20057487487793,disco,3
disco.00050,0,-42.91883087158203,105.1466827392578,-36.753456115722656,24.724082946777344,-24.435060501098636,33.44818115234375,-10.429652214050291,23.29133033752441,-17.55039405822754,25.24700927734375,disco,3
disco.00050,1,-39.74907684326172,103.78868865966795,-37.24452209472656,34.380836486816406,-20.70004272460937,32.99444961547852,-14.426176071166992,23.31473922729492,-15.766704559326172,21.384334564208984,disco,3
disco.00050,2,-53.39617538452149,101.05824279785156,-25.476491928100582,42.19942855834961,-12.58379077911377,33.917572021484375,-18.45909309387207,24.928319931030277,-13.455523490905762,16.50298309326172,disco,3
disco.00050,3,-54.769020080566406,101.51529693603516,-24.248973846435547,39.0762825012207,-15.604843139648438,35.187110900878906,-17.868074417114258,22.501304626464844,-17.258651733398438,15.690299034118652,disco,3
disco.00050,4,-53.82344436645508,98.5727081298828,-27.614992141723636,38.34788513183594,-14.396713256835938,34.1970329284668,-19.359220504760746,22.31403923034668,-17.429624557495117,14.721665382385254,disco,3
disco.00050,5,-53.93400573730469,102.20807647705078,-29.37163352966309,39.38727951049805,-14.357898712158203,32.154380798339844,-16.262025833129883,23.37214088439941,-16.974903106689453,15.867735862731934,disco,3
disco.00050,6,-39.29645538330078,99.9709701538086,-30.928041458129883,43.45610046386719,-10.136873245239258,31.56619644165039,-21.22086524963379,19.892349243164062,-14.852608680725098,18.32299041748047,disco,3
disco.00050,7,-41.50912857055664,99.4716339111328,-35.643733978271484,31.019865036010746,-22.895235061645508,29.40242958068848,-19.619993209838867,21.40597915649414,-18.193134307861328,18.44462203979492,disco,3
disco.00050,8,-40.85712814331055,108.51345825195312,-40.9842529296875,27.02853012084961,-24.66535758972168,33.75132751464844,-12.223869323730469,22.922801971435547,-18.51539802551269,23.622257232666016,disco,3
disco.00050,9,-42.51151657104492,103.26537322998048,-38.27717971801758,29.42500877380371,-20.7330322265625,32.30708312988281,-12.183165550231934,22.006067276000977,-16.40528106689453,22.530855178833008,disco,3
disco.00051,0,-74.16342163085938,91.5956573486328,-37.50519561767578,29.62070846557617,-28.95753288269043,32.03125,-12.08002758026123,23.61004066467285,-16.68436050415039,25.35664367675781,disco,3
disco.00051,1,-69.92315673828125,91.25698852539062,-40.57785415649414,37.42879486083984,-25.75905990600586,33.095787048339844,-13.87332248687744,23.36518859863281,-16.195804595947266,21.715883255004883,disco,3
disco.00051,2,-82.0792465209961,89.07029724121094,-27.99835777282715,47.2795295715332,-16.672521591186523,31.9751091003418,-18.956092834472656,24.493337631225582,-13.030104637145996,17.43663215637207,disco,3
disco.00051,3,-89.00883483886719,89.52764129638672,-26.083213806152344,42.52089691162109,-20.153091430664062,33.6976203918457,-17.99982261657715,22.77630615234375,-17.20836067199707,15.641146659851074,disco,3
disco.00051,4,-84.6453857421875,85.59939575195312,-29.90318489074707,42.03829574584961,-19.252779006958008,32.93639373779297,-20.112003326416016,22.096118927001957,-17.075708389282227,15.138766288757324,disco,3
disco.00051,5,-84.5287094116211,89.73114776611328,-30.817358016967773,44.56640625,-18.53467559814453,30.88235855102539,-16.457534790039062,23.566017150878903,-16.167333602905273,17.21384048461914,disco,3
disco.00051,6,-74.05791473388672,87.01782989501953,-32.355438232421875,46.28340148925781,-14.912924766540527,30.005434036254883,-21.6981143951416,20.12471008300781,-15.151043891906738,17.977256774902344,disco,3
disco.00051,7,-71.25019073486328,86.392333984375,-38.19161987304688,35.97502899169922,-26.883804321289062,27.91843032836914,-20.41230583190918,21.60223388671875,-17.700288772583008,18.871984481811523,disco,3
disco.00051,8,-71.14701080322266,95.0339813232422,-42.16351318359375,31.12322235107422,-28.33058357238769,31.8431453704834,-12.255825996398926,22.44793510437012,-17.657489776611328,22.864028930664062,disco,3
disco.00051,9,-73.9182357788086,91.63713836669922,-39.64193344116211,33.092533111572266,-26.053232192993164,31.19749641418457,-12.979141235351562,22.355379104614254,-16.104074478149414,23.518430709838867,disco,3
disco.00052,0,-74.7502670288086,97.03500366210938,-42.38740539550781,32.97467803955078,-24.0369815826416,20.644418716430664,-30.1037712097168,23.84789276123047,-23.8792667388916,15.86030101776123,disco,3
disco.00052,1,-76.52249145507812,96.13036346435548,-48.4600715637207,38.301368713378906,-17.686965942382812,29.5064754486084,-25.58934783935547,21.37057876586914,-20.8588981628418,15.011408805847168,disco,3
disco.00052,2,-83.78965759277344,95.63703155517578,-47.930137634277344,27.097501754760746,-13.543554306030272,22.13571548461914,-34.3253173828125,22.369068145751957,-19.672517776489254,16.309818267822266,disco,3
disco.00052,3,-94.54816436767578,93.96245574951172,-40.62857437133789,35.91031265258789,-18.59143447875977,27.93656539916992,-26.765811920166016,33.2892951965332,-18.273712158203125,10.80942153930664,disco,3
disco.00052,4,-80.20651245117188,90.50719451904295,-41.79067993164063,30.10181427001953,-16.26370620727539,27.420015335083008,-30.33404541015625,22.550676345825195,-22.61185073852539,16.46714973449707,disco,3
disco.00052,5,-65.64214324951172,91.1381378173828,-48.5216064453125,37.3104133605957,-18.063220977783203,19.417991638183597,-31.21169090270996,24.55828285217285,-22.172306060791016,14.867708206176758,disco,3
disco.00052,6,-48.01350402832031,90.00411987304688,-60.27912521362305,45.976600646972656,-20.009695053100582,18.10690689086914,-31.0782527923584,22.346912384033203,-23.46709442138672,13.547163963317873,disco,3
disco.00052,7,-66.90950012207031,77.81417083740234,-43.3597526550293,41.947872161865234,-17.050426483154297,21.930702209472656,-30.21780014038086,23.88625717163086,-18.461441040039062,16.452035903930664,disco,3
disco.00052,8,-62.990821838378906,87.56378936767578,-53.81232452392578,39.01717376708984,-15.726510047912598,18.51167869567871,-32.524864196777344,25.55472946166992,-19.05228042602539,13.919856071472168,disco,3
disco.00052,9,-52.94990158081055,88.65963745117188,-56.57342147827149,41.67781066894531,-19.056785583496094,13.528889656066896,-32.71809005737305,24.08639144897461,-18.873390197753903,14.642349243164062,disco,3
disco.00053,0,-222.00994873046875,31.43262481689453,44.83881378173828,58.19607925415039,8.10297679901123,54.42584228515625,-10.077959060668944,39.317142486572266,-16.592147827148438,28.147930145263672,disco,3
disco.00053,1,-226.92184448242188,32.46736145019531,45.56825256347656,53.17568206787109,10.383644104003906,52.77537536621094,-5.283388137817383,39.782711029052734,-14.496743202209473,25.952377319335938,disco,3
disco.00053,2,-169.42686462402344,49.92692565917969,31.831445693969727,57.984188079833984,-0.3944995701313019,46.6536750793457,-16.081926345825195,32.95646286010742,-18.50725746154785,25.43840980529785,disco,3
disco.00053,3,-85.78019714355469,92.332275390625,-3.447342157363892,55.08056640625,0.1947598904371261,37.16692733764648,-10.902557373046877,31.683349609375,-19.67303466796875,24.084415435791016,disco,3
disco.00053,4,-133.7547607421875,93.43663024902344,45.24061584472656,31.3150577545166,-6.791030883789063,43.21166610717773,-18.30319023132324,31.608116149902344,-26.41803550720215,25.63134002685547,disco,3
disco.00053,5,-63.73332977294922,91.37574768066406,-1.6468921899795532,35.98014450073242,-16.131240844726562,35.843624114990234,-15.058876991271973,33.57554244995117,-22.030765533447266,26.67631149291992,disco,3
disco.00053,6,-43.466270446777344,74.83218383789062,-9.567042350769045,45.66134262084961,-13.58189868927002,40.42692565917969,-16.712703704833984,33.12571334838867,-22.368518829345703,19.728538513183597,disco,3
disco.00053,7,-54.88373565673828,82.42542266845703,-0.1640115529298782,42.96439743041992,-16.03464126586914,37.62876129150391,-17.72771644592285,29.061864852905277,-23.61771774291992,23.41996383666992,disco,3
disco.00053,8,-48.2864990234375,84.81163024902344,-7.786913871765137,42.875030517578125,-13.629243850708008,37.8892822265625,-17.665264129638672,31.577133178710938,-23.83531951904297,21.65077018737793,disco,3
disco.00053,9,-49.60795593261719,76.10680389404297,-4.492805004119873,42.59992218017578,-15.137168884277344,41.397422790527344,-16.806337356567383,31.77591323852539,-24.90252113342285,21.911527633666992,disco,3
disco.00054,0,-202.72950744628903,87.73878479003906,-3.956496000289917,54.01654815673828,-7.528069019317627,21.125518798828125,-9.179815292358398,21.946117401123047,-16.600631713867188,19.92654037475586,disco,3
disco.00054,1,-211.3063507080078,79.38185119628906,11.90395164489746,62.49749755859375,-2.240949869155884,17.069732666015625,-12.243467330932615,23.435287475585938,-16.26388931274414,18.551557540893555,disco,3
disco.00054,2,-236.10694885253903,78.54765319824219,13.754831314086914,57.17868041992188,-6.664334774017334,10.326075553894045,-15.513678550720217,22.6962833404541,-10.907464981079102,18.315561294555664,disco,3
disco.00054,3,-223.60400390625,73.27008819580078,13.7540283203125,45.577735900878906,-0.64475017786026,8.879388809204102,-11.879096031188965,27.758113861083984,-14.184514045715332,20.92067527770996,disco,3
disco.00054,4,-233.056640625,66.62736511230469,15.062206268310549,60.890045166015625,1.26211416721344,10.456765174865724,-10.954751014709473,25.636838912963867,-18.8829402923584,15.809767723083496,disco,3
disco.00054,5,-236.1061248779297,87.6514892578125,6.979038715362549,56.63235092163086,0.0441209077835083,10.113726615905762,-7.454103469848633,25.3636417388916,-17.788719177246094,16.964847564697266,disco,3
disco.00054,6,-250.37582397460935,68.45531463623047,17.74009132385254,59.56864547729492,10.782123565673828,7.917996883392334,-10.725518226623535,30.100984573364254,-16.19776725769043,17.576065063476562,disco,3
disco.00054,7,-232.25880432128903,87.44642639160156,-1.293554425239563,49.65864944458008,-7.010313987731934,10.647680282592772,3.195107698440552,19.53989791870117,-11.641804695129396,25.476459503173828,disco,3
disco.00054,8,-210.8581085205078,88.80455017089844,-4.701880931854248,43.212799072265625,-3.62317967414856,9.439129829406738,-1.799671292304993,23.436527252197266,-13.723730087280272,20.317312240600582,disco,3
disco.00054,9,-230.06488037109372,68.9726333618164,5.75366735458374,53.05369567871094,0.4383485019207001,10.9824800491333,-5.294640064239502,27.621620178222656,-16.761077880859375,14.620429039001465,disco,3
disco.00055,0,-155.44927978515625,112.67501831054688,-15.474352836608888,56.53390121459961,-5.69065523147583,28.28877639770508,-6.857738494873047,19.252944946289062,-5.262387275695801,16.367124557495117,disco,3
disco.00055,1,-84.34292602539062,104.48794555664062,-36.26425552368164,57.58372497558594,-13.351954460144045,34.92512893676758,-12.127155303955078,20.48152732849121,-11.79409885406494,19.354188919067383,disco,3
disco.00055,2,-80.68218231201172,104.40762329101562,-43.107521057128906,53.351593017578125,-10.560099601745604,31.94144058227539,-10.653277397155762,22.83954620361328,-11.620575904846191,21.532276153564453,disco,3
disco.00055,3,-97.17098999023438,110.17755889892578,-38.14598083496094,52.54535675048828,-10.33621311187744,31.101821899414062,-8.514862060546875,25.0443172454834,-8.066460609436035,19.2014274597168,disco,3
disco.00055,4,-76.88868713378906,103.0880126953125,-44.043907165527344,53.812286376953125,-13.213508605957031,32.54232406616211,-11.391539573669434,21.419139862060547,-13.742685317993164,20.05314445495605,disco,3
disco.00055,5,-86.0003433227539,107.7458267211914,-45.69039535522461,49.55651473999024,-8.633195877075195,31.281557083129883,-12.383848190307615,23.67644691467285,-11.817341804504396,19.92182922363281,disco,3
disco.00055,6,-88.34107971191406,97.59375,-34.39302062988281,53.14419174194336,-13.330421447753906,30.673154830932617,-11.141895294189451,24.900928497314453,-15.461843490600586,17.591142654418945,disco,3
disco.00055,7,-127.99293518066406,112.80988311767578,-18.929128646850582,50.3177604675293,-9.591180801391602,30.035171508789062,-8.404637336730957,25.596643447875977,-14.082180976867676,17.763734817504883,disco,3
disco.00055,8,-118.04591369628906,114.63623809814452,-34.28754806518555,51.22895050048828,-1.65581476688385,30.379600524902344,-8.455477714538574,24.25321578979492,-14.643843650817873,15.176286697387695,disco,3
disco.00055,9,-118.47711181640624,113.02903747558594,-30.173023223876957,53.525390625,-9.126751899719238,25.64709854125977,-6.293085098266602,26.55023002624512,-15.958833694458008,17.938289642333984,disco,3
disco.00056,0,-191.90798950195312,130.951171875,-17.63429832458496,36.60953903198242,-6.029417514801025,26.89659309387207,-8.450573921203613,18.81821632385254,-8.798145294189453,16.406084060668945,disco,3
disco.00056,1,-192.6225128173828,132.65432739257812,-16.414072036743164,36.97539520263672,-5.660553455352783,27.163557052612305,-8.912806510925293,17.726770401000977,-10.929116249084473,17.6514835357666,disco,3
disco.00056,2,-177.93011474609375,126.55381774902344,-13.1223783493042,39.58185958862305,-6.965789318084717,27.326679229736328,-18.007843017578125,22.697311401367188,-12.861950874328612,17.674339294433594,disco,3
disco.00056,3,-195.5282745361328,124.79411315917967,-3.022670030593872,39.65549087524414,-9.918500900268556,31.948719024658203,-12.938879013061523,20.479352951049805,-19.85337829589844,18.21497917175293,disco,3
disco.00056,4,-179.4666748046875,126.83601379394533,-10.820521354675291,43.206356048583984,-6.053342819213867,30.190874099731445,-17.041385650634766,14.260058403015137,-16.41004753112793,22.35418701171875,disco,3
disco.00056,5,-186.54542541503903,112.7669906616211,-5.470386028289795,47.12593078613281,-2.7658982276916504,23.218469619750977,-17.127534866333008,27.16722869873047,-22.72080421447754,10.213505744934082,disco,3
disco.00056,6,-169.36752319335938,120.96392822265624,-9.833641052246094,43.97361755371094,-15.25894260406494,29.418731689453125,-8.074203491210938,18.24675941467285,-15.132318496704102,16.410226821899414,disco,3
disco.00056,7,-187.4792022705078,122.26741027832033,-10.504937171936035,42.166805267333984,-7.7897868156433105,23.886749267578125,-10.068760871887209,19.056856155395508,-17.8284854888916,18.453876495361328,disco,3
disco.00056,8,-194.5683441162109,127.55467224121094,-3.231778860092163,43.00475692749024,-6.298129558563232,29.632158279418945,-10.667848587036133,19.2951774597168,-20.03826904296875,13.478375434875488,disco,3
disco.00056,9,-156.30113220214844,123.10590362548828,-14.92833137512207,48.41389846801758,-11.791682243347168,24.200469970703125,-16.840192794799805,25.00631332397461,-20.18130874633789,15.536967277526855,disco,3
disco.00057,0,-165.64859008789062,122.71279907226562,-19.81367301940918,27.340576171875,-22.98108291625977,25.583232879638672,-19.848955154418945,20.825660705566406,-20.20113945007324,21.0330867767334,disco,3
disco.00057,1,-129.4210662841797,124.44328308105467,-30.292802810668945,29.369770050048828,-25.326231002807617,18.85037040710449,-20.83249282836914,19.54260635375977,-17.886280059814453,20.782804489135746,disco,3
disco.00057,2,-131.03759765625,126.96875,-29.648269653320312,22.45550537109375,-30.002614974975582,23.165637969970703,-16.009105682373047,18.650915145874023,-18.558565139770508,24.350078582763672,disco,3
disco.00057,3,-131.89561462402344,117.61739349365234,-35.83894729614258,30.32586479187012,-20.493013381958008,21.09407997131348,-24.014911651611328,19.072452545166016,-14.166760444641112,21.249980926513672,disco,3
disco.00057,4,-136.58551025390625,126.80868530273438,-24.712610244750977,24.91200828552246,-28.58266830444336,19.27274513244629,-18.430927276611328,18.41253089904785,-17.86777687072754,17.413625717163086,disco,3
disco.00057,5,-136.53274536132812,126.3105926513672,-27.55575180053711,29.15586853027344,-25.562685012817383,22.462913513183597,-20.10453414916992,19.08695602416992,-20.444652557373047,17.15582275390625,disco,3
disco.00057,6,-158.74468994140625,110.88127899169922,-12.176711082458496,45.23980712890625,-17.709890365600586,26.926782608032227,-20.189769744873047,22.487491607666016,-17.05928611755371,13.43969440460205,disco,3
disco.00057,7,-148.1668243408203,128.16490173339844,-18.885692596435547,25.498403549194336,-26.25230407714844,29.08376121520996,-11.300298690795898,16.5084228515625,-23.69310760498047,18.132226943969727,disco,3
disco.00057,8,-150.70762634277344,127.68695831298828,-19.36888313293457,26.09434127807617,-25.080841064453125,25.658451080322266,-17.927955627441406,18.40290641784668,-24.925521850585938,17.125558853149414,disco,3
disco.00057,9,-147.97686767578125,121.62515258789062,-26.441146850585938,26.6449031829834,-21.832204818725582,25.01167678833008,-16.625347137451172,20.26373863220215,-17.6431941986084,18.56528663635254,disco,3
disco.00058,0,-65.21466064453125,87.51517486572266,-38.30012893676758,39.99764251708984,-12.576873779296877,33.096405029296875,-13.827155113220217,17.759971618652344,-18.062162399291992,25.939302444458008,disco,3
disco.00058,1,-123.3713836669922,103.02120208740234,-3.510061025619507,47.01480865478516,-11.53153133392334,32.36726379394531,-17.497825622558594,24.90675926208496,-17.982587814331055,13.78470516204834,disco,3
disco.00058,2,-132.25167846679688,108.05437469482422,-10.642425537109377,50.95106506347656,-7.312136650085449,23.53130340576172,-18.589534759521484,20.05027198791504,-15.98646354675293,11.660390853881836,disco,3
disco.00058,3,-121.79334259033205,107.91007995605467,-14.663692474365234,45.95558166503906,-3.4007728099823,23.156784057617188,-19.29560852050781,25.168960571289062,-20.50162124633789,18.24787712097168,disco,3
disco.00058,4,-124.57842254638672,113.13138580322266,-8.276700019836426,42.905948638916016,-12.77762508392334,26.2921085357666,-16.562807083129883,26.584705352783203,-17.62652587890625,14.370417594909668,disco,3
disco.00058,5,-115.31727600097656,105.65218353271484,-16.548297882080078,47.86589431762695,-11.0466947555542,24.5616512298584,-20.218172073364254,25.66630172729492,-19.033227920532227,13.716278076171877,disco,3
disco.00058,6,-110.47657775878906,102.29499816894533,-15.708126068115234,50.4339485168457,-9.030339241027832,29.45141220092773,-19.608421325683597,24.014610290527344,-16.432872772216797,16.282331466674805,disco,3
disco.00058,7,-118.93904876708984,111.1949462890625,-18.158811569213867,44.72978210449219,-10.654448509216309,25.825368881225582,-15.229108810424805,23.673797607421875,-16.497682571411133,10.186476707458496,disco,3
disco.00058,8,-99.16771697998048,109.05809783935548,-13.10712432861328,41.13579177856445,-19.94674491882324,20.3424015045166,-16.43024253845215,18.58067512512207,-15.631766319274902,27.264347076416016,disco,3
disco.00058,9,-90.44508361816406,101.1136703491211,-29.98772430419922,50.63263320922852,-11.117399215698242,24.309288024902344,-21.341949462890625,23.459810256958008,-17.411334991455078,20.94414520263672,disco,3
disco.00059,0,-83.86035919189453,88.05650329589844,-17.93679428100586,24.363269805908203,-18.911794662475582,20.414085388183597,-17.589277267456055,20.262008666992188,-17.331884384155273,21.352500915527344,disco,3
disco.00059,1,-102.34561157226562,104.59942626953124,-21.889129638671875,19.23122978210449,-18.131511688232425,21.235822677612305,-11.443557739257812,19.4775390625,-21.25230598449707,16.753131866455078,disco,3
disco.00059,2,-103.7221908569336,107.74795532226562,-33.941165924072266,18.610565185546875,-21.58847999572754,23.82225799560547,-9.374804496765137,23.51746940612793,-17.741683959960938,13.786686897277832,disco,3
disco.00059,3,-118.4186019897461,102.590087890625,-14.764623641967772,23.441553115844727,-13.053558349609377,19.346811294555664,-12.005378723144531,20.945165634155277,-16.71980094909668,19.60899353027344,disco,3
disco.00059,4,-105.1811981201172,111.95686340332033,-26.27519989013672,16.953670501708984,-24.26494789123535,22.79713630676269,-9.301607131958008,20.756759643554688,-18.93904685974121,19.482881546020508,disco,3
disco.00059,5,-100.80017852783205,102.97361755371094,-20.312265396118164,21.60267448425293,-24.32716178894043,23.817331314086918,-10.986347198486328,23.09743881225586,-18.593276977539062,16.345781326293945,disco,3
disco.00059,6,-115.75009155273438,112.09838104248048,-8.453181266784668,28.319076538085938,-13.753134727478027,17.18585205078125,-18.9675350189209,17.817485809326172,-22.12396240234375,20.5694580078125,disco,3
disco.00059,7,-120.1968002319336,118.49604034423828,-14.925736427307127,25.15652084350586,-18.157760620117188,15.455029487609863,-16.176937103271484,17.299272537231445,-18.63399124145508,19.661914825439453,disco,3
disco.00059,8,-126.31803131103516,114.7763442993164,-12.388260841369627,33.96082305908203,-15.838664054870604,12.962601661682127,-14.258859634399414,12.057489395141602,-20.02886390686035,19.92745590209961,disco,3
disco.00059,9,-117.54214477539062,109.36578369140624,-15.31009006500244,26.478361129760746,-13.560996055603027,16.3914852142334,-20.03445053100586,15.21088409423828,-16.251235961914062,19.897964477539062,disco,3
disco.00060,0,-178.85940551757812,127.59954833984376,-4.060193538665772,43.618255615234375,2.6926963329315186,29.14177131652832,-9.798863410949709,19.22284698486328,-10.096484184265137,14.53408432006836,disco,3
disco.00060,1,-91.152099609375,109.22834777832033,-27.30730628967285,50.24010467529297,-9.64474868774414,33.25374984741211,-14.752666473388672,18.947025299072266,-16.58328628540039,17.57208251953125,disco,3
disco.00060,2,-100.19615173339844,115.22708892822266,-32.25159454345703,46.73279571533203,-5.54237174987793,31.45191192626953,-12.699036598205566,21.02818298339844,-14.738436698913574,20.08579444885254,disco,3
disco.00060,3,-110.6840591430664,116.0260238647461,-27.52025604248047,45.35033798217773,-5.4125800132751465,32.19773864746094,-11.571462631225586,23.066251754760746,-13.129843711853027,17.133243560791016,disco,3
disco.00060,4,-95.63800811767578,109.18186950683594,-31.098926544189453,50.0277099609375,-10.98227882385254,32.66908645629883,-12.936572074890137,21.12967109680176,-17.272809982299805,17.70607566833496,disco,3
disco.00060,5,-107.66688537597656,109.9742660522461,-31.567537307739254,41.76298141479492,-5.179225444793701,31.484848022460938,-15.259283065795898,22.50986671447754,-15.937304496765137,16.48281478881836,disco,3
disco.00060,6,-103.99421691894533,113.58952331542967,-25.03866004943848,44.34675598144531,-8.6953763961792,29.829818725585938,-14.427535057067873,23.201318740844727,-20.437864303588867,16.097440719604492,disco,3
disco.00060,7,-145.8885040283203,121.14690399169922,-10.282155990600586,43.38259506225586,-1.880071043968201,27.893016815185547,-11.941617965698242,24.044418334960938,-20.65746307373047,15.407478332519531,disco,3
disco.00060,8,-133.78199768066406,125.03370666503906,-24.8277587890625,42.86562347412109,1.6178313493728638,31.2502555847168,-10.008590698242188,23.167619705200195,-18.458112716674805,13.535723686218262,disco,3
disco.00060,9,-146.6739501953125,124.923828125,-16.331756591796875,45.169898986816406,-1.648896098136902,25.078229904174805,-11.227614402770996,23.099538803100582,-19.96427154541016,15.669780731201172,disco,3
disco.00061,0,-82.85694122314453,81.55253601074219,-1.1555485725402832,35.53696823120117,-20.586822509765625,19.43963623046875,-15.410207748413086,21.077978134155277,-15.636581420898438,15.759391784667969,disco,3
disco.00061,1,-99.98336791992188,86.23556518554688,8.358105659484863,35.32257461547852,-17.645326614379883,20.54862403869629,-15.357853889465332,19.398962020874023,-15.739800453186035,20.322792053222656,disco,3
disco.00061,2,-81.7864761352539,73.3349609375,16.90557098388672,39.078086853027344,-16.053747177124023,15.142526626586914,-19.85457420349121,16.79191780090332,-17.874116897583008,20.523401260375977,disco,3
disco.00061,3,-100.8129425048828,88.22437286376953,10.80380630493164,38.06818008422852,-20.10859680175781,16.172969818115234,-17.227357864379883,13.523266792297363,-15.92177391052246,17.42911148071289,disco,3
disco.00061,4,-113.8425521850586,90.04566955566406,-0.443903774023056,35.11097717285156,-20.00359916687012,19.73008155822754,-14.647543907165527,21.34214782714844,-10.302473068237305,19.02702522277832,disco,3
disco.00061,5,-48.23565673828125,86.3282470703125,-15.374359130859377,33.942195892333984,-26.01244163513184,28.24649429321289,-18.3818473815918,17.28326416015625,-20.5010929107666,12.812264442443848,disco,3
disco.00061,6,-81.3041000366211,97.03727722167967,-13.691705703735352,29.572114944458008,-18.81316566467285,17.113788604736328,-9.92113971710205,18.877731323242188,-12.61452579498291,17.24815559387207,disco,3
disco.00061,7,-135.43609619140625,95.48991394042967,0.689383864402771,36.68428039550781,-8.939238548278809,19.551172256469727,-14.148475646972656,13.73214340209961,-18.61345672607422,16.314096450805664,disco,3
disco.00061,8,-51.09430694580078,90.61492156982422,-28.715654373168945,25.46854019165039,-24.19351959228516,19.800525665283203,-10.392166137695312,15.099964141845703,-16.288644790649414,15.92576026916504,disco,3
disco.00061,9,-126.96966552734376,92.78369903564452,-0.9924954771995544,36.44549179077149,-11.002167701721191,20.302509307861328,-13.006263732910156,16.63226318359375,-12.206552505493164,17.273012161254883,disco,3
disco.00062,0,-126.9588623046875,80.26148986816406,-34.964534759521484,37.72983932495117,-11.990912437438965,26.700702667236328,-10.389538764953612,27.1033878326416,-4.625167369842529,18.280202865600582,disco,3
disco.00062,1,-100.02596282958984,87.21749114990234,-37.76446533203125,41.421512603759766,-7.789341449737549,31.7468376159668,-10.539593696594238,29.39256858825684,-8.007306098937988,17.78118896484375,disco,3
disco.00062,2,-92.66316986083984,98.84429168701172,-41.8527717590332,37.24552917480469,-8.506162643432617,28.138355255126957,-2.6246585845947266,27.939838409423828,-5.7381768226623535,18.433631896972656,disco,3
disco.00062,3,-71.03337097167969,73.230224609375,-37.39097213745117,48.65418243408203,-8.947602272033691,35.024078369140625,-18.81418228149414,31.399578094482425,-9.188430786132812,25.7312126159668,disco,3
disco.00062,4,-98.05862426757812,77.7695541381836,-31.12987518310547,39.27716827392578,-13.203487396240234,37.77886962890625,-10.5864839553833,23.911170959472656,-14.2876615524292,22.06145668029785,disco,3
disco.00062,5,-144.08163452148438,89.61994171142578,-12.254648208618164,45.030460357666016,-4.741116523742676,34.29413604736328,-5.470421314239502,24.563934326171875,-4.349411010742188,12.674723625183104,disco,3
disco.00062,6,-97.7193832397461,73.17816925048828,-41.34978866577149,43.81344223022461,-8.09130859375,32.43937683105469,-15.098902702331545,24.25566864013672,-10.5491304397583,18.3721923828125,disco,3
disco.00062,7,-101.59600067138672,79.6861572265625,-30.55485725402832,43.67219161987305,-13.990065574645996,31.185848236083984,-7.867542743682861,26.315710067749023,-14.820406913757324,18.2994441986084,disco,3
disco.00062,8,-153.7650909423828,93.4825439453125,-15.047637939453123,43.44441223144531,-6.991922378540039,33.4425163269043,-3.0273070335388184,24.67713165283203,-3.961045503616333,13.184545516967772,disco,3
disco.00062,9,-100.1165542602539,76.40237426757812,-33.35749816894531,42.47454833984375,-10.114529609680176,30.786272048950195,-12.959349632263184,28.778827667236328,-14.45033073425293,21.311384201049805,disco,3
disco.00063,0,-48.08367538452149,70.7010726928711,6.602159023284912,55.71076583862305,3.81502366065979,35.8600959777832,-6.614570617675781,22.62923622131348,-8.589859008789062,25.62735748291016,disco,3
disco.00063,1,-69.33013916015625,73.78748321533203,-3.4525959491729736,50.56997299194336,4.563109397888184,37.28243637084961,-3.557664394378662,25.82980728149414,-8.136215209960938,20.46406555175781,disco,3
disco.00063,2,-57.70127868652344,72.87606811523438,-3.50386905670166,49.46437072753906,-0.7236467003822327,35.00771713256836,-3.7463626861572266,24.28686141967773,-11.047162055969238,21.3690242767334,disco,3
disco.00063,3,-59.36068344116211,71.42667388916016,-7.627166748046875,47.9703483581543,1.0503509044647217,35.75111770629883,-1.38991117477417,27.344562530517575,-8.891847610473633,21.21539878845215,disco,3
disco.00063,4,-54.864444732666016,71.43016815185547,-9.708670616149902,50.05838394165039,-2.336733818054199,40.24123764038086,-4.662697792053223,27.357362747192383,-13.06759262084961,23.73209953308105,disco,3
disco.00063,5,-43.334110260009766,67.07757568359375,-3.364599704742432,48.21297454833984,0.8147929906845093,33.747406005859375,-6.116270542144775,25.202861785888672,-10.190828323364258,22.939971923828125,disco,3
disco.00063,6,-61.80491256713867,71.12770080566406,-10.761781692504885,52.02000427246094,3.1173057556152344,35.9820556640625,-6.079302787780762,26.461917877197266,-8.149359703063965,20.95311737060547,disco,3
disco.00063,7,-42.9139289855957,68.92431640625,-6.009652137756348,47.28643035888672,-1.7804933786392212,34.315467834472656,-3.6790034770965576,23.794580459594727,-12.125709533691406,22.104162216186523,disco,3
disco.00063,8,-55.46976089477539,71.41759490966797,-7.954982280731201,50.75778198242188,0.1666742116212844,35.90180587768555,-5.047068595886231,24.63651466369629,-9.813190460205078,23.278451919555664,disco,3
disco.00063,9,-26.6396484375,66.40798950195312,4.713477611541748,46.267974853515625,5.171558856964111,33.61408615112305,-1.5867947340011597,21.442384719848636,-8.526666641235352,19.523868560791016,disco,3
disco.00064,0,-172.93238830566406,104.65640258789062,-15.134657859802246,35.59461975097656,-6.112952709197998,34.02396774291992,-9.6314697265625,26.53474235534668,-2.1353907585144043,29.01898193359375,disco,3
disco.00064,1,-206.0720367431641,91.69149017333984,9.074945449829102,49.78082656860352,-5.809125900268555,36.96253204345703,-10.774185180664062,24.158544540405277,-5.441230773925781,27.04938507080078,disco,3
disco.00064,2,-147.7332000732422,100.97840881347656,-21.497682571411133,28.989768981933597,-11.444835662841797,34.14815902709961,-8.288484573364258,18.237438201904297,-10.766146659851074,25.62650680541992,disco,3
disco.00064,3,-187.35775756835935,99.62955474853516,8.986104011535645,44.53367614746094,-7.66118574142456,30.71304702758789,-16.033405303955078,21.786439895629883,-5.912939071655273,24.28413772583008,disco,3
disco.00064,4,-175.0769805908203,92.2915267944336,7.638477325439453,40.73371505737305,-11.372450828552246,32.362388610839844,-12.47101593017578,26.742563247680664,-8.741720199584961,24.68686866760254,disco,3
disco.00064,5,-187.306396484375,87.51726531982422,12.861846923828123,45.75335693359375,-5.241336345672607,30.407394409179688,-13.759422302246094,25.05681610107422,-6.494200229644775,25.443336486816406,disco,3
disco.00064,6,-192.58094787597656,93.4204330444336,13.84927749633789,44.34018707275391,-8.826519966125488,32.93071746826172,-13.464945793151855,26.16663932800293,-7.315560817718506,24.38622665405273,disco,3
disco.00064,7,-181.34979248046875,98.01995086669922,6.073315620422363,39.80223083496094,-9.181790351867676,33.7758674621582,-13.27403450012207,23.334190368652344,-7.129318237304688,26.313213348388672,disco,3
disco.00064,8,-220.2469024658203,81.43240356445312,28.79279327392578,48.78091049194336,-4.098173141479492,30.35381317138672,-17.733964920043945,28.528846740722656,-6.166404724121094,23.78476333618164,disco,3
disco.00064,9,-226.4356689453125,95.28884887695312,24.343727111816406,46.37423706054688,-5.517843246459961,27.885786056518555,-15.007529258728027,25.8944034576416,-4.906734466552734,19.31473731994629,disco,3
disco.00065,0,-137.4998779296875,111.00457763671876,6.450754642486572,51.63900375366211,3.773181676864624,45.400001525878906,-11.145585060119627,25.546409606933597,-13.732375144958496,12.23924446105957,disco,3
disco.00065,1,-144.10108947753906,119.46092987060548,9.680474281311035,42.95001602172852,2.85029411315918,39.631134033203125,-13.973137855529783,27.942251205444336,-10.57729148864746,10.3036527633667,disco,3
disco.00065,2,-136.45657348632812,108.17632293701172,16.1983699798584,50.76476287841797,-4.390547275543213,39.10850524902344,-15.391552925109863,23.348237991333008,-10.79360294342041,15.74144172668457,disco,3
disco.00065,3,-125.1316146850586,106.46951293945312,5.870109558105469,54.8974609375,-1.0464519262313845,40.91017150878906,-12.212055206298828,25.678590774536133,-13.420464515686035,12.651934623718262,disco,3
disco.00065,4,-86.979736328125,106.42139434814452,-5.764485359191895,55.38771438598633,2.5598998069763184,37.195709228515625,-10.853120803833008,21.792179107666016,-12.50583267211914,13.419234275817873,disco,3
disco.00065,5,-96.49533081054688,105.5269012451172,-17.45361328125,52.9350700378418,0.2778685986995697,39.59787368774414,-12.216504096984863,25.57445907592773,-9.867025375366213,17.468366622924805,disco,3
disco.00065,6,-88.81087493896484,112.6463623046875,-18.69533920288086,50.7057991027832,-0.621842622756958,33.296913146972656,-10.848193168640137,23.85711479187012,-8.57888126373291,16.867605209350586,disco,3
disco.00065,7,-95.027587890625,104.36865997314452,-14.843408584594728,46.222618103027344,-2.437560796737671,39.85787963867188,-11.158193588256836,27.955957412719727,-5.8280792236328125,18.886140823364254,disco,3
disco.00065,8,-91.54430389404295,101.92938995361328,-21.479612350463867,52.89583969116211,-1.1800713539123535,33.560546875,-8.073835372924805,26.148460388183597,-6.559564590454102,20.356189727783203,disco,3
disco.00065,9,-70.452880859375,94.96857452392578,-28.725908279418945,55.76484680175781,-0.4071666896343231,34.00836181640625,-3.445957660675049,23.57879066467285,-6.135619640350342,22.49738883972168,disco,3
disco.00066,0,-50.50618362426758,84.03504943847656,-26.8153133392334,44.834903717041016,-21.212703704833984,29.817258834838867,-13.304603576660156,19.951629638671875,-18.108537673950195,19.56847381591797,disco,3
disco.00066,1,-82.91056823730469,95.42607879638672,-24.303356170654297,43.87665939331055,-11.394452095031738,20.41020774841309,-19.19783592224121,24.218917846679688,-14.33376121520996,17.540790557861328,disco,3
disco.00066,2,-69.83958435058594,101.95479583740234,-20.770469665527344,37.49620819091797,-14.629280090332031,31.693750381469727,-14.494315147399902,21.324308395385746,-14.712671279907228,19.956567764282227,disco,3
disco.00066,3,-65.23995208740234,79.310302734375,-18.175426483154297,46.01089859008789,-15.030143737792969,25.79220390319824,-22.70408821105957,26.65102195739746,-14.137321472167969,20.76931953430176,disco,3
disco.00066,4,-87.44469451904297,106.7193832397461,-23.32792854309082,33.65847396850586,-19.622934341430664,29.03474998474121,-7.144038200378418,24.37445068359375,-18.651832580566406,12.794212341308594,disco,3
disco.00066,5,-47.73587417602539,100.09263610839844,-15.544700622558594,41.00009536743164,-22.104387283325195,29.940616607666016,-12.476491928100586,24.440418243408203,-17.877561569213867,20.483308792114254,disco,3
disco.00066,6,-49.05830764770508,107.97222900390624,-30.15993309020996,37.81265640258789,-18.8929386138916,29.1761474609375,-9.255955696105955,21.89230728149414,-19.340715408325195,22.01757431030273,disco,3
disco.00066,7,-40.675323486328125,98.67091369628906,-23.84122657775879,43.47483825683594,-16.306591033935547,26.748321533203125,-14.99864673614502,25.35091590881348,-18.1634464263916,20.29306411743164,disco,3
disco.00066,8,-46.0040397644043,97.75049591064452,-27.98320960998535,35.42103576660156,-22.241912841796875,29.56963348388672,-11.254777908325195,25.600120544433597,-15.525785446166992,22.764049530029297,disco,3
disco.00066,9,-39.06583404541016,98.72837829589844,-36.45458221435547,39.06953048706055,-15.108247756958008,29.29261589050293,-11.48271656036377,21.41048240661621,-17.43885612487793,21.22796440124512,disco,3
disco.00067,0,-67.01760864257812,93.92533111572266,-46.47641372680664,25.815895080566406,-29.991609573364254,20.05308723449707,-24.444971084594727,21.62502670288086,-10.71558952331543,20.28689956665039,disco,3
disco.00067,1,-68.57135009765625,80.9537582397461,-35.939056396484375,49.89536666870117,-19.89953994750977,21.050037384033203,-19.02177047729492,22.153017044067383,-15.182487487792969,12.497161865234377,disco,3
disco.00067,2,-69.03555297851562,88.75914001464844,-43.41847229003906,50.68927383422852,-24.88738441467285,17.976011276245117,-16.757972717285156,20.11004638671875,-15.65125846862793,16.631587982177734,disco,3
disco.00067,3,-128.70106506347656,99.13336944580078,-26.432462692260746,34.54692077636719,-20.50864601135254,26.965940475463867,-21.341398239135746,18.40214157104492,-14.405981063842772,18.45789337158203,disco,3
disco.00067,4,-131.80189514160156,92.28688049316406,-19.97269058227539,38.91858673095703,-24.409353256225582,24.63229179382324,-18.410484313964844,19.761289596557617,-15.387007713317873,17.987619400024414,disco,3
disco.00067,5,-122.58998107910156,96.81348419189452,-22.83968734741211,35.72883605957031,-29.161306381225582,27.055644989013672,-12.797280311584473,18.17170143127441,-14.857583045959473,24.873205184936523,disco,3
disco.00067,6,-124.64105987548828,89.7563705444336,-16.81353187561035,44.27028274536133,-22.821409225463867,24.29833221435547,-15.890706062316896,21.801315307617188,-16.34745216369629,18.725570678710938,disco,3
disco.00067,7,-132.66168212890625,94.74627685546876,-11.371668815612791,41.00709915161133,-24.55533599853516,23.015932083129883,-17.52631378173828,16.577856063842773,-20.299917221069336,16.902122497558594,disco,3
disco.00067,8,-89.22405242919922,99.67955017089844,-30.93049430847168,39.83493041992188,-23.003604888916016,13.983954429626465,-20.19561767578125,19.179208755493164,-16.987266540527344,13.698651313781738,disco,3
disco.00067,9,-109.31732940673828,97.79157257080078,-25.89627265930176,40.26707077026367,-19.598848342895508,15.832305908203123,-19.84273910522461,20.052392959594727,-20.42107963562012,12.245911598205566,disco,3
disco.00068,0,-65.151611328125,83.18866729736328,-30.238712310791016,43.00690460205078,-15.065991401672363,21.8964958190918,-15.849183082580566,21.09668731689453,-13.2745943069458,19.475454330444336,disco,3
disco.00068,1,-72.0621109008789,79.30378723144531,-23.624744415283203,43.55600357055664,-10.415060997009276,24.480239868164062,-16.910329818725586,19.770687103271484,-16.784120559692383,18.05760955810547,disco,3
disco.00068,2,-83.6979751586914,77.18902587890625,-18.58153533935547,42.3348388671875,-16.503902435302734,27.19269371032715,-15.417365074157717,16.730464935302734,-17.954893112182617,16.907249450683594,disco,3
disco.00068,3,-102.65032958984376,77.38764953613281,-7.508777618408203,52.94500350952149,-9.189997673034668,23.56226921081543,-18.944625854492188,23.40427589416504,-15.278430938720703,15.000131607055664,disco,3
disco.00068,4,-94.88101959228516,68.97673797607422,-9.832263946533203,50.70531845092773,-13.89133071899414,20.67069625854492,-13.921782493591309,21.6132869720459,-16.13735008239746,13.55338191986084,disco,3
disco.00068,5,-126.16364288330078,84.98462677001953,-6.230237007141113,42.40869522094727,-6.8779802322387695,29.7341423034668,-16.69618034362793,23.011350631713867,-15.31580924987793,15.561622619628906,disco,3
disco.00068,6,-101.48252868652344,83.2489013671875,3.9487266540527344,35.69984436035156,-11.045652389526367,19.93334579467773,-17.915281295776367,26.29546356201172,-18.50445556640625,16.394702911376953,disco,3
disco.00068,7,-89.39716339111328,76.39085388183594,-1.8543834686279297,37.2666244506836,-10.419305801391602,25.34368705749512,-22.542924880981445,23.55623435974121,-13.017061233520508,21.91206741333008,disco,3
disco.00068,8,-101.73011016845705,75.45629119873047,0.1567138731479644,41.66279220581055,-9.014617919921877,26.27741241455078,-22.66379737854004,25.07075881958008,-17.71827507019043,15.499153137207031,disco,3
disco.00068,9,-96.31586456298828,75.48310852050781,4.27570390701294,33.16795349121094,-11.653210639953612,25.404918670654297,-19.71938133239746,23.982542037963867,-17.872587203979492,16.675870895385742,disco,3
disco.00069,0,-142.45721435546875,114.69225311279295,3.8699657917022714,40.1474494934082,-13.636631965637209,29.070680618286133,-23.896154403686523,9.169466018676758,-9.996277809143066,12.35329246520996,disco,3
disco.00069,1,-151.57701110839844,112.77102661132812,10.79554557800293,35.92861557006836,-16.750905990600586,39.41643524169922,-23.787694931030277,6.804115295410156,-7.679172992706299,11.73983669281006,disco,3
disco.00069,2,-111.32982635498048,105.31462097167967,-9.540288925170898,43.30875778198242,-17.719778060913086,28.37161445617676,-27.60655403137207,7.319185733795166,-13.204339981079102,13.63988971710205,disco,3
disco.00069,3,-100.0466079711914,112.10775756835938,-15.42720890045166,41.76404571533203,-19.812763214111328,25.612215042114254,-24.605518341064453,10.718551635742188,-14.133707046508787,13.044466018676758,disco,3
disco.00069,4,-99.76345825195312,119.6950454711914,-12.814960479736328,35.12308120727539,-24.456876754760746,25.44637680053711,-21.902130126953125,11.522007942199709,-10.31510066986084,13.512092590332031,disco,3
disco.00069,5,-106.199462890625,106.79993438720705,-11.444043159484863,41.62908935546875,-18.61971092224121,27.30185317993164,-27.081302642822266,5.776588439941406,-13.146215438842772,13.495977401733398,disco,3
disco.00069,6,-98.30682373046876,114.6897964477539,-17.003009796142578,41.672611236572266,-17.46256446838379,27.61274719238281,-23.20684051513672,11.09430980682373,-14.416367530822754,12.771581649780272,disco,3
disco.00069,7,-100.85565185546876,121.85224151611328,-13.04119110107422,35.17045593261719,-18.1832332611084,25.526010513305664,-19.33631706237793,13.275005340576172,-9.365191459655762,13.987292289733888,disco,3
disco.00069,8,-139.57528686523438,117.53175354003906,-3.7778878211975098,33.08898162841797,-13.064624786376951,27.573381423950195,-24.756250381469727,11.561906814575195,-8.196356773376465,11.709490776062012,disco,3
disco.00069,9,-136.75901794433594,121.5847625732422,-3.4196739196777344,30.15872001647949,-18.76978874206543,31.87602996826172,-24.643648147583008,9.521651268005373,-7.630344390869141,13.690078735351562,disco,3
disco.00070,0,-80.37557220458984,101.47669982910156,-30.679819107055664,28.23165512084961,-24.17112922668457,32.11616516113281,-12.072296142578123,22.881235122680664,-17.02300262451172,23.770973205566406,disco,3
disco.00070,1,-74.94927978515625,100.4945297241211,-35.64086151123047,34.61419677734375,-21.56195831298828,33.21100997924805,-13.483009338378906,22.22511863708496,-16.5209903717041,20.277782440185547,disco,3
disco.00070,2,-84.83482360839844,97.97435760498048,-22.02303504943848,46.69524383544922,-11.96839714050293,31.530405044555664,-18.67972183227539,24.10497665405273,-13.595823287963867,16.327211380004883,disco,3
disco.00070,3,-95.8132781982422,97.65946197509766,-19.299850463867188,39.93750762939453,-16.06846809387207,33.4100341796875,-18.43708610534668,21.991853713989254,-17.93787384033203,13.522062301635742,disco,3
disco.00070,4,-88.67971801757812,93.86238098144533,-23.69398307800293,40.543853759765625,-14.600029945373535,32.54633331298828,-19.627418518066406,20.619579315185547,-17.625062942504883,13.872112274169922,disco,3
disco.00070,5,-85.71134185791016,97.27404022216795,-24.271915435791016,44.15316390991211,-14.127815246582031,30.87713623046875,-16.772268295288086,22.90462303161621,-17.09671401977539,15.969637870788574,disco,3
disco.00070,6,-84.07032012939453,96.39816284179688,-25.35338020324707,44.205474853515625,-9.7632474899292,29.62486267089844,-21.282869338989254,18.269092559814453,-15.753520011901855,16.15999412536621,disco,3
disco.00070,7,-74.11396026611328,94.32613372802734,-31.65827751159668,34.635772705078125,-21.29847526550293,27.9504508972168,-20.4412899017334,20.865142822265625,-17.85724449157715,17.198963165283203,disco,3
disco.00070,8,-76.599365234375,103.84951782226562,-36.98193740844727,29.55186080932617,-23.85868453979492,31.417211532592773,-12.830442428588867,21.243295669555664,-17.81644058227539,21.49456787109375,disco,3
disco.00070,9,-75.3676986694336,99.51187133789062,-33.148399353027344,30.538589477539062,-22.287399291992188,31.484676361083984,-12.421008110046388,21.511993408203125,-16.986791610717773,22.140125274658203,disco,3
disco.00071,0,-131.3734893798828,84.2917709350586,-3.281291246414185,42.7016830444336,-4.971357822418213,29.7464599609375,-16.86703872680664,29.704662322998047,-14.672737121582031,17.389699935913086,disco,3
disco.00071,1,-105.23538208007812,73.65022277832031,-13.229825019836426,44.33138275146485,-16.577301025390625,18.899518966674805,-21.945613861083984,24.08007049560547,-21.648324966430664,19.93159866333008,disco,3
disco.00071,2,-84.96348571777344,78.22138214111328,-26.452651977539062,40.89458465576172,-15.83188819885254,22.210702896118164,-19.68353271484375,22.158296585083008,-20.64522171020508,25.739242553710938,disco,3
disco.00071,3,-117.43246459960938,88.25466918945312,-12.864623069763184,44.92971420288086,-5.805131435394287,26.50644874572754,-17.65430450439453,25.305559158325195,-16.01360321044922,17.075349807739258,disco,3
disco.00071,4,-101.03501892089844,71.2234115600586,-18.490619659423828,47.47673416137695,-13.268545150756836,14.933003425598145,-22.718212127685547,23.11749649047852,-17.513776779174805,27.01963233947754,disco,3
disco.00071,5,-105.61711120605467,78.35114288330078,-18.3741397857666,42.03219604492188,-14.334482192993164,20.19085502624512,-20.825634002685547,22.94794273376465,-18.26503562927246,24.86163330078125,disco,3
disco.00071,6,-99.745849609375,89.39290618896484,-17.181507110595703,39.33245849609375,-12.441052436828612,23.557884216308597,-19.62947654724121,28.10359764099121,-12.958244323730469,19.79621124267578,disco,3
disco.00071,7,-108.30538177490234,76.28605651855469,-14.28818130493164,36.27639389038086,-13.81942081451416,25.4688777923584,-20.138370513916016,29.8989315032959,-17.377511978149414,21.973482131958008,disco,3
disco.00071,8,-100.46658325195312,74.43793487548828,-11.18995475769043,36.33248519897461,-14.886513710021973,26.627605438232425,-20.152441024780277,36.11084365844727,-12.24410343170166,22.64639663696289,disco,3
disco.00071,9,-101.23490142822266,80.37519836425781,-17.479249954223633,34.48434066772461,-10.832635879516602,27.97954750061035,-20.649845123291016,31.94164657592773,-13.900938034057615,19.730566024780277,disco,3
disco.00072,0,-132.073974609375,78.14722442626953,-32.73508071899414,47.3294792175293,-10.98081874847412,28.24078941345215,-6.94777250289917,14.313222885131836,-8.114569664001465,18.264440536499023,disco,3
disco.00072,1,-119.83972930908205,67.94898223876953,-31.74392318725586,45.37364196777344,-10.839681625366213,35.445770263671875,-5.048025608062744,14.251757621765137,-9.93604850769043,23.35438537597656,disco,3
disco.00072,2,-131.56234741210938,76.4696273803711,-18.45025634765625,49.90637969970703,-13.46925926208496,32.91984939575195,-3.593222141265869,21.86174201965332,-7.425756931304932,25.18139266967773,disco,3
disco.00072,3,-129.6747589111328,78.10264587402344,-15.666275024414062,58.00344467163086,-9.791583061218262,31.75613784790039,-8.588178634643555,21.7559814453125,-11.382617950439451,20.842119216918945,disco,3
disco.00072,4,-75.8639144897461,68.8763656616211,-32.49750518798828,56.43179321289063,-13.472393035888672,27.934282302856445,-17.117124557495117,24.38994407653809,-10.220728874206545,21.962507247924805,disco,3
disco.00072,5,-76.82848358154297,70.5326156616211,-24.959840774536133,55.0804443359375,-14.169294357299805,28.660919189453125,-13.635486602783203,23.517736434936523,-11.486931800842283,20.582616806030277,disco,3
disco.00072,6,-105.54092407226562,79.04310607910156,-41.96285629272461,38.200931549072266,-26.462570190429688,23.60050773620605,-14.3280611038208,14.461200714111328,-14.355132102966309,17.135095596313477,disco,3
disco.00072,7,-191.97386169433597,64.00988006591797,-65.6631088256836,18.44482421875,-45.715633392333984,6.447009086608887,-25.54876708984375,0.2312217056751251,-27.226951599121094,9.274703025817873,disco,3
disco.00072,8,-166.57041931152344,44.64180374145508,-67.32225036621094,15.902310371398926,-43.87604522705078,7.2129130363464355,-25.627967834472656,-1.689622402191162,-26.02509307861328,13.755229949951172,disco,3
disco.00072,9,-160.6222381591797,56.98969268798828,-50.214317321777344,35.22515106201172,-39.84360885620117,20.144893646240234,-22.68024635314941,8.518128395080566,-23.87040328979492,17.535993576049805,disco,3
disco.00073,0,-96.29728698730467,86.96017456054688,-30.411684036254883,45.91190719604492,-6.171759605407715,25.51924133300781,-23.541133880615234,20.824880599975582,-19.389989852905277,16.74843406677246,disco,3
disco.00073,1,-93.84636688232422,89.71533203125,-24.07837677001953,41.56136322021485,-14.738473892211914,25.33917236328125,-23.88361167907715,23.530858993530277,-22.102880477905277,13.453370094299316,disco,3
disco.00073,2,-87.27994537353516,87.21000671386719,-25.37141990661621,39.501373291015625,-14.651620864868164,26.67556381225586,-20.87403106689453,23.676855087280277,-20.428272247314453,16.663129806518555,disco,3
disco.00073,3,-88.15087127685547,91.15745544433594,-27.917139053344727,33.36029815673828,-21.68313980102539,26.57988739013672,-18.987533569335938,25.565034866333008,-19.322525024414062,15.015247344970703,disco,3
disco.00073,4,-84.96281433105469,85.1005859375,-28.81632232666016,41.846187591552734,-19.59928131103516,25.567367553710938,-19.884450912475582,24.56095695495605,-22.072587966918945,18.2110538482666,disco,3
disco.00073,5,-86.36983489990234,87.22388458251953,-31.111591339111328,35.14628982543945,-22.22222328186035,26.92208480834961,-21.185922622680664,24.16918563842773,-20.29132652282715,15.299263954162598,disco,3
disco.00073,6,-70.70912170410156,90.7358169555664,-31.539941787719727,33.76005935668945,-21.993532180786133,25.163240432739254,-18.9116325378418,25.091819763183597,-19.682186126708984,16.775197982788086,disco,3
disco.00073,7,-126.67950439453124,62.59458923339844,-19.954051971435547,38.820648193359375,-14.437073707580566,30.461158752441406,-24.28645133972168,23.15508270263672,-15.561128616333008,19.14151763916016,disco,3
disco.00073,8,-133.86399841308594,64.91304779052734,-20.71160888671875,33.521522521972656,-17.174718856811523,24.426177978515625,-27.968629837036133,16.686925888061523,-23.524951934814453,17.683210372924805,disco,3
disco.00073,9,-90.42669677734376,82.11160278320312,-26.723447799682617,36.917964935302734,-15.62560749053955,21.3109073638916,-22.817228317260746,15.918315887451172,-22.38312339782715,18.915437698364254,disco,3
disco.00074,0,-65.29224395751953,87.74191284179688,-17.72072982788086,37.27337646484375,-14.89798641204834,27.4365291595459,-24.39902114868164,22.32522392272949,-17.07171058654785,16.286226272583008,disco,3
disco.00074,1,-40.38016128540039,85.3673095703125,-23.12293815612793,38.2271728515625,-21.66469383239746,20.58527946472168,-23.805683135986328,17.568254470825195,-19.69511985778809,15.935768127441406,disco,3
disco.00074,2,-36.76149368286133,84.97163391113281,-34.83513259887695,37.4013557434082,-24.990623474121094,18.100101470947266,-26.08857727050781,13.976517677307127,-24.979473114013672,20.369985580444336,disco,3
disco.00074,3,-41.8322639465332,90.51547241210938,-30.186996459960938,37.23513412475586,-17.486705780029297,24.82183837890625,-22.3756046295166,19.277099609375,-18.237979888916016,17.135723114013672,disco,3
disco.00074,4,-41.039981842041016,87.38346099853516,-29.50051689147949,40.6759147644043,-19.2254695892334,18.878467559814453,-25.442157745361328,17.744808197021484,-17.610902786254883,21.32366371154785,disco,3
disco.00074,5,-35.849151611328125,83.23192596435547,-34.87266540527344,40.5068588256836,-21.811317443847656,15.58913230895996,-26.38825035095215,15.202529907226562,-23.3404598236084,23.04899406433105,disco,3
disco.00074,6,-40.83245849609375,94.86351013183594,-28.800086975097656,34.097442626953125,-20.36140251159668,23.83014488220215,-23.755964279174805,21.154645919799805,-13.129780769348145,19.11063766479492,disco,3
disco.00074,7,-38.75432586669922,94.60891723632812,-28.880563735961918,32.9913330078125,-23.152612686157227,20.22500991821289,-27.118465423583984,20.900453567504883,-15.100415229797363,18.284326553344727,disco,3
disco.00074,8,-37.688602447509766,82.76268005371094,-23.3811149597168,30.78691864013672,-21.90941619873047,25.875577926635746,-21.832984924316406,27.33272933959961,-17.600038528442383,16.755529403686523,disco,3
disco.00074,9,-34.52976989746094,84.12570190429688,-24.638952255249023,27.028133392333984,-21.540903091430664,28.947885513305664,-24.459518432617188,24.435009002685547,-14.783540725708008,18.96295928955078,disco,3
disco.00075,0,-90.03662872314453,89.72095489501953,-24.379852294921875,38.76555252075195,-17.073610305786133,31.29022026062012,-14.278742790222168,27.331586837768555,-17.163244247436523,21.41497802734375,disco,3
disco.00075,1,-84.86988830566406,85.03514099121094,-21.075040817260746,46.992164611816406,-17.7999210357666,36.43744659423828,-18.155105590820312,26.18075180053711,-12.388504981994627,21.00197982788086,disco,3
disco.00075,2,-89.11375427246094,85.61116027832031,-21.678117752075195,41.88419723510742,-15.817617416381836,37.09087753295898,-18.395597457885746,26.18376350402832,-11.088046073913574,21.250354766845703,disco,3
disco.00075,3,-87.53787231445312,88.54829406738281,-18.31572151184082,43.29557418823242,-19.318483352661133,33.349239349365234,-18.533737182617188,25.462316513061523,-14.04287815093994,19.95319557189941,disco,3
disco.00075,4,-90.38023376464844,89.28162384033203,-12.906723022460938,42.970314025878906,-20.50262451171875,32.03018951416016,-21.97955322265625,27.375307083129883,-16.970335006713867,16.01519203186035,disco,3
disco.00075,5,-90.3804702758789,88.63870239257812,-10.12397289276123,38.48922729492188,-21.967575073242188,34.87284469604492,-13.756794929504396,29.70018768310547,-20.029834747314453,17.121450424194336,disco,3
disco.00075,6,-90.0688247680664,85.82150268554688,-18.87209701538086,45.78879165649414,-16.440778732299805,35.006649017333984,-17.242210388183594,28.15254592895508,-11.98213005065918,19.28689765930176,disco,3
disco.00075,7,-91.904052734375,86.1817626953125,-18.617656707763672,44.93766021728516,-14.304317474365234,34.56740188598633,-20.30643081665039,24.26379776000977,-12.929661750793455,18.656269073486328,disco,3
disco.00075,8,-104.79286193847656,83.90121459960938,-13.286009788513184,46.16372299194336,-19.60033416748047,32.52090072631836,-22.988903045654297,25.82164192199707,-8.161516189575195,24.89750289916992,disco,3
disco.00075,9,-99.8411636352539,82.96178436279297,-15.075397491455078,43.80891036987305,-22.102754592895508,35.10016632080078,-19.2784423828125,29.83650016784668,-11.832998275756836,24.079477310180664,disco,3
disco.00076,0,-100.56786346435548,107.3708953857422,-37.7775993347168,30.862144470214844,-23.564363479614254,17.831106185913086,-21.508935928344727,12.2677640914917,-21.09027862548828,17.972618103027344,disco,3
disco.00076,1,-101.71096801757812,105.2275848388672,-46.80426025390625,24.22262191772461,-25.58207321166992,15.123729705810549,-21.696514129638672,12.666820526123049,-17.918325424194336,19.41364860534668,disco,3
disco.00076,2,-69.6279296875,94.5535659790039,-54.09052658081055,26.41433334350586,-31.71598625183105,14.248777389526367,-27.575551986694336,19.15937614440918,-15.846270561218262,25.48751449584961,disco,3
disco.00076,3,-97.06793975830078,99.37161254882812,-30.214336395263672,28.035968780517575,-27.637792587280277,0.3508113026618957,-31.218137741088867,15.249994277954102,-20.32037734985352,18.442358016967773,disco,3
disco.00076,4,-73.0202407836914,107.24632263183594,-39.58453369140625,24.14381217956543,-25.211732864379883,3.136059522628784,-29.632936477661133,11.351638793945312,-26.256267547607425,19.253084182739254,disco,3
disco.00076,5,-96.5915985107422,99.90177154541016,-29.761266708374023,33.84607696533203,-16.41908073425293,11.487786293029783,-24.158960342407227,17.881301879882812,-20.72476959228516,12.663294792175291,disco,3
disco.00076,6,-76.03165435791016,105.64771270751952,-40.37773132324219,28.518009185791016,-27.275449752807617,1.563427209854126,-31.527441024780277,11.909989356994627,-25.98511505126953,17.285810470581055,disco,3
disco.00076,7,-82.17205810546875,102.99815368652344,-37.04312515258789,27.56037712097168,-22.87305450439453,14.261446952819824,-20.5562801361084,18.44743156433105,-19.939865112304688,23.43546485900879,disco,3
disco.00076,8,-102.40198516845705,96.69561004638672,-25.86834716796875,34.093021392822266,-20.010974884033203,12.775538444519045,-22.94392204284668,20.563201904296875,-22.064735412597656,19.597206115722656,disco,3
disco.00076,9,-159.33529663085938,119.84398651123048,-26.775177001953125,17.004484176635742,-12.512988090515137,12.69468593597412,-18.806276321411133,20.61383438110352,-14.939455032348633,17.199934005737305,disco,3
disco.00077,0,-55.912200927734375,95.76799774169922,-18.25014305114746,47.93837738037109,-10.14981460571289,20.976207733154297,-23.5908317565918,32.543540954589844,-5.074438095092773,11.040446281433104,disco,3
disco.00077,1,-54.51932144165039,94.64107513427734,-19.77886390686035,50.55488204956055,-6.775935173034668,26.99801445007324,-21.60736846923828,26.05681800842285,-10.202828407287598,10.911184310913086,disco,3
disco.00077,2,-96.85142517089844,97.98451232910156,-14.273324966430664,49.21403121948242,-5.7628583908081055,26.23752212524414,-19.28054428100586,23.4885311126709,-6.146158218383789,13.246792793273926,disco,3
disco.00077,3,-68.84809112548828,112.3555908203125,-22.40837860107422,38.49393844604492,-14.65322208404541,22.637142181396484,-19.00519371032715,23.2390193939209,-9.395092964172363,14.606081008911133,disco,3
disco.00077,4,-55.56212615966797,92.96572875976562,-7.822411060333252,42.38463592529297,-6.886288642883301,28.790508270263672,-23.25350379943848,26.23938751220703,-9.397286415100098,11.040610313415527,disco,3
disco.00077,5,-52.53433227539063,93.09017181396484,-15.85079288482666,42.98926544189453,-4.162411212921143,23.90522003173828,-25.804330825805664,25.90488624572754,-10.980536460876465,13.268556594848633,disco,3
disco.00077,6,-38.68904876708984,87.2003173828125,-28.90566062927246,44.53141021728516,-6.647176742553711,24.745136260986328,-26.06843376159668,26.73908042907715,-13.449891090393066,11.383294105529783,disco,3
disco.00077,7,-48.37429428100586,97.0577392578125,-24.50919532775879,41.47643661499024,-8.54312801361084,26.364551544189453,-23.963394165039062,26.885602951049805,-10.768376350402832,6.913601398468018,disco,3
disco.00077,8,-64.5443115234375,100.7807388305664,-12.497425079345703,41.3089485168457,-5.984385967254639,28.21207427978516,-23.516582489013672,27.04463005065918,-11.603839874267578,10.086833000183104,disco,3
disco.00077,9,-36.285037994384766,102.08827209472656,-18.44101905822754,52.99602508544922,-4.010108947753906,13.043556213378906,-30.39740753173828,25.44556427001953,-21.364830017089844,5.607338905334473,disco,3
disco.00078,0,-293.58502197265625,104.67605590820312,-8.471406936645508,13.567880630493164,-7.059747219085693,14.597658157348633,-21.57430076599121,17.904747009277344,-24.34669685363769,22.86722755432129,disco,3
disco.00078,1,-254.0600128173828,105.48323059082033,-10.833988189697266,11.039300918579102,-5.15284538269043,1.5800100564956665,-15.558735847473145,18.66856002807617,-27.907594680786133,18.82737922668457,disco,3
disco.00078,2,-171.23025512695312,104.25587463378906,-19.978559494018555,20.19035530090332,-19.86046600341797,15.435730934143066,-13.540546417236328,21.561901092529297,-17.87921142578125,27.091402053833008,disco,3
disco.00078,3,-130.93130493164062,105.69879913330078,-19.312618255615234,36.39988708496094,-22.09090805053711,18.368059158325195,-21.00887680053711,15.895273208618164,-18.084522247314453,22.07958221435547,disco,3
disco.00078,4,-164.65615844726562,106.7557373046875,-25.84382057189941,42.20632553100586,-12.420693397521973,23.12157821655273,-13.683988571166992,16.952211380004883,-14.80866527557373,15.346923828125,disco,3
disco.00078,5,-159.6431121826172,96.34740447998048,-21.331764221191406,40.32564926147461,-19.000638961791992,25.360998153686523,-13.681900024414062,21.56844520568848,-14.717887878417969,17.66949462890625,disco,3
disco.00078,6,-151.97775268554688,109.82511138916016,-22.9185848236084,40.34308624267578,-18.40874481201172,24.808881759643555,-14.554436683654783,17.151912689208984,-16.841325759887695,14.223100662231444,disco,3
disco.00078,7,-162.5566864013672,105.88651275634766,-25.87085723876953,33.930747985839844,-9.657461166381836,25.93722343444824,-10.516278266906738,21.409013748168945,-16.078086853027344,15.738438606262209,disco,3
disco.00078,8,-156.7759246826172,106.3214874267578,-23.6303825378418,32.5578498840332,-10.856441497802734,24.56393051147461,-6.681249141693115,24.08558464050293,-15.238591194152832,21.140005111694336,disco,3
disco.00078,9,-179.17430114746094,97.55967712402344,-9.651413917541504,48.02478790283203,-8.048700332641602,20.43743705749512,-4.339778900146484,24.45290756225586,-17.32038688659668,15.798974990844728,disco,3
disco.00079,0,-177.35263061523438,94.59465026855467,-5.023483276367188,35.504573822021484,-8.65800952911377,31.24420547485352,-15.859500885009766,27.70209503173828,-9.183045387268066,23.929197311401367,disco,3
disco.00079,1,-131.0542755126953,87.42752075195312,-4.679392337799072,45.6197624206543,-14.219594955444336,30.81431770324707,-13.877338409423828,25.29988670349121,-12.09279727935791,23.9346866607666,disco,3
disco.00079,2,-166.39456176757812,101.24705505371094,-11.833356857299805,39.19329833984375,-6.88593864440918,20.70245361328125,-12.550508499145508,22.118865966796875,-15.119969367980955,19.17350196838379,disco,3
disco.00079,3,-141.60922241210938,100.89056396484376,-13.8112211227417,43.338600158691406,-10.532649993896484,23.779926300048828,-12.60661792755127,24.253921508789062,-15.95688247680664,23.673006057739254,disco,3
disco.00079,4,-154.9017791748047,106.11071014404295,-12.604310989379885,38.75515365600586,-13.894852638244627,23.493179321289062,-13.546659469604492,24.21697425842285,-15.673970222473145,22.233158111572266,disco,3
disco.00079,5,-148.82803344726562,107.710693359375,-17.305299758911133,37.67965698242188,-11.973400115966797,23.037097930908203,-12.805819511413574,23.587764739990234,-15.037822723388672,21.2052059173584,disco,3
disco.00079,6,-135.26063537597656,92.42372131347656,-8.293848037719727,47.124759674072266,-13.01816177368164,30.44317626953125,-12.594548225402832,28.298891067504883,-13.692533493041992,22.14105224609375,disco,3
disco.00079,7,-151.01589965820312,94.98831939697266,-14.951017379760742,37.56855773925781,-16.26936149597168,23.178556442260746,-8.801423072814941,28.25246238708496,-10.631922721862791,22.61069107055664,disco,3
disco.00079,8,-183.2706451416016,103.51599884033205,-8.224061012268066,38.25634765625,-8.214144706726074,19.55036163330078,-11.183488845825195,22.8878231048584,-16.969276428222656,15.539772987365724,disco,3
disco.00079,9,-162.24371337890625,98.65050506591795,-13.301316261291504,36.78847503662109,-15.28536319732666,21.95288848876953,-10.763988494873049,22.574005126953125,-16.60507583618164,17.73042869567871,disco,3
disco.00080,0,-207.4585876464844,101.75505828857422,13.444374084472656,51.88349151611328,-6.395611763000488,17.013032913208008,-20.80578994750977,21.54296112060547,-22.366241455078125,7.425288200378418,disco,3
disco.00080,1,-219.92459106445312,91.30836486816406,12.969892501831056,50.6271858215332,-7.843894481658935,21.663101196289062,-11.554760932922363,22.88458824157715,-17.22104263305664,13.912657737731934,disco,3
disco.00080,2,-235.00320434570312,100.79109191894533,17.489377975463867,45.90761566162109,-6.321956157684326,22.031606674194336,-16.98162269592285,17.942188262939453,-22.696556091308597,8.4579496383667,disco,3
disco.00080,3,-229.1356201171875,91.99752044677734,12.089003562927246,48.50825500488281,-7.527476787567139,19.461719512939453,-17.92862892150879,21.443195343017575,-19.045005798339844,12.025880813598633,disco,3
disco.00080,4,-217.9187469482422,83.85326385498047,13.860642433166504,56.58309173583984,-5.658839225769043,14.403745651245115,-14.870391845703123,20.400968551635746,-27.089111328125,15.179993629455566,disco,3
disco.00080,5,-185.30567932128903,93.16390228271484,-0.3584336638450622,61.48772430419922,-4.874453544616699,1.830950736999512,-17.93370246887207,26.47490882873535,-25.93840789794922,18.053865432739254,disco,3
disco.00080,6,-229.5260467529297,96.86893463134766,12.994989395141602,45.03863525390625,-7.448402404785156,16.154672622680664,-12.841459274291992,20.717472076416016,-18.800416946411133,14.417016983032228,disco,3
disco.00080,7,-207.36672973632807,94.91271209716795,8.822576522827148,47.0369758605957,-10.228187561035156,17.846471786499023,-17.97386360168457,20.120059967041016,-21.111534118652344,11.24149227142334,disco,3
disco.00080,8,-241.7061462402344,97.90919494628906,14.589414596557615,45.30952453613281,-6.0639424324035645,19.887683868408203,-10.263249397277832,24.61416244506836,-15.804015159606934,17.60950469970703,disco,3
disco.00080,9,-221.97955322265625,98.14713287353516,12.796055793762209,39.95522689819336,-12.186908721923828,19.250713348388672,-11.93940258026123,23.900638580322266,-12.576104164123535,17.225364685058594,disco,3
disco.00081,0,-196.43374633789065,108.3701629638672,-22.279027938842773,45.0313835144043,5.685766696929932,19.044553756713867,-6.517105579376221,18.08610343933105,-12.819793701171877,0.3923235237598419,disco,3
disco.00081,1,-160.97262573242188,107.47940063476562,-29.280675888061523,33.095481872558594,-2.513998508453369,17.695785522460938,-11.158620834350586,20.802011489868164,-16.479951858520508,9.277396202087402,disco,3
disco.00081,2,-151.91908264160156,89.89879608154297,-15.547141075134276,44.94179534912109,4.131593704223633,20.310043334960938,-7.449557781219482,22.609169006347656,-22.375078201293945,8.117057800292969,disco,3
disco.00081,3,-138.24349975585938,93.06189727783205,-28.892221450805664,38.55309677124024,-3.356405735015869,19.39176368713379,-7.115593910217285,16.46021270751953,-25.140012741088867,12.626541137695312,disco,3
disco.00081,4,-143.40370178222656,100.369140625,-21.89787101745605,39.88676834106445,-9.01747703552246,21.04585266113281,-5.511930465698242,17.415569305419922,-23.06304931640625,10.995553016662598,disco,3
disco.00081,5,-163.9055633544922,89.75599670410156,-28.426591873168945,48.32887649536133,-3.7899482250213614,24.39626693725586,-11.30894947052002,16.647483825683594,-17.323766708374023,5.126136302947998,disco,3
disco.00081,6,-148.60086059570312,94.31665802001952,-27.17121696472168,43.30940628051758,-8.934776306152344,20.767671585083008,-11.744776725769045,15.382305145263672,-19.67302894592285,7.994874954223633,disco,3
disco.00081,7,-231.4126434326172,96.26543426513672,-11.759352684020996,40.37089157104492,0.9631564021110536,18.39227294921875,-4.091628074645996,13.891846656799316,-11.457905769348145,8.054559707641602,disco,3
disco.00081,8,-297.55419921875,61.59815979003906,-6.182320594787598,30.175521850585938,-4.643571376800537,8.479528427124023,-8.530647277832031,9.229799270629885,-11.623647689819336,6.307373046875,disco,3
disco.00081,9,-300.5323181152344,55.92099380493164,-10.890167236328123,26.876066207885746,-8.052960395812988,3.504710912704468,-8.72349739074707,12.258172035217283,-10.076570510864258,10.987750053405762,disco,3
disco.00082,0,-46.48170471191406,88.27898406982422,-11.341550827026367,37.127662658691406,-18.57008552551269,31.753801345825195,-26.773956298828125,26.90874290466309,-15.709405899047852,23.1351375579834,disco,3
disco.00082,1,-68.45491790771484,99.64659118652344,-11.252548217773438,35.383750915527344,-15.097681045532228,27.09660148620605,-17.97911262512207,25.381702423095703,-10.5802640914917,10.339851379394531,disco,3
disco.00082,2,-77.00354766845703,97.34005737304688,-11.971686363220217,32.327850341796875,-7.746030807495117,27.214061737060547,-18.201805114746094,22.304967880249023,-12.167728424072266,12.84408950805664,disco,3
disco.00082,3,-58.86764907836914,94.17042541503906,-12.370990753173828,33.83597183227539,-13.955758094787598,24.819355010986328,-17.49386978149414,27.22675323486328,-14.609803199768066,15.156618118286133,disco,3
disco.00082,4,-70.29606628417969,101.91064453125,-15.128890991210938,33.15001678466797,-10.778318405151367,22.156230926513672,-17.827531814575195,22.651243209838867,-12.268367767333984,9.549949645996094,disco,3
disco.00082,5,-78.73773956298828,103.0746078491211,-11.123457908630373,34.60953140258789,-7.23115348815918,23.46209716796875,-18.83100128173828,24.89031791687012,-9.427860260009766,12.719511985778809,disco,3
disco.00082,6,-49.53952026367188,86.97073364257812,-14.5020751953125,28.37159919738769,-15.26084327697754,30.12873268127441,-20.618621826171875,26.945226669311523,-12.036789894104004,12.403995513916016,disco,3
disco.00082,7,-111.63069915771484,110.73401641845705,-15.13510513305664,32.4697265625,-3.169769763946533,23.840436935424805,-12.060006141662598,22.114673614501957,-4.731594562530518,9.644742965698242,disco,3
disco.00082,8,-43.42708969116211,79.83650970458984,-16.33025360107422,33.48870086669922,-22.085918426513672,26.41016960144043,-22.22431945800781,22.16358757019043,-12.448728561401367,14.63120937347412,disco,3
disco.00082,9,-34.31678771972656,87.39227294921875,-18.01740837097168,29.2957706451416,-26.055152893066406,33.2294807434082,-23.863571166992188,28.220783233642575,-14.239042282104492,18.5742301940918,disco,3
disco.00083,0,-166.2534942626953,120.61396026611328,1.630029559135437,46.54974365234375,-8.177616119384766,26.42372131347656,-14.373974800109863,16.230735778808594,-12.753239631652832,11.122126579284668,disco,3
disco.00083,1,-173.3191375732422,110.1086196899414,16.34050178527832,54.11854553222656,-11.246785163879396,24.660737991333008,-15.047966003417969,18.5073356628418,-19.022600173950195,12.744813919067385,disco,3
disco.00083,2,-169.8431396484375,112.9801254272461,13.842305183410645,46.21681594848633,-9.22251319885254,24.82969856262207,-15.278990745544434,19.57057762145996,-13.380330085754396,15.937045097351074,disco,3
disco.00083,3,-177.53602600097656,127.18584442138672,-1.197521090507507,44.02827835083008,-3.0892574787139893,23.550424575805664,-14.51758098602295,17.47349739074707,-15.983491897583008,9.908598899841309,disco,3
disco.00083,4,-174.6942901611328,128.03225708007812,-3.1119625568389893,42.50211715698242,-5.788626670837402,23.132816314697266,-10.149953842163086,16.388504028320312,-17.952585220336914,11.837915420532228,disco,3
disco.00083,5,-176.89907836914062,119.3736572265625,-2.5509204864501958,51.39301300048828,-0.95943945646286,25.826908111572266,-15.754154205322266,15.476895332336426,-14.375618934631348,15.93034839630127,disco,3
disco.00083,6,-143.9193115234375,102.51384735107422,-10.402077674865724,29.120624542236328,-22.66154289245605,38.35933303833008,-14.156045913696287,20.01266098022461,-15.58070182800293,21.419906616210938,disco,3
disco.00083,7,-188.19271850585935,99.81788635253906,-28.57479286193848,12.711249351501465,-8.276520729064941,38.69301986694336,-17.281490325927734,17.381078720092773,-17.93373680114746,13.1596097946167,disco,3
disco.00083,8,-169.55096435546875,98.43824768066406,-27.84201431274414,13.984627723693848,-13.6422700881958,27.70222282409668,-16.840421676635742,24.9617977142334,-21.861146926879883,13.305774688720703,disco,3
disco.00083,9,-134.60504150390625,109.51204681396484,-7.758244514465332,33.74090576171875,-6.1149001121521,28.466928482055664,-16.731000900268555,22.165660858154297,-19.18491554260254,15.198131561279297,disco,3
disco.00084,0,-201.52978515625,88.64220428466797,-33.140106201171875,43.012245178222656,-3.7237956523895264,28.612285614013672,-6.623487949371338,18.439603805541992,-11.684179306030272,14.781201362609863,disco,3
disco.00084,1,-192.6967620849609,85.47871398925781,-37.2295036315918,36.48222732543945,-4.820944786071777,25.89472198486328,-10.29842472076416,19.8114070892334,-15.230716705322266,14.078412055969238,disco,3
disco.00084,2,-249.00889587402344,68.63687133789062,-46.19426345825195,29.70720672607422,-0.2412950992584228,27.660911560058597,-10.108807563781738,12.73397731781006,-17.01422119140625,11.849010467529297,disco,3
disco.00084,3,-196.85069274902344,86.29209899902344,-34.147159576416016,54.919410705566406,-12.066575050354004,25.40093994140625,-8.983641624450684,8.888431549072266,-10.220462799072266,10.13967514038086,disco,3
disco.00084,4,-176.52232360839844,94.20407104492188,-27.29084205627441,56.33190536499024,-9.2872953414917,28.53881072998047,-5.680441379547119,15.699019432067873,-8.893717765808105,13.355172157287598,disco,3
disco.00084,5,-176.33392333984375,88.36060333251953,-38.57017517089844,50.97874069213867,-12.599398612976074,26.700634002685547,-8.572321891784668,13.652281761169434,-8.658340454101562,13.434531211853027,disco,3
disco.00084,6,-158.47425842285156,92.0726547241211,-42.7659797668457,48.631595611572266,-15.28493309020996,23.802387237548828,-12.57800579071045,12.520312309265137,-12.855772972106934,12.82004165649414,disco,3
disco.00084,7,-156.90081787109375,94.5044174194336,-43.05045700073242,52.63917541503906,-13.943470001220703,24.94123649597168,-9.213895797729492,11.617613792419434,-10.04276180267334,10.396851539611816,disco,3
disco.00084,8,-211.38690185546875,77.49015808105469,-45.24034881591797,40.83735275268555,-7.205004692077637,25.272634506225582,-9.749417304992676,14.658821105957031,-15.064970016479492,15.015235900878906,disco,3
disco.00084,9,-259.6092529296875,66.5576400756836,-44.671512603759766,31.06217193603516,-0.5435739159584045,26.339147567749023,-10.817541122436523,11.208599090576172,-17.892196655273438,10.609336853027344,disco,3
disco.00085,0,-183.1536865234375,60.15165328979492,11.369590759277344,34.114234924316406,-15.902122497558594,28.20485496520996,-20.98361587524414,27.29755973815918,-13.829249382019045,21.771821975708008,disco,3
disco.00085,1,-192.7289276123047,51.21056365966797,12.595904350280762,38.55147933959961,-12.33384609222412,30.51115608215332,-16.10181999206543,30.41865539550781,-11.845451354980469,20.38630104064941,disco,3
disco.00085,2,-165.91177368164062,70.54961395263672,17.079132080078125,43.46408462524414,-8.416278839111328,27.67892265319824,-22.772476196289062,29.473865509033203,-16.88979721069336,19.71808815002441,disco,3
disco.00085,3,-162.51234436035156,73.74197387695312,13.910638809204102,35.756431579589844,-9.604604721069336,30.21746635437012,-25.24294662475586,24.565902709960938,-16.949644088745117,21.68928337097168,disco,3
disco.00085,4,-180.77374267578125,64.30829620361328,24.62450408935547,47.05110168457031,-9.140600204467772,29.901626586914062,-20.644474029541016,30.863893508911133,-14.71420192718506,21.958398818969727,disco,3
disco.00085,5,-157.63522338867188,74.32925415039062,11.572918891906738,35.4336051940918,-15.046716690063477,28.16971778869629,-21.22290802001953,26.46898651123047,-19.008041381835938,19.88019752502441,disco,3
disco.00085,6,-167.63714599609375,72.82573699951172,17.438520431518555,40.34445571899414,-13.072893142700195,24.792404174804688,-20.95257377624512,28.38494682312012,-16.093955993652344,19.42778968811035,disco,3
disco.00085,7,-152.1325225830078,79.02243041992188,3.540419340133667,30.86431884765625,-9.251673698425291,34.58782196044922,-12.234110832214355,27.20067596435547,-14.942007064819336,24.73514938354492,disco,3
disco.00085,8,-149.6507568359375,71.19232940673828,-7.0029377937316895,38.30630874633789,-8.855409622192383,23.12240028381348,-21.2982177734375,26.80265235900879,-19.78069877624512,19.951648712158203,disco,3
disco.00085,9,-164.4497833251953,66.6724853515625,1.092484712600708,39.13056945800781,-15.233659744262695,23.832714080810547,-15.324851036071776,28.73751449584961,-21.224925994873047,22.753211975097656,disco,3
disco.00086,0,-122.86814880371094,120.6635971069336,-1.1579498052597046,52.26185989379883,-7.292135238647461,28.962425231933597,-13.257343292236328,12.952961921691896,-7.232545852661133,9.995173454284668,disco,3
disco.00086,1,-107.7670440673828,137.70166015625,-30.26100730895996,44.81665802001953,-10.73055934906006,28.746551513671875,-1.8566511869430544,7.796950340270996,-5.4238104820251465,11.747283935546877,disco,3
disco.00086,2,-103.830078125,121.26246643066406,-27.462491989135746,50.964942932128906,-8.73153018951416,35.33720016479492,-3.225514411926269,17.66377830505371,-9.085676193237305,10.289769172668455,disco,3
disco.00086,3,-73.21013641357422,102.38135528564452,-38.37504959106445,64.85588836669922,-17.033605575561523,27.23213195800781,-7.493532180786133,18.86560821533203,-9.620579719543455,12.046225547790527,disco,3
disco.00086,4,-128.89471435546875,129.5872802734375,-19.457489013671875,46.96499633789063,-8.743042945861816,32.87233352661133,-9.030863761901855,9.283803939819336,-7.641127109527588,10.735698699951172,disco,3
disco.00086,5,-112.74480438232422,124.65682220458984,-21.036752700805664,52.1802978515625,-4.134156703948975,30.73450088500977,-8.659468650817871,12.567763328552246,-5.347012042999268,12.161386489868164,disco,3
disco.00086,6,-100.57765197753906,121.85560607910156,-32.55767822265625,50.41916275024414,-17.04248046875,19.989660263061523,-5.712665557861328,8.040992736816406,-6.2337493896484375,12.438127517700195,disco,3
disco.00086,7,-57.11670684814453,106.42097473144533,-44.004032135009766,52.3773078918457,-21.433469772338867,31.65481948852539,-10.595902442932127,10.822932243347168,-14.583259582519531,12.848261833190918,disco,3
disco.00086,8,-98.12272644042967,133.69398498535156,-31.872678756713867,46.99150848388672,-14.810140609741213,29.565092086791992,-7.270131587982178,12.7825288772583,-11.345224380493164,11.802252769470217,disco,3
disco.00086,9,-57.04486846923828,128.4806365966797,-50.82395553588867,46.03803634643555,-14.22449779510498,23.759122848510746,-7.233912467956543,12.086668014526367,-13.417633056640623,15.435555458068848,disco,3
disco.00087,0,-128.0460662841797,118.52205657958984,-18.748422622680664,31.012996673583984,-6.039230346679688,20.70080947875977,-11.548194885253906,18.97202491760254,-21.82706451416016,17.6099796295166,disco,3
disco.00087,1,-133.51268005371094,126.88194274902344,-25.606727600097656,30.36644172668457,-6.02397346496582,22.13044548034668,-11.346802711486816,18.494144439697266,-18.572887420654297,18.612525939941406,disco,3
disco.00087,2,-118.85238647460938,116.75267791748048,-18.159725189208984,32.39733123779297,-3.4798593521118164,27.443817138671875,-16.35267448425293,22.18242835998535,-18.66048622131348,21.9243106842041,disco,3
disco.00087,3,-99.9480438232422,101.83621978759766,-20.59266662597656,44.00713348388672,-11.907267570495604,32.76264953613281,-17.489742279052734,23.00666236877441,-19.244781494140625,17.17624282836914,disco,3
disco.00087,4,-100.6967544555664,109.6212158203125,-23.817684173583984,46.34483337402344,-11.385664939880373,32.11968231201172,-18.69854736328125,22.88842391967773,-18.57805824279785,17.480430603027344,disco,3
disco.00087,5,-95.25421905517578,112.8498992919922,-29.232240676879883,37.898345947265625,-8.548858642578125,34.50563430786133,-16.073638916015625,21.543331146240234,-18.04720497131348,20.85222053527832,disco,3
disco.00087,6,-87.90016174316406,110.22600555419922,-22.700740814208984,40.125,-20.666643142700195,29.48325729370117,-21.835739135742188,17.55567169189453,-22.384920120239254,16.082439422607422,disco,3
disco.00087,7,-79.41686248779297,107.8437728881836,-38.94735336303711,31.757305145263672,-13.914909362792969,30.1325798034668,-13.781065940856934,24.66649627685547,-20.92544174194336,21.494918823242188,disco,3
disco.00087,8,-79.20219421386719,95.74365997314452,-37.022586822509766,42.65165328979492,-12.720065116882324,27.42715072631836,-14.53464698791504,26.124324798583984,-20.992233276367188,21.518081665039062,disco,3
disco.00087,9,-82.29495239257812,106.1455535888672,-37.04783630371094,37.43990707397461,-15.50033950805664,37.038124084472656,-12.075096130371094,22.977828979492188,-23.016395568847656,17.970561981201172,disco,3
disco.00088,0,-88.69388580322266,93.57249450683594,-44.56763458251953,52.25898361206055,-16.767654418945312,25.62734031677246,-13.821328163146973,20.478973388671875,-12.135555267333984,16.90911293029785,disco,3
disco.00088,1,-91.62875366210938,98.3128890991211,-39.60185623168945,52.510379791259766,-14.121456146240234,26.95495986938477,-14.64723300933838,17.474517822265625,-10.99105739593506,18.100252151489254,disco,3
disco.00088,2,-102.7416763305664,117.14168548583984,-44.32156753540039,47.4046516418457,-8.408327102661133,24.227445602416992,-10.41832160949707,18.9521598815918,-7.1561055183410645,16.112262725830078,disco,3
disco.00088,3,-119.65744018554688,100.38532257080078,-38.182716369628906,60.95981216430664,-5.567553520202637,19.49788856506348,-15.44505500793457,16.108444213867188,-7.39458703994751,16.558504104614258,disco,3
disco.00088,4,-100.02745056152344,101.7463836669922,-42.891719818115234,50.1513671875,-11.116378784179688,22.226707458496094,-14.450373649597168,15.476767539978027,-9.378701210021973,16.848953247070312,disco,3
disco.00088,5,-98.09827423095705,102.71192932128906,-37.842411041259766,47.832252502441406,-15.836444854736328,23.78982353210449,-15.98464584350586,15.603121757507324,-10.157845497131348,15.930328369140623,disco,3
disco.00088,6,-101.81986236572266,109.37735748291016,-37.72692108154297,45.70497131347656,-11.488656997680664,25.38970375061035,-10.781917572021484,18.106115341186523,-11.016268730163574,14.925362586975098,disco,3
disco.00088,7,-92.73194122314452,101.7681655883789,-41.49122619628906,50.11079025268555,-13.609037399291992,27.456104278564453,-17.00211524963379,16.518678665161133,-11.031984329223633,16.623119354248047,disco,3
disco.00088,8,-88.87078094482422,96.67295837402344,-44.223480224609375,56.71659469604492,-11.278539657592772,33.599876403808594,-15.74536418914795,19.57693862915039,-10.491424560546877,21.582992553710938,disco,3
disco.00088,9,-97.08460998535156,93.64866638183594,-38.540340423583984,50.29990005493164,-12.725208282470703,25.683868408203125,-15.902240753173828,17.09676170349121,-10.205765724182127,19.674087524414062,disco,3
disco.00089,0,-160.65017700195312,121.10791778564452,-12.204727172851562,44.64547729492188,-5.000304222106934,26.53838348388672,-12.777385711669922,19.440099716186523,-11.87098789215088,15.79136085510254,disco,3
disco.00089,1,-86.2921371459961,108.36614227294922,-35.03764343261719,47.08565139770508,-15.604758262634276,29.27744483947754,-16.368318557739258,18.399105072021484,-17.382993698120117,18.468156814575195,disco,3
disco.00089,2,-92.83224487304688,112.60118865966795,-38.45903778076172,42.45237350463867,-11.274558067321776,28.47726821899414,-15.196468353271484,20.099092483520508,-16.421323776245117,21.141765594482425,disco,3
disco.00089,3,-101.15975952148438,113.18498992919922,-33.922115325927734,42.54313278198242,-11.643659591674805,29.075660705566406,-14.191465377807615,22.549545288085938,-14.494516372680664,17.94112205505371,disco,3
disco.00089,4,-89.12386322021484,106.4472427368164,-37.68540573120117,45.53743362426758,-15.685810089111328,28.72854995727539,-14.140095710754396,19.95737648010254,-18.108604431152344,18.23476219177246,disco,3
disco.00089,5,-97.5066909790039,107.82173919677734,-38.20553207397461,37.899261474609375,-9.6113862991333,27.157958984375,-16.686561584472656,21.44422721862793,-16.39470100402832,17.315053939819336,disco,3
disco.00089,6,-109.51129913330078,109.5328598022461,-30.08102226257324,41.55009460449219,-14.065446853637695,26.302831649780277,-16.634477615356445,22.794174194335938,-21.080554962158203,16.500850677490234,disco,3
disco.00089,7,-137.50823974609375,115.99896240234376,-18.21394920349121,41.57381439208984,-8.443825721740723,24.75108528137207,-14.134920120239258,23.602867126464844,-21.42586898803711,16.285423278808594,disco,3
disco.00089,8,-131.56475830078125,120.31358337402344,-31.67985725402832,39.83190536499024,-5.976375579833984,28.053016662597656,-12.075307846069336,22.885986328125,-19.53792762756348,14.226808547973633,disco,3
disco.00089,9,-141.43792724609375,120.27967071533205,-23.036808013916016,44.514122009277344,-7.143879413604736,22.79986572265625,-14.21302604675293,22.658958435058597,-20.620800018310547,16.785287857055664,disco,3
disco.00090,0,-126.29044342041016,82.86343383789062,-14.880444526672363,45.66238021850586,-8.672566413879395,33.33861541748047,-18.21660041809082,21.736045837402344,-13.656655311584473,18.71089553833008,disco,3
disco.00090,1,-149.212646484375,77.94976806640625,-10.707902908325195,45.0903549194336,-8.875262260437012,32.17079544067383,-20.51116943359375,18.40436744689941,-17.1285457611084,12.606973648071287,disco,3
disco.00090,2,-126.61607360839844,79.35669708251953,-21.496850967407227,45.51502990722656,-10.497699737548828,29.03043365478516,-19.6827449798584,21.899608612060547,-15.628767013549805,13.151702880859377,disco,3
disco.00090,3,-138.6028594970703,82.74977111816406,-12.358762741088867,44.19647216796875,-10.553740501403809,31.138959884643555,-20.008869171142575,17.791715621948242,-15.184359550476074,15.426732063293455,disco,3
disco.00090,4,-132.93209838867188,79.8141860961914,-16.12537956237793,47.83999252319336,-7.409999370574951,31.793163299560547,-18.737340927124023,21.538116455078125,-17.144033432006836,12.029790878295898,disco,3
disco.00090,5,-121.8146514892578,83.98765563964844,-16.96768569946289,49.468143463134766,-8.781305313110352,31.77995491027832,-18.603605270385746,24.023910522460938,-12.909156799316406,19.114585876464844,disco,3
disco.00090,6,-159.38714599609375,83.58173370361328,-0.4951336085796356,41.48633575439453,-7.737002849578857,35.58952713012695,-22.911338806152344,17.406827926635742,-17.29981231689453,12.95486545562744,disco,3
disco.00090,7,-116.4682388305664,98.93135833740234,-13.342293739318848,35.566165924072266,-18.72064971923828,29.37821578979492,-18.11920738220215,21.700014114379883,-20.28481101989746,15.431048393249512,disco,3
disco.00090,8,-85.57259368896484,112.22962951660156,-40.57258605957031,31.352031707763672,-16.80413055419922,22.13108253479004,-16.793895721435547,21.354049682617188,-20.962404251098636,19.172531127929688,disco,3
disco.00090,9,-102.54925537109376,108.16590881347656,-25.605154037475582,45.43563079833984,-5.100774765014648,19.630674362182617,-23.820037841796875,22.981874465942383,-18.782381057739254,15.440970420837402,disco,3
disco.00091,0,-76.264892578125,92.54484558105467,-42.4749641418457,41.66726303100586,2.3224501609802246,33.623443603515625,0.7983285784721375,15.570958137512209,-14.90286636352539,16.378955841064453,disco,3
disco.00091,1,-81.93488311767578,92.65477752685548,-33.12810516357422,42.44981384277344,-1.57417094707489,31.890331268310547,3.7629878520965576,16.335800170898438,-15.547754287719728,14.516435623168944,disco,3
disco.00091,2,-97.96812438964844,98.30431365966795,-26.4290714263916,46.2785758972168,1.7964338064193726,27.13386344909668,-0.4556545615196228,15.514981269836426,-13.624186515808104,6.8256659507751465,disco,3
disco.00091,3,-137.07244873046875,99.75911712646484,-10.928170204162598,45.34800338745117,3.73356032371521,24.577756881713867,-0.8773212432861328,17.940162658691406,-1.801939606666565,8.912803649902344,disco,3
disco.00091,4,-126.63607025146484,97.0143814086914,-20.99660873413086,52.23992538452149,8.025156021118164,23.756441116333008,-3.89777398109436,16.20949935913086,-4.0544281005859375,13.790447235107422,disco,3
disco.00091,5,-107.02799224853516,104.74349212646484,-27.2478141784668,56.0027961730957,-1.3719325065612793,24.01331901550293,-11.15342140197754,9.556208610534668,-4.873279094696045,7.973987579345703,disco,3
disco.00091,6,-150.7261962890625,113.70336151123048,-13.008749008178713,44.392372131347656,6.967927932739258,25.86234664916992,-1.6491265296936035,12.69141960144043,-4.164111614227295,3.9437472820281982,disco,3
disco.00091,7,-179.241943359375,111.37393951416016,-1.6570323705673218,42.51525115966797,8.598212242126465,28.38817596435547,2.0003037452697754,14.21143913269043,-2.801671266555786,4.403026580810547,disco,3
disco.00091,8,-164.00204467773438,109.27165222167967,3.62403416633606,41.63667297363281,10.687702178955078,30.089263916015625,1.2464044094085691,15.1383695602417,-5.355338096618652,6.472230911254883,disco,3
disco.00091,9,-48.72127532958984,70.592529296875,-21.345447540283203,41.31523513793945,-5.9872589111328125,40.74761199951172,-5.604248523712158,18.41321182250977,-14.085689544677734,18.23387908935547,disco,3
disco.00092,0,-127.88602447509766,100.98220825195312,-13.589397430419922,41.32084655761719,-16.23711395263672,36.67454147338867,-5.466466426849365,18.29285430908203,-14.216970443725586,23.623430252075195,disco,3
disco.00092,1,-165.341796875,97.92328643798828,14.835776329040527,63.63216018676758,-17.755870819091797,26.87987899780273,-16.473722457885742,19.705434799194336,-10.165276527404783,17.145938873291016,disco,3
disco.00092,2,-138.5858154296875,94.80316925048828,8.079379081726074,47.7861557006836,-22.340381622314453,28.45927047729492,-20.15331649780273,19.359712600708008,-10.133432388305664,21.447872161865234,disco,3
disco.00092,3,-102.3771514892578,78.75460052490234,-5.688285827636719,54.36865234375,-19.75138664245605,27.819730758666992,-14.239498138427734,21.139497756958008,-18.34846305847168,14.66300106048584,disco,3
disco.00092,4,-126.50243377685548,90.42024230957033,-6.322973728179932,53.91843032836914,-12.272720336914062,31.77357292175293,-12.330314636230469,23.519132614135746,-12.634114265441896,17.691160202026367,disco,3
disco.00092,5,-127.6617202758789,91.4878158569336,-2.341404914855957,52.77971267700195,-16.781021118164062,31.38624382019043,-13.314186096191406,16.506824493408203,-16.11775779724121,22.59632682800293,disco,3
disco.00092,6,-115.25868225097656,92.34516143798828,-12.005287170410156,55.528785705566406,-16.772891998291016,22.430145263671875,-14.545661926269531,21.410619735717773,-15.668582916259766,20.793052673339844,disco,3
disco.00092,7,-116.58610534667967,93.4796371459961,-9.001887321472168,46.81691360473633,-14.38896656036377,32.06079864501953,-11.370650291442873,18.458070755004883,-17.870038986206055,23.78716278076172,disco,3
disco.00092,8,-127.1160125732422,91.9283676147461,-3.059762716293335,46.551734924316406,-21.46575355529785,29.948808670043945,-12.48587417602539,20.934282302856445,-11.62203884124756,22.950658798217773,disco,3
disco.00092,9,-100.94134521484376,81.11314392089844,-2.892427444458008,62.14898681640625,-17.68144989013672,28.103809356689453,-17.619421005249023,23.465709686279297,-18.116106033325195,12.707345962524414,disco,3
disco.00093,0,-66.47065734863281,83.43891143798828,-25.5816593170166,63.51546096801758,6.016418933868408,20.267772674560547,-8.621261596679688,18.451358795166016,-22.62025260925293,13.47458839416504,disco,3
disco.00093,1,-19.674654006958008,77.39938354492188,-33.02141189575195,56.679317474365234,-11.904547691345217,15.034439086914062,-18.148012161254883,12.718066215515137,-29.05479431152344,12.188878059387209,disco,3
disco.00093,2,-70.30445861816406,85.06939697265625,-22.381746292114254,49.393592834472656,-6.839621067047119,17.847475051879883,-7.089898109436035,22.39404296875,-18.10752296447754,22.76483154296875,disco,3
disco.00093,3,-115.9677505493164,85.97042083740234,-16.568279266357422,54.14311981201172,-2.261299133300781,14.48032569885254,-12.3956937789917,21.71554183959961,-11.17274284362793,20.08663558959961,disco,3
disco.00093,4,-106.05538177490234,91.3141860961914,-9.83383560180664,54.86857604980469,-1.0387827157974243,19.898067474365234,-6.355531215667725,23.239421844482425,-16.53515625,17.251096725463867,disco,3
disco.00093,5,-117.3206787109375,99.43799591064452,-15.798417091369627,46.9714469909668,1.5214775800704956,26.327098846435547,8.664005279541016,25.250940322875977,-23.239471435546875,0.7167867422103882,disco,3
disco.00093,6,-115.33040618896484,94.76780700683594,-17.5657901763916,47.89670181274414,-0.083992913365364,28.720245361328125,10.810835838317873,25.138917922973636,-26.305021286010746,2.9970664978027344,disco,3
disco.00093,7,-76.76365661621094,88.16682434082031,-24.75336456298828,62.7515754699707,4.712283134460449,20.217308044433597,-2.7443840503692627,22.441177368164062,-23.762788772583008,9.699997901916504,disco,3
disco.00093,8,-96.37787628173828,91.95093536376952,-17.972396850585938,55.78779983520508,0.2297137379646301,19.413911819458008,-2.7526309490203857,21.684547424316406,-15.704384803771973,14.83785343170166,disco,3
disco.00093,9,-80.53449249267578,84.17536926269531,-23.875341415405277,51.96250534057617,-5.730906963348389,18.076311111450195,-6.186122417449951,21.85081672668457,-13.040399551391602,13.9093599319458,disco,3
disco.00094,0,-123.45929718017578,89.08491516113281,-5.293053150177002,56.2388801574707,-13.403182983398438,34.427677154541016,-22.889204025268555,21.59416007995605,-16.726280212402344,17.08188247680664,disco,3
disco.00094,1,-134.832763671875,91.91729736328124,-2.078185796737671,56.0335693359375,-10.264968872070312,35.61245346069336,-19.428016662597656,22.80043601989746,-14.552257537841797,14.365172386169434,disco,3
disco.00094,2,-135.6885223388672,115.4575424194336,-3.119301080703736,44.2523078918457,-18.543487548828125,31.897994995117188,-16.376220703125,26.563312530517575,-12.541443824768066,11.302949905395508,disco,3
disco.00094,3,-144.29444885253906,118.54247283935548,-3.406965970993042,43.8214225769043,-17.03631019592285,32.33149337768555,-15.061254501342772,25.79561996459961,-12.35120964050293,11.98857593536377,disco,3
disco.00094,4,-141.38136291503906,114.88722229003906,-3.292426586151123,44.81730651855469,-17.244609832763672,31.956588745117188,-15.790976524353027,24.850875854492188,-10.908967971801758,12.545886993408203,disco,3
disco.00094,5,-147.6942901611328,117.11676788330078,-1.2654027938842771,46.58169174194336,-15.974284172058104,32.61084747314453,-15.320725440979004,26.71259307861328,-11.287050247192385,12.099678993225098,disco,3
disco.00094,6,-124.68779754638672,102.0915756225586,-5.383083343505859,49.27668380737305,-17.333477020263672,32.3586311340332,-19.041406631469727,24.376684188842773,-12.800829887390137,12.499348640441896,disco,3
disco.00094,7,-116.47537231445312,93.08550262451172,-10.924720764160156,55.37169647216797,-16.995407104492188,31.139902114868164,-20.05511474609375,24.843048095703125,-11.169002532958984,16.173852920532227,disco,3
disco.00094,8,-116.63739776611328,90.23969268798828,-7.922752857208252,56.13936233520508,-15.777826309204102,34.37436294555664,-20.75581741333008,25.90992546081543,-11.16885757446289,17.299699783325195,disco,3
disco.00094,9,-119.68145751953124,100.3633270263672,-7.512382507324219,53.99275970458984,-18.342754364013672,30.580644607543945,-22.13421058654785,25.237171173095703,-10.487374305725098,17.38237762451172,disco,3
disco.00095,0,-181.6361541748047,91.64830780029295,-3.831233739852905,49.76432418823242,3.8609604835510254,25.709531784057617,-9.231056213378906,24.24261474609375,-9.799633979797363,11.600417137145996,disco,3
disco.00095,1,-176.52674865722656,93.09309387207033,-13.907179832458496,53.9134521484375,-0.602493941783905,22.29990577697754,-7.977728843688965,23.704559326171875,-5.880350112915039,15.544473648071287,disco,3
disco.00095,2,-148.21812438964844,86.73464965820312,-27.810930252075195,58.82035446166992,-7.260111331939697,15.99570083618164,-9.24790382385254,26.29828643798828,-0.5092160701751709,22.117826461791992,disco,3
disco.00095,3,-143.24220275878906,74.017822265625,-8.169696807861328,59.01944732666016,-7.231131076812744,28.94460868835449,-12.77706527709961,24.89287757873535,-11.06138515472412,16.426776885986328,disco,3
disco.00095,4,-159.44561767578125,92.9059066772461,-19.712787628173828,52.27687072753906,-2.408618450164795,22.23299598693848,-4.997887134552002,23.81186866760254,-5.319424152374268,18.561952590942383,disco,3
disco.00095,5,-141.63247680664062,82.62089538574219,-26.038209915161133,56.81251525878906,-4.884395122528076,20.087181091308597,-8.44778823852539,22.332639694213867,-4.351025581359863,21.81865692138672,disco,3
disco.00095,6,-151.5301055908203,84.59054565429688,-14.061602592468262,50.41474533081055,-7.081764221191406,23.26252555847168,-10.369773864746094,24.88774299621582,-3.83067774772644,18.80577850341797,disco,3
disco.00095,7,-169.4618377685547,95.21939086914062,-10.173521995544434,47.61641311645508,-1.6776237487792969,23.345691680908203,-6.750310897827148,24.38783073425293,-5.837348937988281,16.00987434387207,disco,3
disco.00095,8,-119.70858001708984,68.63123321533203,-29.84747886657715,57.78685760498047,-12.374526023864746,32.929378509521484,-10.518308639526367,18.881383895874023,-6.056571006774902,22.986371994018555,disco,3
disco.00095,9,-211.3446044921875,58.01895904541016,-20.35311317443848,44.22444534301758,-10.287227630615234,19.347522735595703,-6.805711269378662,25.35723114013672,-7.542081356048584,18.311208724975582,disco,3
disco.00096,0,-159.21815490722656,104.6352310180664,-28.357635498046875,66.9856948852539,-17.646886825561523,32.38805389404297,-16.242198944091797,15.000794410705566,-6.267521381378174,13.833813667297363,disco,3
disco.00096,1,-150.63455200195312,103.0486297607422,-27.04589080810547,64.19035339355469,-20.85411262512207,28.208335876464844,-20.546123504638672,17.213228225708008,-8.570627212524414,15.231524467468262,disco,3
disco.00096,2,-126.90518188476562,93.21475219726562,-25.00081825256348,56.92502975463867,-34.93438720703125,26.975584030151367,-18.545801162719727,25.76897621154785,-4.883916854858398,17.612037658691406,disco,3
disco.00096,3,-117.1401596069336,84.5207748413086,-29.491931915283203,56.42548751831055,-29.533203125,40.99100875854492,-12.038619041442873,22.32015991210937,-17.602554321289062,14.25696086883545,disco,3
disco.00096,4,-138.60215759277344,96.85584259033205,-22.07316398620605,64.39176940917969,-20.86151885986328,30.38213348388672,-13.526381492614746,20.62006187438965,-10.02371883392334,17.810911178588867,disco,3
disco.00096,5,-119.76984405517578,77.69821166992188,-26.93062400817871,59.12651062011719,-22.229297637939453,35.70961380004883,-14.859665870666504,23.031055450439453,-11.790590286254885,15.9274320602417,disco,3
disco.00096,6,-118.9345932006836,80.14683532714844,-27.639047622680664,71.24359893798828,-24.41386032104492,23.419151306152344,-17.4730281829834,25.94388771057129,-9.190410614013672,17.43148422241211,disco,3
disco.00096,7,-130.2376251220703,93.43855285644533,-22.47980117797852,63.17144012451172,-22.54915428161621,29.54916000366211,-14.749971389770508,22.32535171508789,-10.05822467803955,19.10955619812012,disco,3
disco.00096,8,-148.68670654296875,101.66834259033205,-15.759964942932127,57.54816055297852,-22.022708892822266,35.95392608642578,-12.243677139282228,19.52216911315918,-7.648410797119141,14.270988464355469,disco,3
disco.00096,9,-131.83941650390625,106.08699798583984,-23.00653076171875,59.41633605957031,-18.835590362548828,31.1595516204834,-14.508312225341797,15.498281478881836,-11.832029342651367,16.880617141723633,disco,3
disco.00097,0,-116.16754150390624,74.402099609375,-4.864723205566406,38.1046257019043,-5.365071296691895,33.2236328125,-11.070637702941896,22.395198822021484,-11.999011993408203,14.25123405456543,disco,3
disco.00097,1,-114.55020904541016,73.82743072509766,-0.8902087807655334,36.14459991455078,-6.045964241027832,32.95963287353516,-12.81483554840088,23.72107696533203,-11.937664985656738,14.558231353759766,disco,3
disco.00097,2,-122.92841339111328,78.67572021484375,-6.883443355560303,38.41704559326172,-3.825127363204956,29.463274002075195,-11.577089309692385,22.008119583129883,-12.00606632232666,14.170890808105469,disco,3
disco.00097,3,-118.49163055419922,78.19244384765625,-3.3969814777374268,37.81807327270508,-4.608281135559082,31.350744247436523,-11.660743713378906,24.271976470947266,-10.960586547851562,14.741043090820312,disco,3
disco.00097,4,-112.48651123046876,74.01264953613281,-4.452293872833252,38.65483856201172,-6.397400856018066,30.899301528930664,-10.10379695892334,25.092714309692383,-12.718581199645996,15.14273166656494,disco,3
disco.00097,5,-116.84982299804688,73.7342529296875,-1.6156699657440186,36.701454162597656,-6.625478267669678,31.504783630371094,-13.564372062683104,21.879838943481445,-12.292728424072266,14.984086990356444,disco,3
disco.00097,6,-117.71370697021484,76.08595275878906,-3.790193319320679,36.52511215209961,-6.035140514373779,31.086275100708008,-12.646364212036133,22.791650772094727,-9.523612022399902,15.656072616577148,disco,3
disco.00097,7,-120.71676635742188,79.54218292236328,-2.944948673248291,36.77882385253906,-6.695276737213135,29.37296295166016,-12.779670715332031,20.98432922363281,-9.670150756835938,14.850502967834473,disco,3
disco.00097,8,-118.7891845703125,79.44261932373047,-6.524076461791992,36.4334716796875,-5.8116960525512695,30.69134521484375,-14.065762519836426,21.075496673583984,-10.383584022521973,13.696492195129396,disco,3
disco.00097,9,-110.2547378540039,71.47447967529297,-6.819293022155762,37.95356750488281,-2.2470240592956543,33.9377555847168,-11.020214080810549,25.84591293334961,-12.530902862548828,14.682510375976562,disco,3
disco.00098,0,-98.78108215332033,102.1605987548828,0.6157442331314087,44.63908386230469,-17.46383285522461,25.9793643951416,-22.29139518737793,11.72942066192627,-20.219497680664062,15.930070877075195,disco,3
disco.00098,1,-90.24671173095705,103.19178009033205,-4.783402919769287,40.80323791503906,-15.320908546447754,21.71169662475586,-21.6445426940918,17.114330291748047,-26.06602478027344,17.12462043762207,disco,3
disco.00098,2,-83.1243896484375,99.44693756103516,-18.21001434326172,37.81196212768555,-18.932523727416992,21.11775779724121,-19.250394821166992,19.650968551635746,-23.32666778564453,18.750864028930664,disco,3
disco.00098,3,-96.43812561035156,103.83467864990234,1.1854408979415894,41.73971557617188,-14.106070518493652,24.648290634155277,-23.78633499145508,15.80489444732666,-25.25267601013184,16.1628360748291,disco,3
disco.00098,4,-93.29642486572266,93.19294738769533,-4.609755516052246,38.2485580444336,-18.16230583190918,24.075075149536133,-22.005544662475582,15.601037979125977,-26.278308868408203,18.98895072937012,disco,3
disco.00098,5,-94.09852600097656,94.89827728271484,-6.401240348815918,47.498313903808594,-16.001964569091797,20.718900680541992,-23.006929397583008,17.352460861206055,-27.371173858642575,19.20477104187012,disco,3
disco.00098,6,-88.93611907958984,97.88888549804688,-17.758678436279297,40.142860412597656,-16.81634521484375,25.578388214111328,-25.71754264831543,15.051860809326172,-26.966630935668945,19.58701515197754,disco,3
disco.00098,7,-90.93391418457033,103.05671691894533,-15.525309562683104,33.306190490722656,-22.25902557373047,20.11996459960937,-21.40592765808105,14.576189041137695,-28.26313018798828,16.652002334594727,disco,3
disco.00098,8,-94.18836975097656,102.45478057861328,-11.181076049804688,35.7296257019043,-24.18157958984375,23.10573387145996,-17.40552520751953,15.54863452911377,-28.94948959350586,18.483556747436523,disco,3
disco.00098,9,-88.24629974365234,97.93817901611328,-13.593567848205566,42.9931640625,-17.883586883544922,19.5538330078125,-23.35580825805664,16.566755294799805,-24.032812118530277,16.67261505126953,disco,3
disco.00099,0,-98.78108215332033,102.1605987548828,0.6157442331314087,44.63908386230469,-17.46383285522461,25.9793643951416,-22.29139518737793,11.72942066192627,-20.219497680664062,15.930070877075195,disco,3
disco.00099,1,-90.24671173095705,103.19178009033205,-4.783402919769287,40.80323791503906,-15.320908546447754,21.71169662475586,-21.6445426940918,17.114330291748047,-26.06602478027344,17.12462043762207,disco,3
disco.00099,2,-83.1243896484375,99.44693756103516,-18.21001434326172,37.81196212768555,-18.932523727416992,21.11775779724121,-19.250394821166992,19.650968551635746,-23.32666778564453,18.750864028930664,disco,3
disco.00099,3,-96.43812561035156,103.83467864990234,1.1854408979415894,41.73971557617188,-14.106070518493652,24.648290634155277,-23.78633499145508,15.80489444732666,-25.25267601013184,16.1628360748291,disco,3
disco.00099,4,-93.29642486572266,93.19294738769533,-4.609755516052246,38.2485580444336,-18.16230583190918,24.075075149536133,-22.005544662475582,15.601037979125977,-26.278308868408203,18.98895072937012,disco,3
disco.00099,5,-94.09852600097656,94.89827728271484,-6.401240348815918,47.498313903808594,-16.001964569091797,20.718900680541992,-23.006929397583008,17.352460861206055,-27.371173858642575,19.20477104187012,disco,3
disco.00099,6,-88.93611907958984,97.88888549804688,-17.758678436279297,40.142860412597656,-16.81634521484375,25.578388214111328,-25.71754264831543,15.051860809326172,-26.966630935668945,19.58701515197754,disco,3
disco.00099,7,-90.93391418457033,103.05671691894533,-15.525309562683104,33.306190490722656,-22.25902557373047,20.11996459960937,-21.40592765808105,14.576189041137695,-28.26313018798828,16.652002334594727,disco,3
disco.00099,8,-94.18836975097656,102.45478057861328,-11.181076049804688,35.7296257019043,-24.18157958984375,23.10573387145996,-17.40552520751953,15.54863452911377,-28.94948959350586,18.483556747436523,disco,3
disco.00099,9,-88.24629974365234,97.93817901611328,-13.593567848205566,42.9931640625,-17.883586883544922,19.5538330078125,-23.35580825805664,16.566755294799805,-24.032812118530277,16.67261505126953,disco,3
metal.00000,0,-54.29522705078125,47.708290100097656,-16.41803550720215,55.0553092956543,5.310527324676514,6.186489105224609,2.2678627967834477,8.273364067077637,5.73046350479126,3.875775098800659,metal,1
metal.00000,1,-61.871124267578125,53.45082473754883,-26.65169715881348,57.102142333984375,1.969393253326416,7.574079990386963,2.371860980987549,6.6893630027771,8.377972602844238,6.874847888946533,metal,1
metal.00000,2,-64.0768814086914,57.79492950439453,-22.96795463562012,60.99010848999024,5.696170806884766,7.530303001403809,1.8517982959747317,7.185628414154053,6.420928478240967,4.181987285614014,metal,1
metal.00000,3,-43.06356048583984,53.10454940795898,-12.704961776733398,49.22897338867188,5.686494827270508,6.093820095062256,2.0685293674468994,6.529427528381348,1.9802212715148928,4.42894983291626,metal,1
metal.00000,4,-46.0042610168457,47.13321685791016,-5.777955055236816,34.54810333251953,11.000267028808594,11.3684720993042,7.391138553619385,4.605449676513672,5.076835632324219,6.815157890319824,metal,1
metal.00000,5,-51.55046844482422,48.22900390625,-3.326505184173584,40.09991455078125,9.105371475219728,9.183673858642578,8.098069190979004,8.940906524658203,7.81115198135376,5.153213977813721,metal,1
metal.00000,6,-54.26227188110352,46.55730056762695,-5.425835609436035,43.856964111328125,8.250643730163574,13.546561241149902,8.926023483276367,10.45530605316162,4.059340476989746,8.325279235839844,metal,1
metal.00000,7,-45.44361114501953,44.56024932861328,-8.43108081817627,36.2547721862793,4.6009602546691895,12.050683975219728,8.449803352355957,11.488329887390137,5.100701808929443,7.684725761413574,metal,1
metal.00000,8,-50.1591682434082,47.29792404174805,-3.2859866619110107,41.50902938842773,11.191207885742188,11.252795219421388,4.1163482666015625,7.610732078552246,9.68006992340088,8.972053527832031,metal,1
metal.00000,9,-58.8247184753418,56.60444641113281,-10.4766263961792,45.98545455932617,2.0057711601257324,17.39710807800293,8.329373359680176,17.645654678344727,4.151697635650635,11.056855201721191,metal,1
metal.00001,0,-59.846710205078125,66.83724212646484,-19.06012535095215,45.7663688659668,5.898355007171631,17.985897064208984,1.483925223350525,22.235336303710938,-0.3048920333385467,7.502772331237793,metal,1
metal.00001,1,-61.27659225463867,67.99649810791016,-24.50546646118164,44.78523635864258,0.1540299654006958,20.984569549560547,3.5470991134643555,23.383026123046875,-5.026424407958984,5.965991020202637,metal,1
metal.00001,2,-82.7426986694336,70.2938461303711,-19.84663391113281,47.94350814819336,5.634317398071289,19.954030990600582,-4.631135940551758,21.500545501708984,-6.875061988830566,12.88907527923584,metal,1
metal.00001,3,-85.46115112304688,63.2004508972168,-12.683345794677734,47.68250274658203,11.310676574707031,22.338321685791016,-5.433333873748779,23.711544036865234,-11.063730239868164,9.437091827392578,metal,1
metal.00001,4,-79.55758666992188,66.46539306640625,-14.865065574645996,44.08620071411133,5.277566432952881,21.876562118530277,2.649141550064087,22.74763298034668,-9.659344673156738,17.429018020629883,metal,1
metal.00001,5,-88.24797058105469,63.21432495117188,-12.12118434906006,49.9998779296875,6.9586944580078125,19.532381057739254,-7.442753791809082,15.910111427307127,-12.738656997680664,12.2521333694458,metal,1
metal.00001,6,-90.15023803710938,64.20830535888672,-14.19550609588623,49.30080795288086,12.614706993103027,24.33440589904785,-1.3872535228729248,20.57253837585449,-6.7075300216674805,10.122153282165527,metal,1
metal.00001,7,-85.64405059814453,53.58982849121094,-9.306363105773926,49.29679870605469,13.333563804626465,24.88762855529785,-9.40716552734375,23.59886932373047,-11.438726425170898,9.044336318969728,metal,1
metal.00001,8,-82.3874282836914,65.50003051757812,-14.157029151916504,44.206031799316406,9.056039810180664,20.68191146850586,0.0320836156606674,23.02130126953125,-5.787268161773682,13.246016502380373,metal,1
metal.00001,9,-87.19132995605469,68.00470733642578,-14.545143127441406,46.223445892333984,7.960394859313965,25.649147033691406,-1.985953688621521,23.929031372070312,-8.287665367126465,14.22244358062744,metal,1
metal.00002,0,-62.49793243408203,109.1194839477539,-38.84526824951172,59.66226959228516,-19.872053146362305,17.028627395629883,-23.466766357421875,22.567628860473636,-8.25744342803955,20.451738357543945,metal,1
metal.00002,1,-62.39710998535156,111.48319244384766,-52.14746856689453,61.28998565673828,-21.677705764770508,12.359307289123535,-22.20016098022461,23.83481979370117,-5.521601676940918,16.82184410095215,metal,1
metal.00002,2,-54.86320877075195,118.28115844726562,-48.94497299194336,48.950172424316406,-26.42628669738769,22.331974029541016,-18.44645118713379,20.46464157104492,-9.607147216796877,19.623083114624023,metal,1
metal.00002,3,-58.77667617797852,116.69213104248048,-50.69087219238281,58.70331954956055,-25.989429473876957,17.83477783203125,-27.49601173400879,20.525251388549805,-7.590297698974609,17.971878051757812,metal,1
metal.00002,4,-55.74287796020508,121.17826080322266,-48.40652847290039,53.0933837890625,-30.682939529418945,21.976646423339844,-18.146574020385746,22.03572654724121,-5.929171562194824,21.93041229248047,metal,1
metal.00002,5,-58.61103057861328,118.2654266357422,-46.68474960327149,49.26749038696289,-25.441774368286133,22.870031356811523,-20.981037139892575,18.310911178588867,-9.380448341369627,23.81243896484375,metal,1
metal.00002,6,-56.01148986816406,116.447998046875,-47.58323669433594,55.00375747680664,-26.116783142089844,17.85711097717285,-24.53354835510254,21.127147674560547,-7.051454544067383,20.826982498168945,metal,1
metal.00002,7,-56.50324249267578,115.51514434814452,-42.328460693359375,51.63544845581055,-28.66650009155273,21.86465072631836,-18.03042984008789,21.145341873168945,-9.029438018798828,22.34598922729492,metal,1
metal.00002,8,-60.947227478027344,110.76545715332033,-32.35919952392578,46.05405807495117,-24.543270111083984,29.19383430480957,-23.36079978942871,20.42191696166992,-13.44259548187256,24.21321678161621,metal,1
metal.00002,9,-96.2141342163086,116.176025390625,-21.42323112487793,61.0180549621582,-21.062488555908203,19.965818405151367,-21.29896354675293,19.81643295288086,-10.056720733642578,17.092599868774414,metal,1
metal.00003,0,-45.58299255371094,70.4126968383789,-42.09748458862305,53.96623992919922,-16.151390075683594,37.36517333984375,-7.391169548034668,31.468997955322266,-15.584795951843262,21.875394821166992,metal,1
metal.00003,1,-43.12622833251953,72.20012664794922,-43.89592742919922,53.3913459777832,-16.915027618408203,35.46177291870117,-10.295202255249023,30.19552993774414,-13.920400619506836,19.428544998168945,metal,1
metal.00003,2,-46.821380615234375,75.26337432861328,-46.712738037109375,52.12932586669922,-15.849346160888672,34.27196502685547,-10.470941543579102,28.92072296142578,-13.27506160736084,22.67536354064941,metal,1
metal.00003,3,-31.11260986328125,67.99761199951172,-55.811126708984375,52.41962432861328,-8.30687141418457,45.65893173217773,-6.517988681793213,21.19602394104004,-18.602840423583984,25.72041130065918,metal,1
metal.00003,4,-39.7069206237793,78.26972198486328,-55.39002990722656,53.59370040893555,-11.219018936157228,36.12436294555664,-8.925711631774902,27.88457489013672,-16.33191680908203,22.266681671142575,metal,1
metal.00003,5,-29.561203002929688,69.04545593261719,-63.84626007080078,51.94391632080078,-8.539554595947266,43.3591423034668,-5.4372758865356445,17.993263244628906,-16.65635108947754,25.98929786682129,metal,1
metal.00003,6,-43.78959274291992,74.72472381591797,-45.65608596801758,55.9764289855957,-14.111190795898438,36.58639526367188,-8.762042045593262,29.714746475219727,-14.776607513427734,19.908409118652344,metal,1
metal.00003,7,-52.6387825012207,83.42603302001953,-42.089454650878906,52.59172821044922,-10.82535457611084,34.6807975769043,-9.222588539123535,33.92628479003906,-11.595489501953123,21.0656852722168,metal,1
metal.00003,8,-48.730770111083984,85.5382080078125,-43.25633239746094,51.40937423706055,-12.022819519042969,33.73939895629883,-8.799919128417969,29.821552276611328,-13.32729434967041,23.559120178222656,metal,1
metal.00003,9,-50.19426727294922,78.229736328125,-40.32595443725586,53.9410400390625,-10.67110824584961,32.295806884765625,-8.266282081604004,33.701805114746094,-12.186761856079102,19.719491958618164,metal,1
metal.00004,0,-102.98278045654295,58.8161506652832,-18.478992462158203,33.77096176147461,3.391921281814575,8.4020414352417,-5.02391529083252,19.869144439697266,-0.028903666883707,15.630123138427734,metal,1
metal.00004,1,-105.08308410644533,54.24406814575195,-12.828479766845703,40.74220275878906,5.35521125793457,9.92292594909668,-1.8201537132263184,22.47299575805664,0.993768572807312,12.34506607055664,metal,1
metal.00004,2,-101.6176986694336,45.74383163452149,-7.736500740051269,38.93110275268555,9.004646301269531,7.854309558868408,1.4436477422714231,21.59808349609375,2.686737298965454,13.818099975585938,metal,1
metal.00004,3,-100.8041763305664,48.08452606201172,-8.387802124023438,34.9845085144043,9.263022422790527,8.220767974853516,4.040890693664551,22.341413497924805,1.947109341621399,11.40585708618164,metal,1
metal.00004,4,-97.46467590332033,52.560546875,-11.284855842590332,34.360477447509766,6.617696285247803,10.928187370300291,2.2778162956237797,23.548803329467773,1.575145602226257,11.073962211608888,metal,1
metal.00004,5,-99.07003021240234,46.52252197265625,-6.105445384979248,36.4927978515625,11.731738090515137,9.201680183410645,2.893561840057373,19.089468002319336,0.5913347601890564,10.20462703704834,metal,1
metal.00004,6,-140.02276611328125,42.88761138916016,-2.118261814117432,37.344505310058594,5.181649684906006,11.716741561889648,-1.999713659286499,19.26105308532715,0.126970961689949,12.8093843460083,metal,1
metal.00004,7,-111.3830108642578,40.78851318359375,-7.475857257843018,46.66566848754883,11.53269386291504,11.760523796081545,3.448782205581665,20.664852142333984,-2.040231466293335,10.718042373657228,metal,1
metal.00004,8,-116.7923355102539,40.27177047729492,-2.4251270294189453,47.0988883972168,11.68075942993164,9.501459121704102,3.035252094268799,21.30004119873047,1.0303045511245728,12.594403266906738,metal,1
metal.00004,9,-97.84793853759766,47.61708068847656,-10.710648536682127,35.73503494262695,9.861577987670898,9.40153980255127,0.3730188310146332,18.99481201171875,-0.9369953870773317,8.892765998840332,metal,1
metal.00005,0,-78.51190185546875,89.92681884765625,-23.89104652404785,64.48724365234375,-12.361498832702637,20.895891189575195,-12.65048599243164,14.41366958618164,-18.40731239318848,14.65817165374756,metal,1
metal.00005,1,-75.66780090332031,92.14794921875,-25.21930503845215,59.05635070800781,-20.0262393951416,27.04401969909668,-8.757248878479004,17.652851104736328,-17.601163864135742,16.999568939208984,metal,1
metal.00005,2,-86.72354125976562,102.1139907836914,-31.28894805908203,60.8379135131836,-22.66831970214844,25.385801315307617,-3.509105682373047,13.318744659423828,-18.374998092651367,11.08919620513916,metal,1
metal.00005,3,-77.92192077636719,97.04625701904295,-32.39109802246094,71.3556137084961,-17.648386001586914,24.420265197753903,-12.427759170532228,10.62293815612793,-15.002429962158203,16.53902816772461,metal,1
metal.00005,4,-72.9830551147461,89.65502166748047,-27.827083587646484,68.50297546386719,-18.33455848693848,27.253965377807617,-13.605758666992188,11.440191268920898,-22.469106674194336,17.075374603271484,metal,1
metal.00005,5,-77.73381805419922,93.76007843017578,-33.1412353515625,62.610870361328125,-19.336688995361328,23.533666610717773,-13.009191513061523,12.333755493164062,-14.706938743591309,21.04795455932617,metal,1
metal.00005,6,-75.0806884765625,90.31876373291016,-24.905363082885746,62.26995086669922,-19.311613082885746,23.172727584838867,-11.074298858642578,15.165687561035156,-22.029512405395508,15.847689628601074,metal,1
metal.00005,7,-69.63353729248047,90.26541137695312,-27.156478881835938,65.19461822509766,-20.584232330322266,24.49957847595215,-14.0747709274292,13.540939331054688,-17.712976455688477,21.26763916015625,metal,1
metal.00005,8,-89.10755157470703,93.6963348388672,-27.481595993041992,62.85350036621094,-19.0832633972168,22.02134132385254,-12.92494773864746,15.945490837097168,-16.850826263427734,18.74690055847168,metal,1
metal.00005,9,-95.29212951660156,101.39307403564452,-29.204668045043945,68.0499496459961,-23.628541946411133,20.337751388549805,-7.907965660095215,14.308334350585938,-16.773820877075195,15.084808349609377,metal,1
metal.00006,0,-156.87466430664062,66.50796508789062,-13.202847480773926,40.1043701171875,-13.183247566223145,8.43347454071045,3.1372733116149902,23.963394165039062,1.3113337755203247,17.474170684814453,metal,1
metal.00006,1,-162.71925354003906,72.34942626953125,-17.905948638916016,45.35566329956055,-8.660922050476074,12.508156776428224,-0.6248369812965393,14.840293884277344,-3.526053667068481,12.672843933105469,metal,1
metal.00006,2,-139.82040405273438,46.05316162109375,-10.992151260375977,47.83525466918945,-16.487152099609375,8.65057373046875,-13.404364585876465,23.304725646972656,-1.825241208076477,17.44708251953125,metal,1
metal.00006,3,-140.80918884277344,69.67636108398438,-18.903060913085938,48.484004974365234,-14.632957458496094,12.294229507446287,-11.734516143798828,15.82505989074707,-10.715808868408203,13.213093757629396,metal,1
metal.00006,4,-128.37371826171875,67.9068603515625,-18.872434616088867,44.64662551879883,-15.127286911010742,13.673145294189451,-11.460210800170898,15.14283561706543,-14.303985595703123,12.392799377441406,metal,1
metal.00006,5,-133.48512268066406,54.58904647827149,-9.783345222473145,34.86597442626953,-8.97181224822998,8.449748992919922,14.209783554077148,26.947490692138672,-10.734278678894045,14.217174530029297,metal,1
metal.00006,6,-139.61758422851562,45.18299865722656,-8.312684059143066,46.35220718383789,-4.660599231719971,7.702516078948975,-0.3388961255550384,26.62154769897461,-10.281172752380373,17.628673553466797,metal,1
metal.00006,7,-136.0334930419922,45.572025299072266,-5.548962593078613,44.19160079956055,-10.30714225769043,11.171738624572754,4.411361217498779,29.10308074951172,-11.932613372802734,15.00064754486084,metal,1
metal.00006,8,-138.04513549804688,40.519996643066406,-1.9275999069213867,49.41779708862305,-1.3134441375732422,13.225126266479492,0.8685146570205688,22.70786476135254,-12.420365333557127,14.198583602905272,metal,1
metal.00006,9,-131.6003875732422,52.47792816162109,-19.334453582763672,42.60133361816406,-14.34506130218506,14.04314422607422,4.031962394714356,24.888086318969727,-21.077091217041016,19.382553100585938,metal,1
metal.00007,0,-112.06944274902344,72.64325714111328,-25.22358703613281,54.95796203613281,-7.78933572769165,11.266650199890137,-9.026522636413574,21.938899993896484,-13.591894149780272,8.538947105407715,metal,1
metal.00007,1,-115.58281707763672,82.51819610595703,-30.63658332824707,54.9424934387207,-8.984312057495117,10.451701164245604,-9.082193374633787,18.99968147277832,-13.89425563812256,6.556684970855713,metal,1
metal.00007,2,-107.4214859008789,64.14619445800781,-23.45025634765625,49.69044494628906,-0.4769534766674042,7.94797945022583,-2.7107982635498047,24.02413558959961,-10.065759658813477,9.878722190856934,metal,1
metal.00007,3,-107.20838165283205,65.60482025146484,-24.54415702819824,48.78501510620117,1.9121474027633667,7.596892833709717,-1.3094768524169922,21.803369522094727,-9.41181755065918,8.829809188842773,metal,1
metal.00007,4,-108.95823669433594,64.75951385498047,-24.99946594238281,50.334320068359375,1.0010910034179688,8.238768577575684,-2.141054391860962,22.59930419921875,-10.99767017364502,8.553132057189941,metal,1
metal.00007,5,-107.72055053710938,65.39128875732422,-24.33350372314453,48.37413787841797,3.0470962524414062,8.04684829711914,-0.8275342583656311,21.209352493286133,-10.3988676071167,9.33674430847168,metal,1
metal.00007,6,-100.92056274414062,62.033447265625,-20.843076705932617,47.27045440673828,-0.6455777883529663,9.747015953063965,-4.693849563598633,21.23991584777832,-9.390377044677734,8.53217601776123,metal,1
metal.00007,7,-105.74119567871094,63.13398361206055,-15.698871612548828,40.86848831176758,3.479971408843994,10.192426681518556,0.401140958070755,22.083070755004883,-8.630126953125,7.287797927856445,metal,1
metal.00007,8,-104.57313537597656,57.6330451965332,-10.795348167419434,40.38128662109375,7.801154136657715,9.511470794677734,-1.9412957429885864,19.35997009277344,-8.70099925994873,6.571548938751221,metal,1
metal.00007,9,-111.24642181396484,61.14923477172852,-8.849409103393555,41.63571548461914,8.509782791137695,8.391008377075195,-1.651498317718506,17.76423454284668,-9.065966606140137,6.114997386932373,metal,1
metal.00008,0,-127.86872100830078,68.82737731933594,-7.663209438323975,29.224580764770508,10.778332710266112,5.982474327087402,8.869690895080566,13.645548820495604,3.394444942474365,7.870872974395752,metal,1
metal.00008,1,-143.59027099609375,76.95645904541016,-26.813196182250977,31.696706771850582,3.5191636085510254,-0.3928261995315552,7.898187637329102,15.769091606140137,6.2560715675354,7.845261573791504,metal,1
metal.00008,2,-131.1005401611328,54.38872909545898,3.8996217250823975,25.10832977294922,12.987833023071287,10.79926586151123,8.001519203186035,3.6055195331573486,1.6726112365722656,5.929814338684082,metal,1
metal.00008,3,-156.37416076660156,75.66333770751953,-9.661256790161133,29.618213653564453,4.473517894744873,13.748124122619627,7.31035041809082,7.388011932373047,2.383460760116577,15.370084762573242,metal,1
metal.00008,4,-166.10546875,75.61841583251953,-9.922237396240234,36.155029296875,6.653752326965332,15.909189224243164,8.089694023132324,13.23995304107666,4.218082427978516,12.899991035461426,metal,1
metal.00008,5,-164.7613525390625,71.44248962402344,-2.1282992362976074,34.04276657104492,4.165949821472168,17.424236297607422,9.88828182220459,11.123165130615234,-0.2433682978153228,10.792068481445312,metal,1
metal.00008,6,-153.24501037597656,67.19340515136719,-8.462113380432129,36.6896858215332,-0.1336154639720916,16.02426528930664,8.022232055664062,11.090301513671877,7.454670429229736,12.898826599121094,metal,1
metal.00008,7,-135.3798065185547,52.34196853637695,2.839451313018799,32.38343811035156,7.100733280181885,16.03539276123047,8.773035049438477,8.081376075744629,3.3984298706054688,9.549859046936035,metal,1
metal.00008,8,-171.79234313964844,74.57477569580078,-7.226394176483154,35.28601837158203,1.980602741241455,14.904936790466309,12.952445030212402,10.37736988067627,4.107482433319092,12.935661315917969,metal,1
metal.00008,9,-149.69302368164062,63.73002624511719,-3.167468309402466,32.2781982421875,7.785735607147217,13.936104774475098,10.278666496276855,9.21206760406494,3.4048080444335938,11.103424072265623,metal,1
metal.00009,0,-31.189393997192383,93.4770736694336,0.3878604471683502,72.59954833984375,-23.668821334838867,35.851051330566406,-12.797712326049805,15.226186752319336,-8.61309814453125,13.453033447265623,metal,1
metal.00009,1,3.787796020507813,98.64893341064452,0.296667605638504,56.435089111328125,-28.589080810546875,33.53688430786133,-13.408732414245604,20.0229606628418,-10.065921783447266,14.309473037719728,metal,1
metal.00009,2,6.463113307952881,102.99365997314452,1.4703056812286377,59.12521743774414,-31.46014213562012,29.198501586914062,-16.60420799255371,20.740182876586918,-7.744743824005127,15.655866622924805,metal,1
metal.00009,3,11.285871505737305,112.28520965576172,-5.154018402099609,49.10023880004883,-30.376733779907227,32.367855072021484,-12.839524269104004,22.15618324279785,-8.978495597839355,13.96888256072998,metal,1
metal.00009,4,9.88696002960205,110.36219787597656,-2.6952176094055176,50.15254974365234,-28.659229278564453,32.51641082763672,-13.984636306762695,21.31917762756348,-8.990910530090332,16.01490020751953,metal,1
metal.00009,5,4.257748126983643,101.87561798095705,2.749166488647461,56.440189361572266,-28.36029815673828,30.73106384277344,-16.658203125,20.68587303161621,-7.155706405639648,17.363300323486328,metal,1
metal.00009,6,12.898988723754885,112.47823333740234,-6.634572982788086,45.93209457397461,-34.90387725830078,33.8365478515625,-11.19151496887207,20.899688720703125,-6.56484317779541,17.207569122314453,metal,1
metal.00009,7,3.6295485496521,108.63218688964844,0.6369834542274475,52.79588317871094,-28.970947265625,27.98587417602539,-13.419957160949709,22.788864135742188,-7.396864414215088,16.654951095581055,metal,1
metal.00009,8,3.004460573196411,105.28482818603516,-0.7022757530212402,61.33726119995117,-27.794750213623047,27.47664833068848,-17.962465286254883,18.739505767822266,-9.17954921722412,15.990519523620604,metal,1
metal.00009,9,10.788305282592772,103.2112274169922,0.1544832736253738,56.748294830322266,-31.14876937866211,30.46796417236328,-14.504505157470703,21.10749626159668,-9.679421424865724,12.856170654296877,metal,1
metal.00010,0,-62.57516098022461,73.45568084716797,-17.010051727294922,75.61305236816406,-22.565507888793945,24.609188079833984,-16.442262649536133,23.693397521972656,-12.954574584960938,19.51701545715332,metal,1
metal.00010,1,-59.954288482666016,72.51173400878906,-17.426584243774414,74.41741180419922,-26.877891540527344,23.882305145263672,-17.629465103149414,22.979969024658203,-17.152847290039062,15.593016624450684,metal,1
metal.00010,2,-67.1379165649414,76.70856475830078,-14.60936450958252,71.36054992675781,-26.47510528564453,23.500267028808597,-14.108088493347168,24.850116729736328,-14.599161148071287,15.724382400512695,metal,1
metal.00010,3,-63.60512924194336,71.5621337890625,-16.413021087646484,76.56550598144531,-23.26199150085449,24.691301345825195,-17.752103805541992,24.18390464782715,-13.840850830078123,19.71712303161621,metal,1
metal.00010,4,-54.46486282348633,74.21195220947266,-16.199331283569336,70.94216918945312,-29.585662841796875,23.055362701416016,-18.71927261352539,23.677705764770508,-16.455259323120117,18.41688537597656,metal,1
metal.00010,5,-69.77375030517578,76.4837875366211,-25.785629272460938,80.06925201416016,-36.30751800537109,19.552459716796875,-18.62186050415039,14.06857204437256,-17.63603973388672,14.054259300231934,metal,1
metal.00010,6,-52.18085861206055,65.18086242675781,-25.544212341308597,73.07113647460938,-27.865947723388672,28.4983024597168,-15.762879371643066,20.200368881225582,-21.38117408752441,12.204300880432127,metal,1
metal.00010,7,-58.40250778198242,62.04096984863281,-23.240272521972656,77.33415222167969,-29.96380615234375,22.73781967163086,-20.77386474609375,19.72371482849121,-18.69979476928711,14.520843505859377,metal,1
metal.00010,8,-49.706790924072266,68.3271484375,-19.980817794799805,69.12667083740234,-28.64108657836914,23.60517120361328,-21.535701751708984,18.58903312683105,-19.043121337890625,18.358924865722656,metal,1
metal.00010,9,-51.75976943969727,66.45425415039062,-19.643198013305664,70.00482177734375,-27.547834396362305,25.599653244018555,-19.493017196655277,21.99625015258789,-19.850194931030277,14.824485778808594,metal,1
metal.00011,0,11.664451599121094,88.589599609375,-30.31598281860352,65.15450286865234,-22.799015045166016,13.2840576171875,-12.437620162963867,32.07792663574219,-24.74584579467773,20.120838165283203,metal,1
metal.00011,1,10.109527587890623,82.2301025390625,-29.15451431274414,68.88957214355469,-15.918990135192873,18.18366241455078,-12.92051887512207,28.453536987304688,-25.301071166992188,19.15831184387207,metal,1
metal.00011,2,11.793585777282717,88.99501037597656,-28.1125602722168,65.96466064453125,-21.175920486450195,15.57133960723877,-12.905435562133787,29.52338409423828,-26.046422958374023,18.7917594909668,metal,1
metal.00011,3,12.340227127075195,84.40340423583984,-27.911678314208984,65.90428924560547,-18.192611694335938,15.074209213256836,-12.716500282287598,32.67235565185547,-25.54578018188477,17.798416137695312,metal,1
metal.00011,4,14.832989692687988,83.44844818115234,-28.47982215881348,68.42878723144531,-17.732563018798828,18.05204391479492,-15.606618881225586,27.111669540405277,-28.56014442443848,16.80974006652832,metal,1
metal.00011,5,-6.76602840423584,88.67374420166016,-26.16221046447754,72.40925598144531,-14.163302421569824,22.238502502441406,-12.338991165161133,27.313522338867188,-26.61615753173828,15.681111335754396,metal,1
metal.00011,6,0.3679634630680084,91.1641845703125,-31.97796058654785,59.095314025878906,-22.01616668701172,17.148439407348633,-13.606706619262695,30.10755729675293,-21.06634330749512,16.460607528686523,metal,1
metal.00011,7,6.508032321929932,77.56229400634766,-35.58127975463867,71.73006439208984,-11.753361701965332,18.76280403137207,-6.955719470977783,31.407934188842773,-27.513259887695312,17.468849182128906,metal,1
metal.00011,8,9.501920700073242,77.06580352783203,-37.884315490722656,69.17881774902344,-14.119820594787598,18.164531707763672,-7.740399837493896,32.64643096923828,-27.140151977539062,16.65987777709961,metal,1
metal.00011,9,10.752077102661133,74.88301086425781,-38.88634490966797,69.31328582763672,-14.53008270263672,18.287357330322266,-9.018117904663086,33.03329849243164,-26.915395736694336,18.197681427001957,metal,1
metal.00012,0,-87.90111541748047,57.7147216796875,-42.86122894287109,79.38484191894531,-7.5844292640686035,29.36376190185547,-10.026394844055176,41.125885009765625,-6.178971290588379,26.5806827545166,metal,1
metal.00012,1,-75.12562561035156,65.54146575927734,-45.7551383972168,77.41287231445312,-11.040498733520508,29.328027725219727,-13.152880668640137,34.580963134765625,-11.950843811035156,20.208755493164062,metal,1
metal.00012,2,-58.45182800292969,80.69979095458984,-45.40672302246094,59.75336456298828,-16.177494049072266,24.05086708068848,-12.059833526611328,38.9707145690918,-14.475326538085938,18.58365249633789,metal,1
metal.00012,3,-63.405303955078125,75.45829010009766,-39.74106979370117,68.11454772949219,-14.152539253234863,16.663509368896484,-19.001445770263672,39.05205154418945,-13.92925262451172,19.221345901489254,metal,1
metal.00012,4,-60.08985900878906,79.51679229736328,-48.3547477722168,61.22526550292969,-17.27782440185547,21.002012252807617,-13.479485511779783,41.1195068359375,-7.701622009277344,22.263652801513672,metal,1
metal.00012,5,-69.06538391113281,79.33322143554688,-45.44128036499024,69.20850372314453,-16.284399032592773,20.939760208129883,-16.486513137817383,38.33934783935547,-10.690418243408203,20.63764762878418,metal,1
metal.00012,6,-59.14773178100586,82.02233123779297,-51.21620559692383,63.7547607421875,-14.947032928466797,23.462867736816406,-14.13437271118164,36.28660583496094,-9.747960090637209,21.502233505249023,metal,1
metal.00012,7,-56.884544372558594,84.76872253417969,-48.66707611083984,61.78857421875,-20.63861846923828,22.618358612060547,-13.830744743347168,38.11476135253906,-11.108250617980955,22.048118591308597,metal,1
metal.00012,8,-52.1042594909668,74.4601058959961,-48.44888687133789,59.51243591308594,-17.492361068725586,25.12983703613281,-15.75667667388916,36.64747619628906,-11.067264556884766,24.169189453125,metal,1
metal.00012,9,-61.79324722290039,70.37130737304688,-47.83726501464844,62.94145965576172,-14.964324951171877,30.308210372924805,-13.811293601989746,37.4830436706543,-13.001699447631836,22.835994720458984,metal,1
metal.00013,0,-80.54586791992188,74.447509765625,-43.39849472045898,58.751163482666016,-19.040102005004883,21.62888526916504,-18.831344604492188,32.55573654174805,-14.231719970703123,24.323299407958984,metal,1
metal.00013,1,-81.80902862548828,69.73001098632812,-39.889739990234375,67.69696044921875,-15.164706230163574,22.294574737548828,-16.968164443969727,37.99193954467773,-12.497594833374023,19.57241439819336,metal,1
metal.00013,2,-80.3518295288086,63.87765884399414,-36.72048568725586,67.2447738647461,-14.415996551513672,22.066913604736328,-16.181198120117188,39.04723358154297,-12.191986083984377,23.931400299072266,metal,1
metal.00013,3,-79.53141784667969,67.83924865722656,-40.04431915283203,63.67060470581055,-14.47332000732422,21.84073829650879,-14.473381042480469,39.05469512939453,-12.60806369781494,21.940031051635746,metal,1
metal.00013,4,-75.7494888305664,70.88121032714844,-40.7883415222168,62.01767349243164,-15.581565856933594,25.384916305541992,-14.427663803100586,38.95887756347656,-13.596598625183104,20.431575775146484,metal,1
metal.00013,5,-78.72303009033203,65.62159729003906,-36.12605667114258,66.09097290039062,-11.658063888549805,22.831867218017575,-15.363897323608398,36.16985702514648,-14.824536323547363,20.29104804992676,metal,1
metal.00013,6,-118.46456146240234,59.52699279785156,-27.192169189453125,61.60065460205078,-16.50303840637207,26.057891845703125,-18.50361633300781,33.846580505371094,-13.969829559326172,23.467121124267575,metal,1
metal.00013,7,-88.91556549072266,56.07548904418945,-33.161102294921875,73.5334701538086,-11.753472328186035,25.444435119628903,-13.059481620788574,36.39009475708008,-17.556034088134766,21.894065856933597,metal,1
metal.00013,8,-94.20963287353516,57.23553466796875,-31.16670227050781,74.76400756835938,-10.876038551330566,22.860374450683597,-14.023675918579102,38.58033752441406,-13.49971866607666,22.62430191040039,metal,1
metal.00013,9,-74.33384704589844,65.54093170166016,-39.60456085205078,63.21805191040039,-13.66502571105957,22.853864669799805,-18.36645126342773,34.90156936645508,-16.046791076660156,18.901668548583984,metal,1
metal.00014,0,-117.46834564208984,60.75648880004883,-49.85948944091797,75.78121185302734,-10.094284057617188,25.817541122436523,-14.464223861694336,33.94000244140625,-7.7447991371154785,26.352798461914062,metal,1
metal.00014,1,-108.85934448242188,64.07023620605469,-53.41668319702149,74.32611083984375,-14.256054878234863,25.255495071411133,-17.98503303527832,34.85141372680664,-9.888458251953123,25.06389045715332,metal,1
metal.00014,2,-113.23651123046876,65.52914428710938,-56.38074493408203,73.61978149414062,-10.187586784362791,27.595443725585938,-13.456193923950195,33.94990158081055,-8.571698188781738,21.675443649291992,metal,1
metal.00014,3,-123.5530776977539,67.15803527832031,-59.76401901245117,78.36380767822266,-12.4009370803833,32.17530822753906,-13.733758926391602,25.370594024658203,-13.304595947265623,23.08920288085937,metal,1
metal.00014,4,-134.9640655517578,68.71409606933594,-54.52267074584961,85.81373596191406,-13.58920669555664,26.03762435913086,-16.001258850097656,28.393569946289062,-11.058060646057127,19.672780990600582,metal,1
metal.00014,5,-139.18251037597656,70.76752471923828,-56.02429962158203,83.3294448852539,-13.457990646362305,27.391551971435547,-12.439372062683104,29.909189224243164,-10.270792961120604,19.53179168701172,metal,1
metal.00014,6,-131.5903778076172,68.27762603759766,-56.76215362548828,84.14041137695312,-12.329283714294434,27.803199768066406,-12.63718605041504,31.78702735900879,-10.74527072906494,19.540672302246094,metal,1
metal.00014,7,-147.220703125,52.26506423950195,-36.802921295166016,68.94307708740234,-16.91829490661621,26.63360595703125,-12.254326820373535,34.02446746826172,-12.363713264465332,25.033655166625977,metal,1
metal.00014,8,-88.52493286132812,72.23053741455078,-44.560733795166016,63.845462799072266,-18.704408645629883,20.648771286010746,-12.428730964660645,35.24528884887695,-13.84403133392334,20.525650024414062,metal,1
metal.00014,9,-77.92483520507812,70.612060546875,-50.83956909179688,58.37541198730469,-20.18021774291992,23.35495948791504,-10.66063404083252,39.84696578979492,-10.3850736618042,21.36577415466309,metal,1
metal.00015,0,-65.33258819580078,63.46413040161133,-11.150421142578123,74.77127838134766,-16.983800888061523,24.38117027282715,-21.989246368408203,21.68370056152344,-23.552949905395508,14.954503059387209,metal,1
metal.00015,1,-87.27531433105469,63.49029541015625,-15.292200088500977,83.72794342041016,-17.98729705810547,28.279869079589844,-14.9891939163208,18.980587005615234,-21.458627700805664,11.646306037902832,metal,1
metal.00015,2,-61.41748046875,65.5873794555664,-9.812490463256836,70.36775970458984,-23.045244216918945,24.830612182617188,-18.862394332885746,23.126798629760746,-22.8314208984375,16.484329223632812,metal,1
metal.00015,3,-61.86113357543945,63.01930618286133,-9.5975980758667,67.25215148925781,-21.82665634155273,27.99116897583008,-14.93358325958252,24.354183197021484,-23.21956443786621,16.428102493286133,metal,1
metal.00015,4,-79.64891052246094,61.14751052856445,-4.913346767425537,80.35762023925781,-11.492156982421877,26.118865966796875,-21.41368293762207,17.776161193847656,-23.761695861816406,12.796134948730469,metal,1
metal.00015,5,-75.4945297241211,67.60823059082031,-5.663753986358643,77.84446716308594,-15.749627113342283,23.343017578125,-21.3394718170166,19.174680709838867,-21.168188095092773,15.212665557861328,metal,1
metal.00015,6,-78.001220703125,74.44009399414062,-5.945210933685303,71.45354461669922,-20.282442092895508,22.28302001953125,-21.8841609954834,22.446796417236328,-20.80223846435547,16.26277732849121,metal,1
metal.00015,7,-97.64315032958984,71.11979675292969,-17.473445892333984,88.2461166381836,-11.485440254211426,29.07956314086914,-12.929021835327148,18.549819946289062,-20.406513214111328,11.091192245483398,metal,1
metal.00015,8,-76.0775146484375,80.55365753173828,-16.350303649902344,71.0475082397461,-23.54450798034668,23.175498962402344,-17.378929138183594,20.765012741088867,-19.295747756958008,16.092979431152344,metal,1
metal.00015,9,-87.03816986083984,71.79412841796875,-18.235565185546875,81.29866027832031,-14.294715881347656,26.346195220947266,-15.324432373046877,19.437889099121094,-19.55946922302246,13.622946739196776,metal,1
metal.00016,0,20.446897506713867,73.90178680419922,-62.3275146484375,40.12362289428711,-26.417705535888672,15.58022403717041,-21.16841125488281,31.82951545715332,-21.469369888305664,16.179094314575195,metal,1
metal.00016,1,24.194063186645508,75.13899993896484,-61.348880767822266,43.36964416503906,-25.206809997558597,18.770973205566406,-17.42327308654785,35.81725311279297,-19.390478134155277,16.59058380126953,metal,1
metal.00016,2,26.37957191467285,80.75244903564453,-53.6012077331543,62.52198791503906,-13.594457626342772,26.914445877075195,-17.5823917388916,30.370176315307617,-14.66987133026123,17.022573471069336,metal,1
metal.00016,3,26.36812210083008,88.54369354248047,-55.95457458496094,54.98015594482422,-15.473725318908691,25.20189666748047,-18.4519157409668,30.10690689086914,-13.564568519592283,15.94600772857666,metal,1
metal.00016,4,21.396318435668945,82.2406234741211,-46.27637481689453,60.29039764404297,-12.777978897094728,26.56064224243164,-19.356842041015625,33.31120681762695,-15.947422981262209,21.35807228088379,metal,1
metal.00016,5,30.675512313842773,79.73980712890625,-47.19958114624024,53.92404556274414,-13.224074363708496,25.049501419067383,-20.39168739318848,29.758264541625977,-17.553810119628906,16.87464714050293,metal,1
metal.00016,6,33.56739807128906,83.3736343383789,-48.02767181396485,48.852333068847656,-17.343835830688477,22.21681404113769,-16.234254837036133,31.34297180175781,-16.184228897094727,13.711078643798828,metal,1
metal.00016,7,23.221668243408203,83.78471374511719,-52.97932815551758,59.292510986328125,-9.489605903625488,24.458765029907227,-19.81953430175781,31.47809791564941,-13.032562255859377,18.83234024047852,metal,1
metal.00016,8,38.18954086303711,81.61779022216797,-45.37664413452149,47.5179328918457,-14.925537109375,20.7676944732666,-16.28175163269043,27.319318771362305,-15.260489463806152,15.60586643218994,metal,1
metal.00016,9,16.893314361572266,76.11210632324219,-54.14281845092773,49.64604949951172,-22.081806182861328,21.48879623413086,-14.529026985168455,34.95542526245117,-19.132057189941406,16.17795181274414,metal,1
metal.00017,0,-86.2162094116211,82.58451080322266,-17.885730743408203,73.964111328125,-11.293410301208496,25.76096534729004,-18.65475845336914,26.083511352539062,-11.810684204101562,23.18802070617676,metal,1
metal.00017,1,-89.02167510986328,82.8081283569336,-18.29460906982422,74.91463470458984,-10.333259582519531,24.974315643310547,-17.701047897338867,25.472732543945312,-11.163665771484377,22.491649627685547,metal,1
metal.00017,2,-67.46013641357422,75.02198791503906,-19.576908111572266,67.65052795410156,-17.906051635742188,33.45576095581055,-18.820114135742188,23.224308013916016,-18.523046493530277,17.17086410522461,metal,1
metal.00017,3,-71.6520004272461,80.52542114257812,-22.09573554992676,69.86511993408203,-10.588873863220217,23.4998836517334,-20.42258071899414,26.83125305175781,-16.075504302978516,22.203702926635746,metal,1
metal.00017,4,-71.66063690185547,81.79019927978516,-27.0304012298584,67.72415161132812,-10.313759803771973,23.779809951782227,-18.99869728088379,27.54320526123047,-14.403189659118652,22.75314712524414,metal,1
metal.00017,5,-67.53929138183594,76.6984634399414,-21.414649963378903,67.39417266845703,-14.073458671569824,24.1921501159668,-20.11003303527832,27.779991149902344,-16.09401512145996,22.790170669555664,metal,1
metal.00017,6,-70.54386138916016,82.41252899169922,-25.94757652282715,67.705322265625,-12.494095802307127,25.579164505004883,-19.98869132995605,29.118608474731445,-15.880656242370604,21.322242736816406,metal,1
metal.00017,7,-73.50210571289062,84.64639282226562,-24.934085845947266,69.20596313476562,-12.082562446594238,24.5550594329834,-19.917179107666016,27.7314567565918,-15.923974990844728,21.81893920898437,metal,1
metal.00017,8,-71.94615173339844,89.34683990478516,-29.094789505004883,64.29025268554688,-14.060980796813965,24.885234832763672,-17.47240447998047,28.325214385986328,-13.16779899597168,23.61597442626953,metal,1
metal.00017,9,-86.94236755371094,83.80503845214844,-15.252379417419434,77.4925308227539,-5.390242099761963,27.83659553527832,-14.617921829223633,29.32464599609375,-9.1162109375,25.37180519104004,metal,1
metal.00018,0,-93.38074493408205,147.23358154296875,-97.21925354003906,83.54692077636719,-14.763588905334473,20.72041320800781,-7.2440972328186035,9.417319297790527,-0.3449576199054718,7.851717472076416,metal,1
metal.00018,1,-65.91912841796875,113.93889617919922,-91.22257995605467,75.19998168945312,-29.506254196166992,21.36517333984375,-17.28230094909668,16.844024658203125,-15.09525203704834,12.153200149536133,metal,1
metal.00018,2,-61.60634994506836,112.80559539794922,-86.28089141845703,69.10601043701172,-25.88523292541504,24.31132125854492,-22.045351028442383,18.835464477539062,-12.963737487792969,13.97089672088623,metal,1
metal.00018,3,-85.80155944824219,139.3358154296875,-91.98790740966795,86.04139709472656,-18.709503173828125,25.84455680847168,-7.289753437042236,15.442879676818848,-0.632956862449646,9.888702392578123,metal,1
metal.00018,4,-104.27618408203124,149.69964599609375,-104.24983215332033,81.77459716796875,-8.896844863891602,19.39411735534668,-3.729475736618042,5.950666427612305,3.816513538360596,7.448842525482178,metal,1
metal.00018,5,-93.8485870361328,142.51087951660156,-98.64676666259766,82.55120086669922,-17.31612205505371,22.78497886657715,-7.724565029144287,12.789873123168944,-0.9230696558952332,11.064449310302734,metal,1
metal.00018,6,-61.91379165649414,116.0188980102539,-89.47486114501953,70.54307556152344,-27.432729721069336,21.77047538757324,-21.622011184692383,20.002519607543945,-13.388386726379396,13.367911338806152,metal,1
metal.00018,7,-72.0453109741211,119.03286743164062,-89.9951171875,74.06290435791016,-21.77183151245117,24.58244132995605,-18.132043838500977,17.165935516357422,-10.503819465637209,13.68061351776123,metal,1
metal.00018,8,-68.28643035888672,107.8361587524414,-80.13671875,77.32244873046875,-27.53534698486328,25.66259765625,-18.091947555541992,21.681005477905277,-9.166139602661133,12.027984619140623,metal,1
metal.00018,9,-65.06896209716797,95.752197265625,-81.00755310058594,75.13777160644531,-31.63921356201172,27.227149963378903,-23.744041442871094,18.391382217407227,-13.572369575500488,7.065135955810547,metal,1
metal.00019,0,-100.6899185180664,74.58447265625,-15.448710441589355,70.71871948242188,-14.166054725646973,25.25386428833008,-19.42096710205078,27.096923828125,-12.213784217834473,22.802474975585938,metal,1
metal.00019,1,-179.38722229003906,104.13141632080078,-34.756961822509766,82.57058715820312,-18.690898895263672,7.543131351470947,-16.024656295776367,16.532968521118164,-9.042149543762209,17.818897247314453,metal,1
metal.00019,2,-109.9086685180664,75.3664779663086,-21.657798767089844,64.2914810180664,-12.401010513305664,23.83317756652832,-18.2841854095459,27.191022872924805,-13.552180290222168,22.53828811645508,metal,1
metal.00019,3,-67.13080596923828,76.61746978759766,-21.45605087280273,66.95226287841797,-12.861659049987791,26.18328857421875,-18.25975227355957,27.17891311645508,-16.76739501953125,21.04883575439453,metal,1
metal.00019,4,-66.25959777832031,80.998779296875,-24.691879272460938,66.22334289550781,-12.055049896240234,23.982328414916992,-20.493242263793945,26.563289642333984,-16.454402923583984,23.778234481811523,metal,1
metal.00019,5,-70.56083679199219,85.0666275024414,-22.314210891723636,63.94001770019531,-14.444159507751465,24.80620384216309,-17.073225021362305,27.19941711425781,-16.018102645874023,21.55771255493164,metal,1
metal.00019,6,-76.78424072265625,87.87982940673828,-23.54077911376953,69.33951568603516,-14.739184379577637,22.152681350708008,-18.995895385742188,29.046077728271484,-16.000810623168945,20.32194709777832,metal,1
metal.00019,7,-83.86317443847656,77.37567901611328,-23.520246505737305,66.37938690185547,-14.065756797790527,25.641307830810547,-17.909446716308594,30.04205703735352,-15.526485443115234,23.41914367675781,metal,1
metal.00019,8,-67.53763580322266,80.8055419921875,-25.04518699645996,64.56504821777344,-11.363198280334473,27.40346336364746,-20.214807510375977,27.315519332885746,-16.033756256103516,23.19904136657715,metal,1
metal.00019,9,-75.15987396240234,84.45732879638672,-23.40209007263184,70.14415740966797,-9.43661880493164,21.33802604675293,-21.806198120117188,27.58333396911621,-15.221458435058594,21.611587524414062,metal,1
metal.00020,0,-62.786659240722656,80.5934829711914,-20.632640838623047,68.14761352539062,-13.695049285888672,25.132509231567383,-23.03018951416016,25.02545738220215,-14.396495819091797,22.36330223083496,metal,1
metal.00020,1,-76.82723999023438,73.01554870605469,-15.85929012298584,74.6585464477539,-13.020336151123049,24.982526779174805,-20.725570678710938,27.087053298950195,-11.424925804138184,23.88978385925293,metal,1
metal.00020,2,-52.026493072509766,80.93389129638672,-21.1566104888916,63.090457916259766,-13.51583766937256,26.943967819213867,-20.91313934326172,24.084487915039062,-18.994571685791016,22.532377243041992,metal,1
metal.00020,3,-66.89530944824219,79.3733139038086,-21.332977294921875,67.48938751220703,-13.43935203552246,26.93597221374512,-20.382312774658203,26.171937942504883,-14.555415153503418,22.729782104492188,metal,1
metal.00020,4,-69.89483642578125,76.90618133544922,-17.220226287841797,69.95039367675781,-12.749144554138184,26.368839263916016,-20.807064056396484,26.256017684936523,-12.827088356018066,23.053199768066406,metal,1
metal.00020,5,-66.21375274658203,94.62786102294922,-31.373929977416992,65.2425308227539,-6.165360450744629,21.28364372253418,-20.843626022338867,23.06307983398437,-12.033964157104492,23.512657165527344,metal,1
metal.00020,6,-76.67713165283203,92.5345458984375,-24.143787384033203,66.17146301269531,-11.390294075012209,18.22509765625,-20.876731872558597,20.199796676635746,-13.654892921447754,25.749608993530277,metal,1
metal.00020,7,-91.67021942138672,75.43006896972656,-18.82524871826172,72.86460876464844,-9.382070541381836,25.778417587280277,-18.1143856048584,25.29520797729492,-11.045720100402832,22.77171516418457,metal,1
metal.00020,8,-118.1785888671875,85.118408203125,-14.462693214416504,65.52574157714844,-6.840205192565918,24.046464920043945,-15.962450981140137,23.27786636352539,-14.099367141723633,18.33638381958008,metal,1
metal.00020,9,-72.45619201660156,76.79154205322266,-20.52313232421875,73.52202606201172,-16.540321350097656,20.5855770111084,-19.783403396606445,24.84713363647461,-11.99320125579834,21.194637298583984,metal,1
metal.00021,0,-85.14228057861328,65.93663024902344,-37.7243766784668,56.26606750488281,-16.10137176513672,35.2902946472168,-4.511040210723877,29.79301071166992,-8.361717224121094,24.219276428222656,metal,1
metal.00021,1,-91.06524658203124,64.07217407226562,-31.21877861022949,53.228294372558594,-10.597259521484377,35.224422454833984,-10.933830261230469,29.879383087158203,-12.972725868225098,26.979999542236328,metal,1
metal.00021,2,-68.94497680664062,53.64249038696289,-34.800025939941406,65.98948669433594,-16.32681655883789,35.208396911621094,-14.355842590332031,31.553688049316406,-13.451420783996582,21.4636287689209,metal,1
metal.00021,3,-71.94320678710938,50.91866683959961,-32.5752067565918,68.19386291503906,-13.264016151428224,35.16331100463867,-12.40732765197754,34.144989013671875,-13.56894302368164,21.62645149230957,metal,1
metal.00021,4,-72.79241943359375,57.51728439331055,-39.01472091674805,58.16362762451172,-16.355266571044922,36.72517013549805,-11.93462085723877,31.544971466064453,-14.38887882232666,24.007421493530277,metal,1
metal.00021,5,-65.64555358886719,53.46387481689453,-35.5748405456543,62.917518615722656,-15.045129776000977,32.58238983154297,-18.38330078125,32.129180908203125,-12.213181495666504,24.752105712890625,metal,1
metal.00021,6,-84.83021545410156,62.12361145019531,-34.557090759277344,65.70210266113281,-16.880231857299805,36.06172561645508,-12.668246269226074,30.326753616333008,-14.499900817871094,20.96705436706543,metal,1
metal.00021,7,-91.6024932861328,74.60739135742188,-44.93016815185547,63.85904312133789,-15.911541938781738,33.16499710083008,-3.52473783493042,32.59606170654297,-5.634901523590088,20.427152633666992,metal,1
metal.00021,8,-78.51835632324219,68.14412689208984,-40.97236633300781,66.72801971435547,-14.483887672424316,33.32387924194336,-9.472611427307127,29.429075241088867,-11.878328323364258,19.63996315002441,metal,1
metal.00021,9,-52.71123123168945,68.10137939453125,-40.205474853515625,64.42599487304688,-14.314887046813965,33.446617126464844,-17.46795654296875,28.99559783935547,-16.359649658203125,19.87715530395508,metal,1
metal.00022,0,-34.38608169555664,101.76361083984376,-20.772035598754883,71.5414810180664,-33.058448791503906,15.947242736816406,-25.220203399658203,27.07489776611328,-20.79473114013672,13.890933990478516,metal,1
metal.00022,1,-52.46548080444336,108.58751678466795,-9.16562271118164,70.22516632080078,-30.78355026245117,13.34281063079834,-27.1586971282959,23.266212463378903,-17.96234893798828,12.874533653259276,metal,1
metal.00022,2,-52.2935676574707,108.94416809082033,-11.21116828918457,67.584228515625,-32.889015197753906,8.817291259765625,-26.57289695739746,25.8067569732666,-18.95542907714844,10.858678817749023,metal,1
metal.00022,3,-39.49393081665039,113.75030517578124,-19.641319274902344,70.84320831298828,-32.930274963378906,4.65190315246582,-27.46831703186035,23.647010803222656,-19.91587829589844,11.13063144683838,metal,1
metal.00022,4,-56.93932723999024,116.44407653808594,-10.447027206420898,64.33089447021484,-32.67641067504883,10.213019371032717,-25.92654228210449,24.15880584716797,-20.48786735534668,11.140689849853516,metal,1
metal.00022,5,-40.0749397277832,103.56835174560548,-14.371429443359377,66.78221130371094,-29.98445701599121,14.06843376159668,-24.252538681030277,19.191308975219727,-19.11604881286621,9.386906623840332,metal,1
metal.00022,6,-38.73931503295898,107.9224624633789,-11.633413314819336,61.120025634765625,-32.361087799072266,8.371391296386719,-23.4796199798584,19.53681945800781,-16.55971908569336,12.092029571533203,metal,1
metal.00022,7,-42.910099029541016,107.85601806640624,-9.144349098205566,68.07349395751953,-28.871315002441406,8.108075141906738,-29.95771789550781,21.32689666748047,-17.8974609375,9.646453857421877,metal,1
metal.00022,8,-52.161128997802734,111.36013793945312,-10.660225868225098,66.3239974975586,-28.485673904418945,7.947171688079834,-27.77729034423828,21.13222312927246,-18.24689674377441,10.171600341796877,metal,1
metal.00022,9,-55.19459915161133,109.09002685546876,-8.664999008178711,65.15277099609375,-28.70394325256348,9.40046215057373,-28.24706077575684,21.994054794311523,-17.24161720275879,9.60318374633789,metal,1
metal.00023,0,-48.49143600463867,85.91400146484375,-45.0425910949707,74.05966186523438,-21.50643920898437,33.93946075439453,11.278035163879396,25.82697486877441,4.324468612670898,18.794435501098636,metal,1
metal.00023,1,-44.6682243347168,83.78023529052734,-43.151405334472656,72.566162109375,-20.993032455444336,31.571754455566406,10.082783699035645,25.739835739135746,5.861007690429688,18.16196632385254,metal,1
metal.00023,2,-40.17495346069336,83.97441101074219,-46.03223419189453,75.6935043334961,-24.54439163208008,31.570358276367188,7.575783252716064,27.04741668701172,3.80855655670166,17.66717529296875,metal,1
metal.00023,3,-39.13198471069336,90.26670837402344,-23.61172866821289,67.9780044555664,-22.79891967773437,28.585983276367188,0.2331250309944152,30.80013084411621,-6.71794319152832,19.476167678833008,metal,1
metal.00023,4,-40.65388107299805,87.55774688720703,-25.360092163085938,69.1598892211914,-22.524553298950195,29.906156539916992,0.5099321007728577,30.047441482543945,-5.55168342590332,21.24220466613769,metal,1
metal.00023,5,-37.9007568359375,79.68560028076172,-24.356346130371094,70.34642028808594,-22.152780532836918,32.2601203918457,-3.5348289012908936,29.901824951171875,-6.076907157897949,22.28412628173828,metal,1
metal.00023,6,-41.418216705322266,84.03584289550781,-21.978361129760746,68.1478500366211,-23.84554481506348,31.75529289245605,-2.0958943367004395,32.811317443847656,-5.957579612731934,21.158809661865234,metal,1
metal.00023,7,-42.44710159301758,88.42041015625,-24.74554443359375,69.22161865234375,-23.02610206604004,31.22433280944824,0.2552625834941864,31.14945411682129,-4.922741413116455,20.700912475585938,metal,1
metal.00023,8,-39.053409576416016,76.03606414794922,-20.67107963562012,70.47002410888672,-22.95461654663086,30.64435195922852,-3.896355152130127,29.55919075012207,-7.476505279541016,21.32782745361328,metal,1
metal.00023,9,-66.1528091430664,72.29732513427734,-25.08924102783203,70.18297576904297,-15.094076156616213,33.526336669921875,-3.331166982650757,28.96554183959961,-7.599543571472168,21.325634002685547,metal,1
metal.00024,0,-19.84153175354004,102.29592895507812,-27.49291229248047,55.75369644165039,-10.813721656799316,31.993412017822266,-14.38133716583252,28.161888122558597,-11.370305061340332,23.939115524291992,metal,1
metal.00024,1,-16.95564842224121,99.34528350830078,-36.12007141113281,47.500919342041016,-15.112988471984863,39.87541961669922,-6.154113292694092,29.7873477935791,-14.765931129455566,15.429560661315918,metal,1
metal.00024,2,-24.353553771972656,97.6862335205078,-25.553651809692383,55.48569107055664,-8.769888877868652,35.32639694213867,-11.492942810058594,26.573331832885746,-18.766969680786133,17.62932777404785,metal,1
metal.00024,3,-24.70999526977539,91.19131469726562,-24.84602928161621,62.68865585327149,-7.378098487854004,34.162166595458984,-13.789018630981444,29.386945724487305,-14.4683837890625,20.993976593017575,metal,1
metal.00024,4,-9.254406929016112,89.56607818603516,-35.95171356201172,61.29254150390625,-12.434773445129396,39.294830322265625,-8.566374778747559,30.63964462280273,-18.238489151000977,13.793601989746094,metal,1
metal.00024,5,-13.07856559753418,90.91226196289062,-45.615421295166016,77.8368148803711,-9.165122032165527,31.561372756958008,-12.851531982421877,24.513078689575195,-13.600029945373535,20.079269409179688,metal,1
metal.00024,6,-11.013303756713867,91.59052276611328,-45.991981506347656,79.19083404541016,-8.305537223815918,30.804279327392575,-13.40769100189209,26.20525932312012,-14.937135696411133,19.765539169311523,metal,1
metal.00024,7,-2.157371282577514,81.66326904296875,-38.16636276245117,68.68582153320312,-7.771597385406494,34.47955322265625,-15.57811450958252,29.21933364868164,-19.69989013671875,19.008079528808597,metal,1
metal.00024,8,-27.63616943359375,100.01232147216795,-23.05219841003418,58.99258041381836,-10.524182319641112,31.38547134399414,-16.080734252929688,29.327693939208984,-15.936553955078123,24.755577087402344,metal,1
metal.00024,9,-19.68911361694336,99.28656768798828,-27.077367782592773,49.66996765136719,-12.811750411987305,35.314083099365234,-9.555190086364746,30.307043075561523,-13.43785572052002,20.107568740844727,metal,1
metal.00025,0,-127.24378204345705,97.86076354980467,-35.76881790161133,68.99083709716797,-0.0279664266854524,25.98982048034668,-12.013145446777344,26.680160522460938,-16.967529296875,19.305419921875,metal,1
metal.00025,1,-140.95457458496094,103.2826919555664,-35.513519287109375,73.46558380126953,1.6200249195098877,22.549373626708984,-7.073292255401611,24.813018798828125,-13.35283088684082,14.08814811706543,metal,1
metal.00025,2,-127.97513580322266,96.58804321289062,-35.656349182128906,73.7416000366211,-1.0430010557174685,23.6324520111084,-8.835714340209961,26.329423904418945,-15.316575050354004,14.783491134643556,metal,1
metal.00025,3,-118.96532440185548,95.36759185791016,-41.31576156616211,69.83333587646484,-1.97283399105072,25.8150577545166,-9.98098850250244,26.610389709472656,-15.529629707336426,14.722034454345703,metal,1
metal.00025,4,-116.19849395751952,74.7335205078125,-40.95958709716797,71.427001953125,-6.910325050354004,24.717254638671875,-11.4505615234375,25.706750869750977,-16.404985427856445,14.243000030517578,metal,1
metal.00025,5,-111.08683776855467,75.32403564453125,-39.351863861083984,72.85649871826172,-7.250728130340576,26.75735664367676,-13.00450325012207,27.382404327392575,-17.841693878173828,13.43735694885254,metal,1
metal.00025,6,-102.23651123046876,83.8740234375,-43.23328399658203,78.06724548339844,-7.939831733703613,23.788543701171875,-11.988765716552734,23.87359619140625,-17.551536560058594,11.66922378540039,metal,1
metal.00025,7,-104.97264099121094,89.20886993408203,-37.024513244628906,79.0452651977539,-9.22982120513916,25.097318649291992,-9.526826858520508,23.64529800415039,-17.010848999023438,15.633090019226074,metal,1
metal.00025,8,-126.61727905273438,101.24996185302734,-43.8460578918457,87.00048065185547,-8.060090065002441,16.829814910888672,-1.3046445846557615,17.944072723388672,-11.016965866088867,10.738713264465332,metal,1
metal.00025,9,-130.80001831054688,103.9011688232422,-43.79318237304688,83.40829467773438,-5.806003093719482,19.57819175720215,-3.683124542236328,22.005250930786133,-12.550288200378418,12.636005401611328,metal,1
metal.00026,0,-59.86457061767578,69.66493225097656,-50.92840576171875,81.4825668334961,-21.119083404541016,37.03456497192383,-10.485097885131836,30.566387176513672,-5.308309555053711,15.944583892822266,metal,1
metal.00026,1,-57.1014289855957,74.8747329711914,-45.23129653930664,78.3199462890625,-20.97216033935547,33.55646133422852,-11.57565975189209,31.31500816345215,-6.2388129234313965,15.470186233520508,metal,1
metal.00026,2,-54.28550338745117,66.68444061279297,-45.58857345581055,80.59342193603516,-21.248016357421875,34.9975471496582,-15.248595237731934,29.031641006469727,-8.64937973022461,15.459728240966797,metal,1
metal.00026,3,-54.63115310668945,70.2391357421875,-51.95287704467773,80.82039642333984,-22.151531219482425,36.80606842041016,-13.741718292236328,29.421112060546875,-6.171284198760986,14.86143398284912,metal,1
metal.00026,4,-54.46174621582031,72.7124252319336,-51.14057159423828,77.35847473144531,-22.99839973449707,39.03033828735352,-11.96650218963623,29.476268768310547,-7.033978462219238,12.3870849609375,metal,1
metal.00026,5,-53.71366500854492,78.43740844726562,-48.56575393676758,80.78588104248047,-21.20112419128418,33.604026794433594,-13.660321235656738,26.96213150024414,-10.263299942016602,9.051962852478027,metal,1
metal.00026,6,-58.59737396240234,74.67198181152344,-45.65719604492188,81.53255462646484,-20.97139358520508,32.548179626464844,-15.728979110717772,27.056814193725582,-8.256062507629395,15.131793022155762,metal,1
metal.00026,7,-71.0544204711914,69.77742004394531,-38.2209358215332,65.37084197998047,-13.291231155395508,34.97964859008789,-15.688776969909668,26.908966064453125,-13.443333625793455,20.09674072265625,metal,1
metal.00026,8,-75.18635559082031,70.38848876953125,-41.55503082275391,64.90322875976562,-12.052270889282228,39.337928771972656,-10.034666061401367,27.62430763244629,-14.535797119140623,16.33510398864746,metal,1
metal.00026,9,-77.23780059814453,71.57612609863281,-44.96013259887695,64.96070098876953,-10.528964042663574,38.88124847412109,-10.134014129638672,26.7070255279541,-15.117350578308104,11.907936096191406,metal,1
metal.00027,0,-66.4014892578125,103.36819458007812,-31.70054817199707,48.53032302856445,-6.923896312713623,34.967899322509766,-18.986215591430664,27.455055236816406,-5.850344657897949,20.505821228027344,metal,1
metal.00027,1,-36.01893615722656,102.67060089111328,-35.42594528198242,53.54812240600586,-9.31287956237793,28.807880401611328,-14.83817195892334,29.35044288635254,-11.776516914367676,21.93606185913086,metal,1
metal.00027,2,-24.806947708129883,90.76951599121094,-32.419334411621094,53.52163314819336,-12.98019790649414,28.6258602142334,-14.181418418884276,26.996736526489254,-14.11287784576416,19.1978816986084,metal,1
metal.00027,3,-24.682519912719727,90.25579833984376,-39.093727111816406,47.00810623168945,-15.168498992919922,27.59476852416992,-13.120468139648438,30.732723236083984,-15.230124473571776,17.477571487426758,metal,1
metal.00027,4,-25.52099609375,102.93222045898438,-41.80082321166992,52.4210205078125,-10.606893539428713,25.98939323425293,-13.4334716796875,27.59883499145508,-12.903427124023438,20.07976722717285,metal,1
metal.00027,5,-28.25462913513184,93.64434814453124,-38.12518310546875,59.89725875854492,-7.424820899963379,28.340839385986328,-14.423843383789062,27.91678237915039,-15.504037857055664,19.41307830810547,metal,1
metal.00027,6,-33.38017654418945,91.63719940185548,-38.08367538452149,58.82333755493164,-7.008898735046387,30.152061462402344,-12.502960205078123,31.12642288208008,-14.414795875549316,17.780181884765625,metal,1
metal.00027,7,-31.869718551635746,93.0180892944336,-38.6412353515625,57.01506042480469,-7.508665084838867,29.504364013671875,-13.650747299194336,29.362045288085938,-12.619659423828123,21.126468658447266,metal,1
metal.00027,8,-44.078914642333984,85.6799545288086,-36.9730110168457,62.81280517578125,-5.324448585510254,32.4072151184082,-11.464167594909668,31.270322799682617,-11.126477241516112,19.38020133972168,metal,1
metal.00027,9,-52.73464584350586,97.0474624633789,-36.4700927734375,59.826622009277344,-2.681476593017578,33.24684143066406,-13.09626293182373,28.25944328308105,-9.275076866149902,19.622039794921875,metal,1
metal.00028,0,-27.8131160736084,85.32775115966797,-46.67448043823242,49.97787857055664,-20.58221435546875,18.467374801635746,-24.35357093811035,26.31952667236328,-12.23948860168457,26.827110290527344,metal,1
metal.00028,1,-30.91771697998047,86.44371795654297,-45.161582946777344,48.30016326904297,-20.7912654876709,19.53287696838379,-26.564186096191406,23.42947006225586,-15.030034065246582,24.09152030944824,metal,1
metal.00028,2,-28.11998176574707,81.37425231933594,-34.57892608642578,49.59848403930664,-21.23017883300781,22.21745109558105,-29.253297805786133,22.54613494873047,-13.508441925048828,20.167879104614254,metal,1
metal.00028,3,-30.36469268798828,77.40291595458984,-34.88801574707031,51.6462287902832,-20.968400955200195,20.890888214111328,-25.608386993408203,25.273324966430664,-11.35702896118164,27.4378604888916,metal,1
metal.00028,4,-30.274463653564453,81.87681579589844,-38.70463180541992,49.71016311645508,-22.28314018249512,22.14652633666992,-26.594846725463867,26.29628562927246,-12.764654159545898,25.39463233947754,metal,1
metal.00028,5,-28.7149715423584,89.3645248413086,-45.32365036010742,41.9730224609375,-28.06450843811035,20.096906661987305,-24.028711318969727,24.654146194458008,-13.043086051940918,23.32857131958008,metal,1
metal.00028,6,-22.618701934814453,81.13628387451172,-42.43487930297852,45.41741943359375,-26.251359939575195,20.465755462646484,-26.345218658447266,23.79741668701172,-14.922371864318848,21.969820022583008,metal,1
metal.00028,7,-28.528240203857425,88.92858123779297,-55.89945602416992,50.94530487060547,-20.93684196472168,15.194493293762209,-21.51973533630371,25.86409568786621,-10.785212516784668,25.706865310668945,metal,1
metal.00028,8,-29.89559555053711,88.07503509521484,-53.044525146484375,49.6934700012207,-20.371957778930664,17.058969497680664,-21.269182205200195,27.22557830810547,-11.607012748718262,26.89435768127441,metal,1
metal.00028,9,-23.54098892211914,82.29548645019531,-40.60992813110352,43.29851150512695,-23.62510871887207,23.46600151062012,-26.608530044555664,23.255727767944336,-16.404809951782227,25.360557556152344,metal,1
metal.00029,0,-121.04367065429688,81.51302337646484,-15.184247016906738,49.48514938354492,-31.42083549499512,28.93267822265625,-14.35959243774414,26.84322738647461,-15.563072204589844,16.52466583251953,metal,1
metal.00029,1,-109.0502471923828,77.84957885742188,-16.440324783325195,47.65430450439453,-25.410911560058597,34.09040451049805,-15.427986145019531,22.079376220703125,-25.39478302001953,16.424320220947266,metal,1
metal.00029,2,-117.0609359741211,76.69867706298828,-11.031527519226074,52.8631591796875,-24.81493759155273,32.413333892822266,-16.50996971130371,23.362632751464844,-22.668790817260746,17.824155807495117,metal,1
metal.00029,3,-116.92471313476562,76.569091796875,-12.539746284484863,48.891693115234375,-24.529993057250977,30.69027137756348,-16.160839080810547,20.909761428833008,-23.059953689575195,16.5927734375,metal,1
metal.00029,4,-117.0530014038086,78.79795837402344,-16.164390563964844,48.92265701293945,-24.80349922180176,32.72071838378906,-10.33395004272461,26.35624313354492,-19.33817672729492,15.118670463562012,metal,1
metal.00029,5,-112.72663879394533,80.3832778930664,-12.43625545501709,46.602447509765625,-27.270069122314453,29.324148178100582,-16.354232788085938,22.9996395111084,-22.775867462158203,16.91414451599121,metal,1
metal.00029,6,-94.64149475097656,69.12403106689453,-19.087087631225582,60.97674179077149,-24.46409797668457,39.90280151367188,-12.824295997619627,30.094518661499023,-16.093236923217773,24.1221866607666,metal,1
metal.00029,7,-86.68321990966797,64.0401611328125,-22.854909896850582,63.03910827636719,-19.686124801635746,42.63748550415039,-13.410094261169434,30.53641128540039,-16.64867401123047,23.54738044738769,metal,1
metal.00029,8,-83.52611541748047,71.00202941894531,-17.67359733581543,59.778411865234375,-29.492605209350582,36.205265045166016,-16.064523696899414,31.11763000488281,-15.789990425109863,24.3819522857666,metal,1
metal.00029,9,-82.31470489501953,69.37411499023438,-23.79412269592285,60.22742462158203,-24.57610321044922,39.658390045166016,-11.204888343811035,31.98442840576172,-17.62186050415039,21.73995590209961,metal,1
metal.00030,0,-111.55543518066406,140.73313903808594,-16.945926666259766,61.11651992797852,8.233304977416992,32.64005279541016,-6.54654598236084,19.520137786865234,-2.6752254962921143,13.08293914794922,metal,1
metal.00030,1,-92.17889404296876,139.58201599121094,-20.473350524902344,59.59518814086914,6.084574222564697,30.84796142578125,-9.852155685424805,19.455026626586918,-2.954458951950073,12.986677169799805,metal,1
metal.00030,2,-92.82713317871094,130.4699249267578,-14.124434471130373,59.39338302612305,2.2908506393432617,32.77538299560547,-9.759322166442873,20.024538040161133,-2.3974685668945312,14.536948204040527,metal,1
metal.00030,3,-94.29934692382812,134.65032958984375,-22.802753448486328,59.3753547668457,5.999456882476807,33.71979141235352,-7.906223773956299,20.013978958129883,-3.2334630489349365,14.120408058166504,metal,1
metal.00030,4,-83.16858673095703,135.67457580566406,-18.610734939575195,59.41557693481445,1.198936939239502,31.477439880371094,-10.98377513885498,22.266233444213867,-3.9162967205047607,14.068087577819824,metal,1
metal.00030,5,-80.56024932861328,128.06454467773438,-25.51861000061035,64.46514129638672,-0.7716648578643799,31.425724029541016,-7.944450378417969,18.506885528564453,-1.967743992805481,12.843847274780272,metal,1
metal.00030,6,-65.7451171875,129.43858337402344,-30.766826629638672,66.69682312011719,-5.222829341888428,30.666576385498047,-9.8130464553833,21.38347816467285,-1.953666090965271,12.724398612976074,metal,1
metal.00030,7,-50.97955322265625,124.09789276123048,-32.56110763549805,67.72222137451172,-6.996360301971436,28.99940299987793,-10.411458969116213,19.941274642944336,-2.419743537902832,12.439005851745604,metal,1
metal.00030,8,-50.27565383911133,125.87118530273438,-37.17837905883789,67.8420639038086,-6.501402378082275,32.46636199951172,-10.339644432067873,21.0977783203125,-4.676136016845703,12.869650840759276,metal,1
metal.00030,9,-58.9765510559082,130.70826721191406,-23.2637996673584,63.59324645996094,-4.441249370574951,28.85185813903809,-12.450624465942385,20.292938232421875,-3.655647039413452,18.78966522216797,metal,1
metal.00031,0,-14.555623054504396,94.52497100830078,-26.34634780883789,51.36662292480469,-15.69045639038086,30.24676513671875,-13.949377059936523,21.7669620513916,-16.739940643310547,20.365238189697266,metal,1
metal.00031,1,-5.324570178985596,81.64241027832031,-22.89927673339844,53.94395446777344,-15.590466499328612,30.81744384765625,-22.355329513549805,22.09129905700684,-17.311840057373047,23.83791732788086,metal,1
metal.00031,2,-22.47163391113281,90.4011459350586,-15.89496898651123,52.05900192260742,-12.596062660217283,29.782005310058597,-12.469829559326172,20.276758193969727,-15.446382522583008,18.87898063659668,metal,1
metal.00031,3,-3.048631429672241,83.90023803710938,-28.16853904724121,52.0129508972168,-13.862372398376465,31.39396858215332,-14.835782051086426,20.504623413085938,-13.576716423034668,21.6185359954834,metal,1
metal.00031,4,-12.278555870056152,97.2156219482422,-24.316015243530277,46.52669143676758,-17.533721923828125,31.838773727416992,-11.75332736968994,24.61236572265625,-12.936725616455078,22.97637176513672,metal,1
metal.00031,5,-9.440073013305664,92.59603118896484,-28.99207878112793,51.43888854980469,-11.051761627197266,28.79063034057617,-17.705303192138672,19.386993408203125,-16.017879486083984,23.356674194335938,metal,1
metal.00031,6,-20.116601943969727,90.09201049804688,-18.858285903930664,54.67952728271485,-10.883322715759276,32.418548583984375,-12.188780784606934,25.102832794189453,-14.492117881774902,23.058910369873047,metal,1
metal.00031,7,-15.054195404052734,95.0599136352539,-21.237672805786133,49.97176361083984,-7.649849891662598,32.0540885925293,-14.152403831481934,26.794469833374023,-9.948274612426758,22.883153915405277,metal,1
metal.00031,8,-22.911426544189453,96.03485870361328,-17.027896881103516,49.172061920166016,-6.292699337005615,33.50196075439453,-17.016883850097656,26.72210502624512,-14.74756908416748,25.256595611572266,metal,1
metal.00031,9,-0.9644471406936646,92.9834442138672,-28.242570877075195,49.86485290527344,-10.936216354370115,29.075563430786133,-14.508267402648926,24.437864303588867,-12.29257106781006,29.599672317504883,metal,1
metal.00032,0,-48.95132827758789,85.62248229980469,-39.54405212402344,54.898704528808594,-21.858243942260746,28.151498794555664,-5.927335739135742,18.8540153503418,-18.725811004638672,17.947935104370117,metal,1
metal.00032,1,-50.83183288574219,91.59391784667967,-36.258697509765625,50.95832061767578,-21.67103576660156,21.585453033447266,-9.868545532226562,16.338924407958984,-22.83675575256348,19.961000442504883,metal,1
metal.00032,2,-54.45013427734375,91.43548583984376,-37.13752365112305,57.191688537597656,-21.04885673522949,24.64274406433105,-10.156315803527832,19.400894165039062,-18.009746551513672,16.131460189819336,metal,1
metal.00032,3,-59.53181457519531,91.10828399658205,-30.214046478271484,54.2064208984375,-15.74845027923584,24.83091926574707,-8.81412410736084,17.004093170166016,-23.18610954284668,17.178640365600586,metal,1
metal.00032,4,-125.26233673095705,96.65412902832033,-36.14507293701172,51.86349105834961,-18.24880599975586,20.688066482543945,-5.571976184844971,17.44896697998047,-13.707606315612791,14.549073219299316,metal,1
metal.00032,5,-52.7623291015625,94.88259887695312,-51.00848007202149,63.30100631713867,-18.00806999206543,20.241310119628903,-7.724157810211182,17.689599990844727,-17.368118286132812,18.43576431274414,metal,1
metal.00032,6,-57.73377227783203,98.92809295654295,-44.48023986816406,58.71823120117188,-18.516845703125,23.424924850463867,-7.808321952819824,18.29893112182617,-17.839391708374023,17.93120765686035,metal,1
metal.00032,7,-53.202239990234375,96.9347915649414,-50.8420524597168,60.22705459594727,-20.104585647583008,23.10102844238281,-5.678621768951416,18.07158660888672,-18.527177810668945,20.96365547180176,metal,1
metal.00032,8,-58.19807052612305,95.70100402832033,-41.20436096191406,55.92756652832031,-22.7697868347168,24.226123809814453,-6.167026042938232,18.18161392211914,-17.096975326538086,19.33238410949707,metal,1
metal.00032,9,-57.1693000793457,88.1932373046875,-33.23628234863281,54.68952178955078,-19.523155212402344,24.03411865234375,-9.042765617370604,16.744279861450195,-26.240663528442383,16.136734008789062,metal,1
metal.00033,0,-38.86156845092773,106.71575164794922,-29.8903923034668,75.4858169555664,-10.763532638549805,26.56207847595215,-0.7215437889099121,16.782426834106445,-2.077683210372925,10.020898818969728,metal,1
metal.00033,1,-59.89295959472656,137.81065368652344,-49.54481506347656,85.8473129272461,-10.684389114379885,22.2664737701416,5.116044044494629,11.486788749694824,1.1974314451217651,8.212486267089844,metal,1
metal.00033,2,-56.694480895996094,133.6321563720703,-46.4822883605957,81.96592712402344,-10.935748100280762,22.917530059814453,4.333394527435303,13.871225357055664,0.7629888653755188,8.872297286987305,metal,1
metal.00033,3,-20.88730239868164,104.4594955444336,-39.18583297729492,76.32505798339844,-17.421676635742188,27.238750457763672,-2.5280606746673584,22.248924255371094,-3.687957763671875,13.613944053649902,metal,1
metal.00033,4,-54.40144348144531,136.43026733398438,-51.31066131591797,81.15516662597656,-12.708236694335938,18.949560165405277,6.806907176971436,12.728325843811035,3.259610891342163,10.838915824890137,metal,1
metal.00033,5,-53.984893798828125,134.90870666503906,-50.27091598510742,80.5196304321289,-11.860170364379885,20.953094482421875,5.939353942871094,12.8163423538208,2.3329007625579834,10.642624855041504,metal,1
metal.00033,6,-53.7197151184082,134.37722778320312,-53.28395080566406,81.1043701171875,-12.536770820617676,19.356006622314453,7.380817890167236,13.568313598632812,3.832014322280884,10.640509605407717,metal,1
metal.00033,7,-37.77827453613281,116.90589141845705,-40.32224655151367,76.47383117675781,-12.779862403869627,26.881261825561523,-0.8208004236221313,20.289216995239254,-2.4241859912872314,12.05532932281494,metal,1
metal.00033,8,-1.5308462381362915,86.54463195800781,-33.54070281982422,68.21189880371094,-20.57141494750977,25.15052032470703,-10.620261192321776,22.73234748840332,-8.437433242797852,14.58285903930664,metal,1
metal.00033,9,8.310465812683105,79.63087463378906,-28.14056396484375,62.59983444213867,-20.19007682800293,22.79079818725586,-10.755044937133787,23.15066146850586,-9.1956148147583,15.38573932647705,metal,1
metal.00034,0,-99.54645538330078,102.96493530273438,-32.24473571777344,65.0955581665039,-22.58304214477539,12.562173843383787,-19.334491729736328,22.952741622924805,-7.4961442947387695,21.61005401611328,metal,1
metal.00034,1,-93.63679504394533,97.43182373046876,-30.548906326293945,64.57508850097656,-24.45335960388184,15.563179969787598,-21.67721176147461,23.145456314086918,-11.18247127532959,22.680561065673828,metal,1
metal.00034,2,-142.5948944091797,68.22203826904297,-40.95502853393555,33.535064697265625,-36.84413909912109,30.861677169799805,-27.471492767333984,16.89463233947754,-14.908970832824709,13.385817527770996,metal,1
metal.00034,3,-153.05104064941406,74.13501739501953,-37.32021331787109,29.135404586791992,-41.1573600769043,28.794666290283203,-28.28284454345703,15.951526641845703,-17.070714950561523,10.683843612670898,metal,1
metal.00034,4,-159.7479248046875,78.93065643310547,-41.09187316894531,37.06082534790039,-37.7370491027832,28.666810989379883,-27.74358940124512,17.38949966430664,-10.08798122406006,9.891363143920898,metal,1
metal.00034,5,-119.59361267089844,75.79026794433594,-36.89805603027344,42.06500625610352,-33.20328521728516,26.414329528808597,-31.94478988647461,11.853240966796877,-15.600967407226562,15.615140914916992,metal,1
metal.00034,6,-72.4371566772461,93.58201599121094,-25.841556549072266,54.6876220703125,-21.837905883789062,19.101709365844727,-24.992719650268555,25.193309783935547,-12.95054817199707,21.91349601745605,metal,1
metal.00034,7,-69.67385864257812,98.00010681152344,-30.430761337280277,54.6294174194336,-24.856666564941406,21.073881149291992,-24.59516906738281,25.68242073059082,-11.336533546447754,22.69681930541992,metal,1
metal.00034,8,-63.69945907592773,95.40680694580078,-28.37537002563477,48.82456207275391,-25.848800659179688,22.009424209594727,-21.76676750183105,26.166263580322266,-12.738072395324709,22.492807388305664,metal,1
metal.00034,9,-73.59186553955078,97.07762145996094,-30.822341918945312,58.64305114746094,-22.654905319213867,21.866531372070312,-23.983448028564453,22.462799072265625,-9.52943992614746,24.08059310913086,metal,1
metal.00035,0,-2.097560405731201,68.60032653808594,-23.70165634155273,57.83116149902344,-9.928314208984377,37.08039474487305,-17.14879035949707,30.306541442871094,-10.062735557556152,17.44906234741211,metal,1
metal.00035,1,-64.48380279541016,103.970458984375,-68.8411865234375,74.32704162597656,-10.243024826049805,27.199657440185547,-11.345019340515137,23.04438018798828,-6.7988362312316895,2.1440200805664062,metal,1
metal.00035,2,-4.589175224304199,87.33576965332031,-44.67813491821289,64.65441131591797,-11.311132431030272,33.55420684814453,-17.183120727539062,26.049583435058597,-10.117939949035645,10.640704154968262,metal,1
metal.00035,3,23.72846031188965,72.13787078857422,-25.54644775390625,52.01647567749024,-9.461563110351562,39.86544418334961,-23.88520622253418,35.15738677978516,-15.126465797424316,18.60487174987793,metal,1
metal.00035,4,31.525638580322266,68.22071838378906,-25.582000732421875,58.21982955932617,-12.24886417388916,37.23418045043945,-21.827682495117188,30.25421524047852,-14.843622207641602,17.396615982055664,metal,1
metal.00035,5,27.936887741088867,75.61370849609375,-26.40235137939453,50.33091735839844,-12.29713535308838,36.99187850952149,-19.488014221191406,29.585866928100582,-15.302557945251465,16.125978469848633,metal,1
metal.00035,6,25.32365226745605,78.55081176757812,-27.50226402282715,49.31431198120117,-13.499348640441896,35.0778923034668,-21.094331741333008,30.98421287536621,-15.400799751281738,15.917844772338867,metal,1
metal.00035,7,37.057804107666016,73.4920425415039,-30.93709373474121,54.86212539672852,-11.68516445159912,40.35123825073242,-25.25536346435547,29.55831527709961,-15.963363647460938,13.80270767211914,metal,1
metal.00035,8,24.828413009643555,84.43311309814453,-37.73166275024414,52.821754455566406,-9.210495948791504,40.85593032836914,-16.770912170410156,33.6967887878418,-9.830217361450195,19.29168701171875,metal,1
metal.00035,9,25.73139190673828,82.26309967041016,-33.12799072265625,55.04106140136719,-13.502968788146973,39.4207763671875,-15.173101425170898,34.72521209716797,-10.642640113830566,20.34383201599121,metal,1
metal.00036,0,-76.37841033935547,78.92750549316406,-30.101465225219727,51.447303771972656,-13.332029342651367,23.54303932189941,-20.03208541870117,22.437225341796875,-15.602231979370115,17.72258949279785,metal,1
metal.00036,1,-81.58625030517578,77.68756866455078,-29.382875442504883,54.6693000793457,-11.915162086486816,25.229228973388672,-17.66287612915039,24.148700714111328,-17.570785522460938,15.983853340148926,metal,1
metal.00036,2,-77.22537231445312,80.244873046875,-30.12409019470215,51.95073699951172,-12.638910293579102,23.942176818847656,-17.069530487060547,23.540945053100582,-16.39882469177246,15.81584644317627,metal,1
metal.00036,3,-68.31087493896484,75.00112915039062,-27.99911499023437,51.61372375488281,-14.586889266967772,25.807666778564453,-19.29812812805176,22.48737335205078,-19.20840835571289,15.52737045288086,metal,1
metal.00036,4,-89.4004135131836,77.60928344726562,-37.804534912109375,60.75286865234375,-16.157573699951172,26.93614387512207,-15.459880828857422,23.08953285217285,-15.778031349182127,10.47797393798828,metal,1
metal.00036,5,-57.86812210083008,86.5819320678711,-29.982593536376957,58.974891662597656,-7.419068336486816,27.447874069213867,-12.232346534729004,31.46969223022461,-16.28314971923828,22.063859939575195,metal,1
metal.00036,6,-62.396034240722656,88.51264190673828,-31.38764190673828,56.34378433227539,-4.96295166015625,31.718568801879883,-15.715291023254396,28.57129669189453,-12.121315002441406,23.27052497863769,metal,1
metal.00036,7,-71.48814392089844,90.9268569946289,-27.406774520874023,57.30127334594727,-8.739747047424316,33.65935134887695,-10.074592590332031,28.830310821533203,-14.736427307128906,20.1527042388916,metal,1
metal.00036,8,-64.25794982910156,84.24333190917969,-29.24796295166016,62.97584915161133,-5.918493747711182,26.34501266479492,-16.381017684936523,29.589412689208984,-14.30722427368164,22.246767044067383,metal,1
metal.00036,9,-66.45606994628906,86.50640869140625,-31.01114273071289,61.81145477294922,-15.715094566345217,26.6859130859375,-16.89957618713379,22.320634841918945,-16.84922981262207,17.43308448791504,metal,1
metal.00037,0,-78.59131622314453,110.73452758789062,-38.40800857543945,41.4256706237793,-26.106369018554688,36.55937576293945,-17.50056266784668,27.661285400390625,-11.874079704284668,14.53682804107666,metal,1
metal.00037,1,-74.27561950683594,102.93938446044922,-38.81744766235352,41.0256462097168,-25.595443725585938,36.19100189208984,-19.729476928710938,29.49773979187012,-13.139118194580078,15.516107559204102,metal,1
metal.00037,2,-81.22498321533203,115.0052261352539,-35.53409576416016,35.3443717956543,-27.044530868530277,30.924213409423828,-14.47974967956543,27.98835182189941,-11.882613182067873,15.742008209228516,metal,1
metal.00037,3,-75.22203826904297,99.68709564208984,-36.1155891418457,38.19987487792969,-26.202791213989254,33.635196685791016,-15.384955406188965,32.69620132446289,-12.640692710876465,18.60179328918457,metal,1
metal.00037,4,-79.20797729492188,111.34490966796876,-37.46816253662109,37.06432342529297,-30.021949768066406,31.20587730407715,-14.60872745513916,28.73321533203125,-13.202136993408203,18.322126388549805,metal,1
metal.00037,5,-73.29420471191406,105.32056427001952,-45.19103240966797,42.09692001342773,-24.05383682250977,30.049549102783203,-20.565597534179688,31.330371856689453,-13.589015007019045,11.657437324523926,metal,1
metal.00037,6,-93.393798828125,108.8764419555664,-41.88996124267578,44.62420654296875,-28.796165466308597,32.64865493774414,-11.435999870300291,34.427711486816406,-7.853174209594727,13.846572875976562,metal,1
metal.00037,7,-83.28242492675781,103.69935607910156,-40.22317886352539,39.4852180480957,-30.9503116607666,32.07148361206055,-13.517129898071287,32.38397216796875,-9.418947219848633,13.794249534606934,metal,1
metal.00037,8,-82.5389404296875,108.64643096923828,-44.61281204223633,45.51533889770508,-25.337709426879883,36.12041091918945,-13.322945594787598,27.945358276367188,-13.721216201782228,9.269381523132324,metal,1
metal.00037,9,-72.97901916503906,107.45809936523438,-34.59611511230469,39.35147857666016,-28.657196044921875,30.938758850097656,-15.084877967834473,29.862478256225582,-11.839552879333496,11.651455879211426,metal,1
metal.00038,0,-78.97543334960938,49.16668319702149,-24.35378837585449,81.37418365478516,3.255399703979492,34.75453567504883,-11.403244972229004,34.05111312866211,-13.169537544250488,14.945012092590332,metal,1
metal.00038,1,-220.6280212402344,106.10310363769533,-59.50315475463867,75.36295318603516,6.356004238128662,8.000805854797363,-7.868917942047119,12.202905654907228,-6.867355346679688,-8.94304084777832,metal,1
metal.00038,2,-244.8985137939453,124.96647644042967,-93.22681427001952,82.2845687866211,2.7414395809173584,2.596341133117676,-18.8547420501709,1.1908111572265625,-17.50704574584961,-14.0376558303833,metal,1
metal.00038,3,-119.7149887084961,64.11245727539062,-30.271053314208984,73.93478393554688,8.624271392822266,23.556137084960938,-10.376605033874512,24.27044105529785,-12.378755569458008,5.245053291320801,metal,1
metal.00038,4,-77.62074279785156,53.721004486083984,-30.714948654174805,84.88386535644531,0.7023791074752808,33.16292953491211,-11.76852798461914,31.65843963623047,-12.623395919799805,12.07270336151123,metal,1
metal.00038,5,-65.14691925048828,48.73850631713867,-32.7872428894043,81.04744720458984,-1.794556975364685,29.60427474975586,-16.329326629638672,31.07628059387207,-16.027307510375977,13.738176345825195,metal,1
metal.00038,6,-59.6045150756836,46.62165832519531,-27.645671844482425,79.85354614257812,0.2577942609786987,32.18798065185547,-16.290258407592773,34.036033630371094,-17.275815963745117,13.261300086975098,metal,1
metal.00038,7,-58.09568786621094,46.1043586730957,-23.514881134033203,80.061767578125,3.474430084228516,35.67779922485352,-14.049729347229004,36.20124053955078,-17.509765625,16.208843231201172,metal,1
metal.00038,8,-77.62957000732422,62.146026611328125,-42.77002716064453,87.50386047363281,-2.0595145225524902,25.94813537597656,-15.74136734008789,25.166534423828125,-13.561366081237791,9.834755897521973,metal,1
metal.00038,9,-253.7002410888672,66.79881286621094,-21.07492446899414,67.332275390625,12.558481216430664,18.38029289245605,-5.522823333740234,16.190519332885742,-7.593497276306152,4.244588851928711,metal,1
metal.00039,0,-81.7161865234375,100.29163360595705,-30.227453231811523,74.78114318847656,-22.75883102416992,34.287139892578125,-15.968378067016602,10.808672904968262,-4.132153511047363,13.939355850219728,metal,1
metal.00039,1,-80.8249282836914,88.97154235839844,-29.25938034057617,61.39571762084961,-25.97616195678711,32.23337173461914,-16.709474563598633,15.184406280517578,-5.893871784210205,15.248109817504885,metal,1
metal.00039,2,-85.422119140625,93.99478912353516,-32.28505325317383,65.86185455322266,-23.695545196533203,34.0236930847168,-15.098516464233398,20.44672966003418,-0.2374542206525802,15.096086502075195,metal,1
metal.00039,3,-65.56678771972656,91.6145248413086,-10.987955093383787,64.07234191894531,-9.21454906463623,35.27592468261719,-15.048749923706056,18.9629020690918,-3.3260109424591064,16.85282325744629,metal,1
metal.00039,4,-86.70552825927734,97.72681427001952,-31.23375701904297,76.55677795410156,-10.820622444152832,37.53367233276367,-14.764588356018066,13.943192481994627,-0.7974529266357422,12.54762077331543,metal,1
metal.00039,5,-76.34015655517578,90.42242431640624,-23.811222076416016,71.87918090820312,-10.68513298034668,39.84832763671875,-14.590764045715332,17.31598663330078,-4.386704921722412,18.572160720825195,metal,1
metal.00039,6,-89.88911437988281,94.55935668945312,-23.63831901550293,75.00956726074219,-10.149579048156738,38.02913284301758,-9.272808074951172,15.236498832702637,-1.5448191165924072,15.655022621154783,metal,1
metal.00039,7,-83.96544647216797,99.5665283203125,-30.176403045654297,73.30094909667969,-8.961225509643555,37.83665466308594,-7.997809410095215,12.092424392700195,-0.6840596199035645,12.174160957336426,metal,1
metal.00039,8,-92.39544677734376,113.92119598388672,-26.17316436767578,58.56198501586914,-17.272682189941406,30.887853622436523,-12.212578773498535,17.112606048583984,2.01495623588562,16.75214385986328,metal,1
metal.00039,9,-284.2294006347656,191.0775146484375,-33.88734817504883,41.41189193725586,24.532684326171875,10.81940746307373,5.586225986480713,18.51171493530273,7.409493923187256,9.923436164855955,metal,1
metal.00040,0,-78.3716812133789,86.9574203491211,-49.04794692993164,54.51824569702149,-13.187164306640623,26.915834426879883,-3.0040175914764404,22.95952796936035,-14.946699142456056,23.11939239501953,metal,1
metal.00040,1,-77.47407531738281,91.98546600341795,-60.09709167480469,51.26286697387695,-4.941249370574951,29.429506301879883,1.146791696548462,22.1767692565918,-19.938081741333008,20.25902557373047,metal,1
metal.00040,2,-70.708251953125,77.9852294921875,-47.33968353271485,52.03543472290039,-8.846487045288086,35.85997772216797,-8.286438941955566,23.64029884338379,-19.337724685668945,22.89307975769043,metal,1
metal.00040,3,-63.82772064208984,79.73811340332031,-51.12662124633789,50.69455337524414,-9.750815391540527,30.397035598754883,-7.9095139503479,28.71864128112793,-21.26700782775879,19.79292869567871,metal,1
metal.00040,4,-68.73417663574219,74.43547058105469,-48.61680221557617,48.342262268066406,-12.97275161743164,36.601341247558594,-5.472618579864502,25.35205841064453,-21.930646896362305,22.054386138916016,metal,1
metal.00040,5,-73.41108703613281,74.61990356445312,-45.63602066040039,49.270938873291016,-10.9381685256958,33.9123649597168,-9.502452850341797,27.387977600097656,-18.62178039550781,19.704296112060547,metal,1
metal.00040,6,-73.46341705322266,74.97643280029297,-44.82754135131836,46.72201919555664,-9.88587760925293,36.0675048828125,-8.184224128723145,29.119291305541992,-18.4429874420166,21.4774112701416,metal,1
metal.00040,7,-86.94383239746094,77.74046325683594,-39.72153854370117,52.11043548583984,-6.438553333282471,34.46438217163086,-9.69821071624756,24.744508743286133,-16.82001495361328,22.906299591064453,metal,1
metal.00040,8,-69.19676971435547,76.95182037353516,-40.89882659912109,56.14104461669922,-8.51069450378418,28.377992630004883,-8.41032886505127,24.265308380126957,-20.828950881958008,19.417898178100582,metal,1
metal.00040,9,-80.20745086669922,88.10684967041016,-44.91889190673828,51.91578674316406,-8.418357849121094,28.46551322937012,-6.464716911315918,23.085596084594727,-21.260990142822266,19.24291038513184,metal,1
metal.00041,0,-84.01181030273438,88.75127410888672,-54.742435455322266,53.89733505249024,-7.976324081420898,28.83489990234375,-14.063860893249512,20.626184463500977,-22.0126953125,25.549766540527344,metal,1
metal.00041,1,-139.08094787597656,117.09371185302734,-50.90155029296875,67.8248291015625,1.755448818206787,27.180477142333984,-9.736868858337402,14.15790843963623,-14.4523344039917,15.923262596130373,metal,1
metal.00041,2,-90.01153564453125,95.67928314208984,-51.90960311889648,51.94682312011719,-11.721365928649902,26.013471603393555,-11.471229553222656,26.92692756652832,-22.54583168029785,16.009855270385742,metal,1
metal.00041,3,-98.1141128540039,107.21958923339844,-59.48432159423828,57.24974060058594,-5.088193893432617,23.232545852661133,-2.373939514160156,27.246761322021484,-21.159461975097656,17.650745391845703,metal,1
metal.00041,4,-97.02922821044922,102.79315185546876,-58.5009994506836,56.90800857543945,-4.711029529571533,25.110645294189453,-6.633661270141602,23.151487350463867,-19.911602020263672,18.960336685180664,metal,1
metal.00041,5,-102.1467514038086,110.0264129638672,-61.29375457763672,57.72536087036133,-3.451721429824829,19.481014251708984,-5.011560916900635,25.37039566040039,-20.52531242370605,14.393173217773438,metal,1
metal.00041,6,-100.10838317871094,109.6826171875,-62.581790924072266,54.69811248779297,-6.930212497711182,19.826313018798828,-2.7232415676116943,29.04698371887207,-17.63384246826172,19.1467227935791,metal,1
metal.00041,7,-92.2198486328125,104.28850555419922,-56.76102828979492,52.492919921875,-9.737556457519531,25.02854347229004,-4.853911876678467,23.284563064575195,-21.627174377441406,15.700160026550291,metal,1
metal.00041,8,-106.11608123779295,109.08463287353516,-58.98928451538086,62.98059844970703,-5.017100811004639,17.15548324584961,-4.982751369476318,19.740873336791992,-16.4483585357666,20.47052001953125,metal,1
metal.00041,9,-99.05237579345705,107.74739837646484,-62.15898513793945,54.84966278076172,-7.586414813995361,21.280893325805664,-4.471804618835449,26.199169158935547,-18.92724227905273,18.724632263183597,metal,1
metal.00042,0,-100.01089477539062,89.61971282958984,-57.98435974121094,53.32313537597656,-3.819701194763184,31.832914352416992,-13.288518905639648,26.351856231689453,-16.509191513061523,22.84141731262207,metal,1
metal.00042,1,-87.29451751708984,91.77922821044922,-58.24456024169922,51.1699333190918,-10.571517944335938,29.49549865722656,-15.983799934387209,23.48733139038086,-12.897346496582031,26.74522399902344,metal,1
metal.00042,2,-95.61509704589844,78.19963836669922,-48.719913482666016,53.91105651855469,-5.481009483337402,34.12266540527344,-14.41407585144043,27.578027725219727,-19.459531784057617,21.89853858947754,metal,1
metal.00042,3,-95.39519500732422,86.4242172241211,-50.82796859741211,50.39395904541016,-6.776102542877197,32.221229553222656,-12.230889320373535,26.179443359375,-18.582155227661133,23.4437255859375,metal,1
metal.00042,4,-88.53667449951172,96.76776885986328,-63.34516143798828,53.04015350341797,-3.465019464492798,25.73014259338379,-13.91976261138916,25.75542449951172,-16.064743041992188,22.967788696289062,metal,1
metal.00042,5,-98.76522827148438,92.84490966796876,-54.01169967651367,52.70793151855469,-3.625796794891357,22.186616897583008,-13.834918022155762,38.53923416137695,-6.76852560043335,25.836889266967773,metal,1
metal.00042,6,-94.53748321533205,90.7672119140625,-55.012115478515625,48.03096389770508,-9.261245727539062,27.595924377441406,-10.440052032470703,29.640687942504883,-18.493629455566406,22.732223510742188,metal,1
metal.00042,7,-90.2353057861328,85.21842193603516,-53.22877883911133,50.4889030456543,-6.572347164154053,33.01755142211914,-13.718811988830566,26.67610740661621,-19.09036636352539,20.462520599365234,metal,1
metal.00042,8,-87.7542953491211,91.2960205078125,-61.582122802734375,51.06521987915039,-5.867837429046631,27.1403751373291,-15.70207405090332,26.037458419799805,-15.115013122558594,21.58018684387207,metal,1
metal.00042,9,-99.17759704589844,98.05428314208984,-58.14068984985352,53.84592056274414,-2.237476348876953,25.76076889038086,-17.485828399658203,25.36284446716309,-11.794952392578123,21.96222305297852,metal,1
metal.00043,0,-171.7118377685547,73.47283172607422,-17.791351318359375,55.81192779541016,-12.612853050231934,23.675312042236328,-11.156519889831545,24.3921012878418,-15.47133445739746,17.178071975708008,metal,1
metal.00043,1,-98.70577239990234,70.079345703125,-43.88610076904297,53.15891647338867,-13.8417329788208,20.337081909179688,-19.615482330322266,22.417869567871094,-19.878437042236328,19.0296688079834,metal,1
metal.00043,2,-99.59902954101562,94.39604949951172,-54.62381362915039,56.67717742919922,-4.525005340576172,18.96675109863281,-8.339920043945312,23.25624656677246,-10.862889289855955,21.16595458984375,metal,1
metal.00043,3,-101.45329284667967,96.2427749633789,-60.407752990722656,50.150390625,-13.346846580505373,19.7533016204834,-6.689700603485107,23.061016082763672,-14.357492446899414,20.067630767822266,metal,1
metal.00043,4,-86.77432250976562,68.83561706542969,-34.851661682128906,63.48974609375,-2.977262258529663,24.92562484741211,-24.395898818969727,21.803497314453125,-18.687084197998047,20.576719284057617,metal,1
metal.00043,5,-112.10725402832033,93.7459716796875,-54.86919403076172,62.776668548583984,-5.147272109985352,14.935785293579102,-10.58525562286377,16.532854080200195,-13.285268783569336,18.2127628326416,metal,1
metal.00043,6,-91.81023406982422,91.83516693115234,-65.89479064941406,57.27640151977539,-0.512925386428833,19.30534172058105,-11.690196990966797,18.09016227722168,-15.537107467651367,16.370065689086914,metal,1
metal.00043,7,-156.54293823242188,73.79449462890625,-19.54612159729004,48.11856460571289,-9.005782127380371,24.52318954467773,-16.034082412719727,24.268360137939453,-20.210582733154297,13.917811393737791,metal,1
metal.00043,8,-88.38037872314453,77.2632827758789,-52.26691818237305,58.5604248046875,-9.373690605163574,17.781757354736328,-17.804201126098633,21.16130256652832,-19.430992126464844,16.637144088745117,metal,1
metal.00043,9,-102.34038543701172,93.96717071533205,-50.28300857543945,61.21938705444336,-6.015848636627197,17.674076080322266,-9.341246604919434,18.912857055664062,-11.365955352783203,19.477325439453125,metal,1
metal.00044,0,-83.68018341064453,79.72333526611328,-46.16188430786133,49.008602142333984,-7.641551494598389,27.03401756286621,-2.697104454040528,28.10286521911621,-12.904884338378906,20.360239028930664,metal,1
metal.00044,1,-84.7812271118164,80.83052062988281,-40.90226745605469,53.2053108215332,-11.319537162780762,29.4558219909668,-9.627567291259766,29.28400421142578,-13.420526504516602,16.19586181640625,metal,1
metal.00044,2,-102.60315704345705,79.83753204345703,-41.95039749145508,57.37532424926758,-4.831720352172852,25.984827041625977,-6.638949394226074,25.97025489807129,-9.165297508239746,20.154529571533203,metal,1
metal.00044,3,-99.27043151855467,81.11174774169922,-41.87936019897461,56.84455490112305,-4.307698726654053,27.612180709838867,-5.194034576416016,26.29666328430176,-10.529012680053713,19.358642578125,metal,1
metal.00044,4,-95.32457733154295,76.64356994628906,-40.77611541748047,54.90751266479492,-9.854668617248535,27.952096939086918,-8.278002738952637,25.65680503845215,-12.052777290344238,18.141469955444336,metal,1
metal.00044,5,-79.94358825683594,77.97441101074219,-48.268531799316406,50.8848991394043,-11.048367500305176,29.50905990600586,-2.588062286376953,30.17252540588379,-18.026348114013672,19.183914184570312,metal,1
metal.00044,6,-91.55736541748048,70.5018310546875,-40.79943084716797,55.18928527832031,-6.017625331878662,34.34636306762695,-11.303179740905762,27.37542533874512,-12.740750312805176,20.1304988861084,metal,1
metal.00044,7,-79.24128723144531,72.10016632080078,-39.37255096435547,55.28549575805664,-8.896097183227539,33.9234619140625,-10.700542449951172,25.97601127624512,-19.393808364868164,18.181346893310547,metal,1
metal.00044,8,-80.72633361816406,66.65497589111328,-37.86962127685547,60.10984420776367,-8.586649894714355,31.68755340576172,-14.087839126586914,26.62714195251465,-16.940185546875,19.56601905822754,metal,1
metal.00044,9,-66.88554382324219,86.1845932006836,-48.75316619873047,50.57114028930664,-14.17373752593994,29.64588737487793,-10.72055435180664,24.721303939819336,-19.728973388671875,16.7486629486084,metal,1
metal.00045,0,-113.12915802001952,92.80079650878906,-43.5574951171875,69.51377868652344,-8.111051559448242,23.19989776611328,-12.213662147521973,16.484703063964844,-21.988805770874023,21.66286849975586,metal,1
metal.00045,1,-121.09893798828124,97.72537994384766,-44.30540084838867,71.58708190917969,-9.823351860046388,23.041488647460938,-5.51510763168335,20.992341995239254,-20.002010345458984,23.14611053466797,metal,1
metal.00045,2,-106.17137908935548,95.01034545898438,-38.23150253295898,65.89752197265625,-9.751470565795898,23.914722442626957,-10.967921257019045,19.55733871459961,-20.737064361572266,22.07440185546875,metal,1
metal.00045,3,-76.94020080566406,93.52053833007812,-53.68326187133789,63.07721710205078,-11.733351707458496,23.92429542541504,-12.199226379394531,23.291120529174805,-19.320161819458008,20.684953689575195,metal,1
metal.00045,4,-266.8799133300781,91.276123046875,-7.1210479736328125,50.8485221862793,-5.219778060913086,26.72987937927246,2.3794398307800293,24.035675048828125,-12.49118423461914,13.131471633911133,metal,1
metal.00045,5,-154.4095916748047,89.88262939453125,-54.605716705322266,49.62468719482422,-10.633452415466309,17.984182357788086,-6.92006778717041,24.64868927001953,-14.765015602111816,16.453397750854492,metal,1
metal.00045,6,-147.29330444335938,94.29167938232422,-42.3767204284668,58.46234893798828,-5.874069690704346,14.380615234375,-5.4473066329956055,21.53041648864746,-25.2056827545166,10.821486473083496,metal,1
metal.00045,7,-179.302978515625,93.98907470703124,-30.529935836791992,55.1500358581543,-7.280932426452637,24.432954788208008,-5.868252277374268,24.92983055114746,-17.760601043701172,14.531360626220703,metal,1
metal.00045,8,-112.25415802001952,94.39289093017578,-70.993408203125,61.88526153564453,-8.555944442749023,11.10096549987793,-7.059694766998291,20.327682495117188,-22.66297912597656,17.72862434387207,metal,1
metal.00045,9,-79.70952606201172,98.08381652832033,-53.25984954833984,51.70983505249024,-14.052556037902832,25.78125,-7.625157833099365,28.810829162597656,-19.598630905151367,15.618133544921877,metal,1
metal.00046,0,-1.1404889822006226,78.00737762451172,-27.010684967041016,62.022987365722656,-17.70298194885254,28.908334732055664,-22.949312210083008,23.483049392700195,-13.139445304870604,19.92256164550781,metal,1
metal.00046,1,-1.6831730604171753,75.1915283203125,-26.80977439880371,63.26970291137695,-18.45867729187012,27.792030334472656,-22.264949798583984,24.692920684814453,-13.5387601852417,21.02470970153809,metal,1
metal.00046,2,3.0686187744140625,77.24861145019531,-31.336238861083984,61.402645111083984,-17.951017379760742,26.28352928161621,-23.551734924316406,23.91094207763672,-14.077516555786133,21.195348739624023,metal,1
metal.00046,3,6.813441753387451,76.9381103515625,-30.14938735961914,57.87403869628906,-20.827253341674805,29.20848846435547,-23.56846809387207,24.85566520690918,-16.94964027404785,17.950855255126953,metal,1
metal.00046,4,-20.59624481201172,99.76539611816406,-36.39055633544922,72.8833236694336,-17.66813850402832,30.667104721069336,-18.23524284362793,21.075420379638672,-9.537694931030272,15.142854690551758,metal,1
metal.00046,5,-8.21778392791748,86.17269897460938,-29.88579368591309,64.57393646240234,-14.542040824890137,24.95693588256836,-18.91741752624512,20.97679901123047,-9.169245719909668,16.53829574584961,metal,1
metal.00046,6,8.309738159179688,77.03494262695312,-32.779823303222656,58.91459655761719,-19.1072940826416,25.62917137145996,-24.793991088867188,21.163833618164062,-16.667123794555664,16.737831115722656,metal,1
metal.00046,7,2.24250602722168,73.75151062011719,-28.289287567138672,59.13935089111328,-16.062408447265625,24.73676872253418,-21.538360595703125,22.88162422180176,-12.523850440979004,17.81484031677246,metal,1
metal.00046,8,5.653261661529541,78.56702423095703,-32.717002868652344,61.370059967041016,-15.142818450927734,25.28009605407715,-22.00993537902832,22.041927337646484,-13.07140827178955,18.056116104125977,metal,1
metal.00046,9,5.868128299713135,78.33138275146484,-34.7653694152832,53.60736083984375,-21.036466598510746,27.813844680786133,-18.83198547363281,22.50373649597168,-15.421478271484377,18.231525421142575,metal,1
metal.00047,0,-6.938225269317627,82.40967559814453,-40.82426071166992,64.67587280273438,-19.52549934387207,25.78125762939453,-10.551532745361328,18.022464752197266,-11.560083389282228,19.3242301940918,metal,1
metal.00047,1,-2.234299421310425,73.84700775146484,-27.73431396484375,63.98377227783203,-16.721986770629883,24.24424171447754,-16.232784271240234,15.401318550109863,-11.824637413024902,19.179668426513672,metal,1
metal.00047,2,11.38577938079834,56.21834564208984,-23.835847854614254,58.94952392578125,-20.398426055908203,28.75724983215332,-15.76675033569336,20.836549758911133,-13.259401321411133,20.573272705078125,metal,1
metal.00047,3,15.207033157348633,55.924991607666016,-22.4247989654541,55.91112518310547,-19.019132614135746,27.55996322631836,-16.085041046142578,21.24312210083008,-12.680671691894531,19.876842498779297,metal,1
metal.00047,4,1.5685006380081177,65.60997009277344,-31.691987991333008,63.30733871459961,-20.740079879760746,25.491125106811523,-17.256847381591797,19.699617385864254,-15.190811157226562,20.156095504760746,metal,1
metal.00047,5,-26.667333602905277,85.03577423095703,-39.56011199951172,73.1960220336914,-18.2343807220459,27.61564064025879,-9.473033905029297,15.450230598449709,-9.996973037719728,18.53076934814453,metal,1
metal.00047,6,-13.441739082336426,84.94358825683594,-38.98442840576172,68.94078826904297,-18.250789642333984,25.11260223388672,-11.5623779296875,18.15361785888672,-11.728033065795898,20.778366088867188,metal,1
metal.00047,7,-11.831714630126951,86.0013198852539,-40.4162712097168,67.5060043334961,-18.42656517028809,27.739978790283203,-14.929143905639648,17.167116165161133,-11.85794162750244,19.6421012878418,metal,1
metal.00047,8,-4.744107246398926,83.72555541992188,-40.77169418334961,65.04449462890625,-17.746044158935547,24.317501068115234,-15.016387939453123,17.10175323486328,-11.176536560058594,22.11224365234375,metal,1
metal.00047,9,17.207876205444336,55.19709396362305,-22.92676544189453,56.26345443725586,-18.19094657897949,23.93238067626953,-13.248674392700195,19.40614891052246,-11.717118263244627,18.304304122924805,metal,1
metal.00048,0,22.395050048828125,75.99539947509766,-32.05679702758789,47.021461486816406,-24.334138870239254,24.754079818725582,-11.819414138793944,18.15321159362793,-16.52228546142578,16.790908813476562,metal,1
metal.00048,1,5.810572147369385,76.69623565673828,-27.08973693847656,58.81315994262695,-24.308046340942383,27.59206199645996,-16.506494522094727,26.587787628173828,-14.622708320617676,19.80821418762207,metal,1
metal.00048,2,20.80894660949707,69.68096923828125,-26.68609046936035,53.687530517578125,-21.050765991210938,27.656524658203125,-16.726078033447266,19.50431251525879,-14.48451042175293,20.557676315307617,metal,1
metal.00048,3,24.468276977539062,64.8291015625,-25.256637573242188,50.62998962402344,-20.24115753173828,28.75237846374512,-16.10479736328125,19.540264129638672,-15.335955619812012,20.853214263916016,metal,1
metal.00048,4,14.950105667114258,74.48849487304688,-33.35844039916992,56.32191848754883,-24.41935157775879,28.49455451965332,-18.26938247680664,19.880294799804688,-17.643810272216797,21.11676406860352,metal,1
metal.00048,5,4.867006778717041,77.09427642822266,-34.29730224609375,60.4748420715332,-16.740596771240234,28.65248107910156,-20.097225189208984,19.633886337280277,-11.627718925476074,21.213254928588867,metal,1
metal.00048,6,-8.375415802001953,79.74829864501953,-30.992002487182617,65.42552947998047,-17.26097297668457,29.25051498413086,-20.96794319152832,15.5597505569458,-12.07198715209961,21.7188777923584,metal,1
metal.00048,7,-6.397995948791504,79.33808898925781,-31.172378540039062,64.17630767822266,-15.904306411743164,31.11433982849121,-19.53361701965332,16.259090423583984,-12.261077880859377,20.714340209960938,metal,1
metal.00048,8,10.672444343566896,83.2310791015625,-36.88914108276367,57.44904708862305,-21.10692977905273,24.37408447265625,-15.897705078125,21.360340118408203,-13.4027681350708,17.945585250854492,metal,1
metal.00048,9,4.0766777992248535,86.2480239868164,-38.10300827026367,58.585262298583984,-25.47922706604004,25.3655948638916,-13.878543853759766,20.55877113342285,-14.365826606750488,19.28103828430176,metal,1
metal.00049,0,9.47282600402832,71.56403350830078,-27.53892517089844,62.59678649902344,-21.3259220123291,27.30504608154297,-14.57144260406494,18.524747848510746,-11.731475830078123,18.21354484558105,metal,1
metal.00049,1,6.66888427734375,73.95287322998047,-30.70950508117676,61.76679229736328,-24.96678733825684,30.90513229370117,-17.055217742919922,20.27837371826172,-14.210673332214355,21.094167709350582,metal,1
metal.00049,2,2.8678464889526367,75.44751739501953,-29.329317092895508,65.41305541992188,-24.171789169311523,28.46833038330078,-15.442460060119627,18.40336227416992,-12.72219944000244,18.563739776611328,metal,1
metal.00049,3,5.473447322845459,68.71318817138672,-26.98965072631836,66.60701751708984,-23.37607765197754,31.62079620361328,-16.52978515625,20.955860137939453,-14.354659080505373,19.050127029418945,metal,1
metal.00049,4,3.929515600204468,78.66620635986328,-36.239933013916016,68.62422180175781,-25.777193069458008,32.24701690673828,-12.783193588256836,21.44034767150879,-11.90363597869873,18.936569213867188,metal,1
metal.00049,5,13.668811798095703,68.43885040283203,-29.446950912475582,62.25953674316406,-21.97956275939941,30.21029090881348,-12.432109832763672,21.500911712646484,-10.735715866088867,18.308225631713867,metal,1
metal.00049,6,12.500199317932127,82.87013244628906,-41.4173583984375,63.813114166259766,-23.727012634277344,28.07816696166992,-15.560808181762695,21.2258415222168,-13.062439918518066,19.656339645385746,metal,1
metal.00049,7,16.926908493041992,70.8043212890625,-32.54150390625,58.075965881347656,-24.277189254760746,31.682287216186523,-13.01589584350586,21.38738250732422,-11.13726806640625,20.274688720703125,metal,1
metal.00049,8,8.24128532409668,75.41295623779297,-31.812488555908203,63.76726150512695,-22.764034271240234,29.614606857299805,-18.483530044555664,20.14801597595215,-10.439793586730955,20.71320152282715,metal,1
metal.00049,9,18.28960418701172,78.4057846069336,-38.99212646484375,57.63518142700195,-24.033178329467773,32.59928512573242,-15.944283485412598,20.446075439453125,-13.801521301269531,19.929628372192383,metal,1
metal.00050,0,17.53495979309082,78.4983901977539,-29.34375762939453,61.710147857666016,-20.53167533874512,27.515527725219727,-15.55229949951172,18.912433624267575,-10.44467830657959,19.194719314575195,metal,1
metal.00050,1,18.79144859313965,75.2514877319336,-24.51935768127441,60.51130676269531,-19.58135223388672,29.726518630981445,-13.62651538848877,16.56159782409668,-11.95322608947754,18.96507835388184,metal,1
metal.00050,2,22.916667938232425,64.67652893066406,-22.301055908203125,57.08981323242188,-18.490617752075195,26.1611442565918,-14.750897407531738,18.23613739013672,-9.599958419799805,19.966812133789062,metal,1
metal.00050,3,24.35648727416992,72.32719421386719,-25.223609924316406,57.23962020874024,-18.72820281982422,28.34595489501953,-12.836063385009766,16.920909881591797,-8.129304885864258,17.49217987060547,metal,1
metal.00050,4,22.958864212036133,66.31310272216797,-20.076330184936523,60.92351150512695,-17.07513427734375,27.38248634338379,-15.35773754119873,16.15104103088379,-10.178228378295898,17.86261749267578,metal,1
metal.00050,5,26.181385040283203,58.583194732666016,-13.208999633789062,55.831581115722656,-15.69480037689209,25.36533546447754,-11.50850772857666,16.058570861816406,-8.459968566894531,14.839560508728027,metal,1
metal.00050,6,12.657060623168944,72.7907485961914,-22.84654998779297,62.00355911254883,-20.6783504486084,29.130596160888672,-12.3998384475708,17.459030151367188,-8.656862258911133,18.014389038085938,metal,1
metal.00050,7,-4.717129230499268,77.92610931396484,-26.553943634033203,68.35920715332031,-20.5330753326416,31.03264808654785,-8.74642276763916,18.609283447265625,-7.1807637214660645,19.86170196533203,metal,1
metal.00050,8,3.172353506088257,73.2762451171875,-20.49074935913086,65.92607879638672,-19.60253143310547,29.46910285949707,-11.192793846130373,19.71234893798828,-7.540141582489014,19.7680606842041,metal,1
metal.00050,9,17.898273468017578,76.56924438476562,-22.8397274017334,57.63924026489258,-18.866683959960938,26.719223022460938,-11.99174690246582,15.510066986083984,-9.089716911315918,17.156702041625977,metal,1
metal.00051,0,3.1817398071289062,51.71816253662109,-19.406185150146484,65.3952407836914,-17.03175926208496,33.48579406738281,-17.853681564331055,23.254180908203125,-11.12192153930664,19.06806755065918,metal,1
metal.00051,1,6.556624889373779,56.36562347412109,-23.13820075988769,61.76085662841797,-21.044347763061523,34.12825393676758,-15.484674453735352,24.40535545349121,-7.607528686523437,20.92768096923828,metal,1
metal.00051,2,13.68824863433838,54.492950439453125,-24.58482551574707,58.708133697509766,-20.87906265258789,31.72147750854492,-18.227027893066406,22.30318069458008,-8.16018295288086,21.63763236999512,metal,1
metal.00051,3,7.563182830810547,62.270782470703125,-24.01751136779785,63.85623550415039,-17.5538387298584,28.390722274780277,-16.27032470703125,19.203298568725582,-5.932671070098877,18.357711791992188,metal,1
metal.00051,4,18.388160705566406,73.89966583251953,-27.83553123474121,53.772369384765625,-21.556028366088867,29.50592994689941,-14.742795944213867,17.958526611328125,-3.98874568939209,17.18760871887207,metal,1
metal.00051,5,8.520569801330566,43.35825729370117,-12.209844589233398,60.77583312988281,-21.037574768066406,32.81442642211914,-14.203035354614258,20.4969539642334,-8.750519752502441,18.008800506591797,metal,1
metal.00051,6,6.021453380584717,42.36111068725586,-12.801833152770996,61.84732818603516,-22.4365234375,35.66448974609375,-14.518707275390623,22.5744743347168,-11.061891555786133,19.47882652282715,metal,1
metal.00051,7,6.370674133300781,44.594825744628906,-15.738787651062012,62.33942413330078,-21.609893798828125,33.86003875732422,-15.237409591674805,22.82933807373047,-9.424883842468262,20.1021671295166,metal,1
metal.00051,8,11.30083179473877,60.8219108581543,-24.47235679626465,58.19469451904297,-26.172197341918945,31.262601852416992,-17.7965145111084,20.94046401977539,-11.969985961914062,20.683988571166992,metal,1
metal.00051,9,13.074028968811035,59.26033782958984,-27.71331214904785,56.6002082824707,-23.73065948486328,31.899959564208984,-15.897139549255373,22.36514663696289,-10.683094024658203,20.2192497253418,metal,1
metal.00052,0,17.34950828552246,77.05406951904297,-32.357574462890625,59.07158279418945,-14.471480369567873,22.75313949584961,-14.036921501159668,16.05828857421875,-7.890589237213135,17.835369110107422,metal,1
metal.00052,1,24.344141006469727,61.62438583374024,-34.01679611206055,53.67703628540039,-16.743242263793945,25.073413848876957,-14.9862642288208,18.25808906555176,-7.980210304260254,18.55772399902344,metal,1
metal.00052,2,29.80036735534668,60.910945892333984,-32.37464141845703,49.60383987426758,-14.159253120422363,23.336410522460938,-11.159564971923828,17.692829132080078,-6.702732563018799,16.429841995239258,metal,1
metal.00052,3,15.82561206817627,71.66448211669922,-33.80308151245117,57.42605972290039,-14.881829261779783,20.27871322631836,-12.536948204040527,14.224092483520508,-8.340614318847656,14.57856559753418,metal,1
metal.00052,4,-12.636175155639648,90.73876190185548,-34.29730987548828,65.27970123291016,-15.19545555114746,24.024658203125,-6.360043525695801,14.63987922668457,-6.700959205627441,14.094283103942873,metal,1
metal.00052,5,-27.33917808532715,98.64266967773438,-38.93770217895508,76.13470458984375,-15.364730834960938,28.222078323364254,-7.798470497131348,17.4801082611084,-6.181478023529053,15.545442581176758,metal,1
metal.00052,6,-12.73416805267334,93.84742736816406,-37.37489318847656,68.47879791259766,-15.897438049316406,24.171924591064453,-10.066349029541016,16.846405029296875,-8.387900352478027,15.988048553466797,metal,1
metal.00052,7,1.4853273630142212,95.3527374267578,-45.44460678100586,67.64226531982422,-15.009774208068848,22.747941970825195,-10.373668670654297,18.244054794311523,-10.77182388305664,16.604938507080078,metal,1
metal.00052,8,-2.044420957565308,93.82367706298828,-41.72186279296875,64.99073028564453,-17.16838264465332,22.97562026977539,-9.28070831298828,18.95068359375,-8.509004592895508,19.078989028930664,metal,1
metal.00052,9,4.716413021087647,92.25101470947266,-45.27238464355469,63.63282775878906,-12.911232948303224,23.26285743713379,-10.813728332519531,18.731395721435547,-10.173161506652832,17.22414779663086,metal,1
metal.00053,0,-3.73371958732605,72.43795776367188,-21.81863784790039,60.80532455444336,-20.836902618408203,24.68182373046875,-13.39309310913086,16.386417388916016,-10.522883415222168,17.260374069213867,metal,1
metal.00053,1,3.4282116889953613,74.46662139892578,-24.35296440124512,55.65192413330078,-20.14165496826172,25.592130661010746,-12.242952346801758,18.243385314941406,-9.834246635437012,17.597930908203125,metal,1
metal.00053,2,3.675181150436402,83.05288696289062,-31.234825134277344,55.07664489746094,-21.751205444335938,24.77071952819824,-11.209379196166992,16.635847091674805,-12.032495498657228,19.680856704711918,metal,1
metal.00053,3,7.996023178100586,81.01095581054688,-33.284881591796875,55.24443054199219,-21.9833984375,25.734508514404297,-14.901047706604004,18.440319061279297,-10.339462280273438,20.6081657409668,metal,1
metal.00053,4,17.503217697143555,72.86971282958984,-27.57926368713379,50.70264434814453,-25.610145568847656,27.53347396850586,-13.364261627197266,18.22247314453125,-13.318696022033691,20.03206443786621,metal,1
metal.00053,5,13.124500274658203,73.19596862792969,-24.32526969909668,56.11382293701172,-21.24778938293457,25.246248245239254,-15.647632598876951,17.891883850097656,-9.915579795837402,18.61013412475586,metal,1
metal.00053,6,4.39976692199707,84.39669799804688,-28.673797607421875,61.47868728637695,-24.28568649291992,24.76429557800293,-14.44240379333496,16.512184143066406,-10.56257152557373,18.517093658447266,metal,1
metal.00053,7,-7.467818737030029,73.96392059326172,-21.808687210083008,60.49463653564453,-21.78898048400879,29.3460636138916,-11.7672758102417,19.12090110778809,-9.70981216430664,21.040000915527344,metal,1
metal.00053,8,-1.2635252475738523,73.84501647949219,-24.055124282836918,61.03666687011719,-24.944068908691406,29.78060340881348,-12.187397003173828,20.48830795288086,-11.588061332702637,19.700258255004883,metal,1
metal.00053,9,7.476294994354248,67.47107696533203,-16.218048095703125,59.27088928222656,-20.956504821777344,28.63896942138672,-12.00440502166748,18.34747314453125,-9.93142795562744,18.643918991088867,metal,1
metal.00054,0,-1.4608900547027588,69.36559295654297,-24.55746078491211,62.16560745239258,-18.62066650390625,33.19342041015625,-19.250038146972656,22.08538627624512,-12.888325691223145,17.998380661010742,metal,1
metal.00054,1,7.490554332733154,67.15797424316406,-28.25616836547852,58.77752685546875,-18.8292179107666,30.57017707824707,-18.211759567260746,22.61745834350586,-13.323975563049316,19.360389709472656,metal,1
metal.00054,2,1.475511074066162,64.4037857055664,-24.861305236816406,62.83003616333008,-18.899681091308597,33.75272750854492,-19.234956741333008,21.53626251220703,-13.517168998718262,17.220077514648438,metal,1
metal.00054,3,-2.513908863067627,60.40058517456055,-18.47102928161621,62.21424102783203,-19.77774429321289,32.720340728759766,-17.82697105407715,22.52729034423828,-10.91478157043457,19.612424850463867,metal,1
metal.00054,4,-7.840320587158203,63.21873474121094,-16.55303382873535,63.52911758422852,-18.707881927490234,32.76548385620117,-15.56052017211914,21.560806274414062,-10.74973201751709,17.86037826538086,metal,1
metal.00054,5,0.6721388697624207,66.33283996582031,-23.185245513916016,62.06180953979492,-19.671533584594727,30.1729736328125,-16.959056854248047,21.75122833251953,-11.409917831420898,18.807172775268555,metal,1
metal.00054,6,4.623217582702637,67.5360107421875,-27.169078826904297,64.90509033203125,-18.45138168334961,26.16097068786621,-18.359050750732425,22.17835807800293,-12.303717613220217,19.22014045715332,metal,1
metal.00054,7,4.047145843505859,70.0550308227539,-24.98399543762207,58.30631637573242,-16.91057586669922,26.62049674987793,-17.443031311035156,18.652576446533203,-9.177448272705078,20.515331268310547,metal,1
metal.00054,8,-1.4489848613739014,73.1030044555664,-28.87342834472656,61.90397644042969,-21.31486320495605,28.30029296875,-19.630207061767575,21.4588565826416,-10.915913581848145,21.00624656677246,metal,1
metal.00054,9,3.2755661010742188,69.37525177001953,-24.07905387878418,57.51939010620117,-21.81022453308105,27.837480545043945,-17.005355834960938,20.315637588500977,-10.944039344787598,21.030183792114254,metal,1
metal.00055,0,3.8589274883270255,65.87384033203125,-25.16074562072754,60.3156852722168,-16.848031997680664,27.238679885864254,-16.843955993652344,15.424149513244627,-13.280924797058104,17.132478713989258,metal,1
metal.00055,1,5.136773586273193,63.49662780761719,-23.52729034423828,59.40540313720703,-16.69170379638672,29.959644317626957,-15.000794410705566,16.3604679107666,-12.56885051727295,17.413074493408203,metal,1
metal.00055,2,13.064849853515623,57.44218444824219,-23.00072479248047,62.608524322509766,-17.78742027282715,29.135875701904297,-13.99477195739746,20.25328254699707,-9.944968223571776,18.012409210205078,metal,1
metal.00055,3,5.632972240447998,72.62065124511719,-35.59933090209961,68.22789001464844,-22.501298904418945,28.40147590637207,-16.66886329650879,19.154170989990234,-11.080170631408691,20.26898193359375,metal,1
metal.00055,4,14.15707302093506,61.16543197631836,-26.95603370666504,64.92698669433594,-20.668672561645508,32.125953674316406,-15.060101509094238,24.28801918029785,-11.630630493164062,19.774545669555664,metal,1
metal.00055,5,8.18561840057373,69.75347137451172,-32.14454650878906,67.55130767822266,-22.414077758789062,28.79526901245117,-17.352519989013672,20.3455867767334,-12.054997444152832,19.726167678833008,metal,1
metal.00055,6,19.602922439575195,59.87388229370117,-25.974151611328125,56.56046295166016,-19.38717269897461,27.14472198486328,-13.001680374145508,20.04652976989746,-9.202412605285645,20.209123611450195,metal,1
metal.00055,7,11.25769329071045,66.15005493164062,-33.34759521484375,62.529396057128906,-20.934539794921875,29.70888900756836,-12.679757118225098,19.18454360961914,-9.157214164733888,19.28051376342773,metal,1
metal.00055,8,11.557121276855469,63.31530380249024,-33.16971206665039,64.44105529785156,-20.701953887939453,29.50320816040039,-19.22704696655273,21.412677764892575,-12.799068450927734,20.652742385864254,metal,1
metal.00055,9,10.491462707519531,59.91792678833008,-27.08810806274414,61.83123397827149,-19.99627685546875,28.635299682617188,-14.304606437683104,18.639175415039062,-7.428087711334228,18.39602279663086,metal,1
metal.00056,0,4.510942935943604,76.95314025878906,-28.56041145324707,61.58271408081055,-21.16818618774414,21.7412109375,-16.293100357055664,13.91476345062256,-10.04483699798584,17.649497985839844,metal,1
metal.00056,1,8.059057235717773,80.05001068115234,-27.76397705078125,57.68777847290039,-22.8654899597168,25.390125274658203,-14.85737133026123,13.678881645202637,-11.376436233520508,18.828981399536133,metal,1
metal.00056,2,17.014394760131836,70.26237487792969,-26.51868057250977,60.01671600341797,-20.84792900085449,23.707033157348636,-16.672592163085938,18.791034698486328,-9.662081718444824,19.432714462280277,metal,1
metal.00056,3,14.665095329284668,71.7122573852539,-27.89285659790039,59.014198303222656,-21.344816207885746,23.09024810791016,-15.344635009765623,16.10179328918457,-10.116656303405762,18.861146926879883,metal,1
metal.00056,4,14.507502555847168,66.8620834350586,-20.087703704833984,60.07669448852539,-18.937314987182617,26.995136260986328,-13.456949234008787,15.580825805664062,-10.425602912902832,17.659425735473633,metal,1
metal.00056,5,14.54429531097412,74.50920104980469,-24.46006202697754,63.85346984863281,-21.82586669921875,26.97167015075684,-18.78886985778809,15.300131797790527,-12.8977689743042,20.496299743652344,metal,1
metal.00056,6,9.657329559326172,75.3616714477539,-25.76998519897461,64.54621124267578,-23.37394523620605,26.63573455810547,-18.59635353088379,16.2913818359375,-11.75046443939209,19.66598320007324,metal,1
metal.00056,7,15.952679634094238,66.57835388183594,-20.112842559814453,62.7287712097168,-20.134014129638672,27.0887393951416,-18.789628982543945,14.198389053344728,-15.817867279052734,16.03055763244629,metal,1
metal.00056,8,17.41508674621582,56.958927154541016,-18.17842674255371,56.97347640991211,-21.379589080810547,22.70766258239746,-17.624582290649414,17.476661682128906,-6.3900346755981445,22.86126708984375,metal,1
metal.00056,9,1.9831947088241575,58.14736557006836,-15.771133422851562,63.44548416137695,-19.089040756225582,29.677608489990234,-14.33847713470459,17.160598754882812,-9.317319869995115,19.367164611816406,metal,1
metal.00057,0,-44.2871208190918,82.40424346923828,-29.22846984863281,73.94578552246094,-0.5835195183753967,22.583724975585938,-4.317108631134033,15.78249740600586,-4.789129257202148,16.970226287841797,metal,1
metal.00057,1,-19.110673904418945,69.44523620605469,-27.892667770385746,72.01480102539062,-6.371760368347168,24.813663482666016,-6.222516059875488,19.32105827331543,-9.53189754486084,17.635221481323242,metal,1
metal.00057,2,-40.177059173583984,80.88780212402344,-29.640748977661133,74.2729721069336,-0.953888773918152,23.97904586791992,-4.875846862792969,17.218013763427734,-5.8187255859375,17.571033477783203,metal,1
metal.00057,3,-26.98680877685547,75.9705810546875,-28.434473037719727,70.29035186767578,-3.1834678649902344,24.451810836791992,-7.936592102050781,20.52408790588379,-11.33085823059082,16.888246536254883,metal,1
metal.00057,4,-15.179280281066896,80.49837493896484,-32.02911758422852,68.54755401611328,-8.589120864868164,25.6204891204834,-17.199548721313477,20.02799415588379,-15.853798866271973,20.02821159362793,metal,1
metal.00057,5,-17.384538650512695,79.67208862304688,-36.64786148071289,64.16098022460938,-9.315557479858398,25.765033721923828,-10.14639377593994,21.0894775390625,-16.586021423339844,22.92110061645508,metal,1
metal.00057,6,-10.61777687072754,79.04146575927734,-30.973058700561523,68.0606689453125,-12.524187088012695,25.921905517578125,-15.99437141418457,21.89607810974121,-15.772804260253906,20.37195587158203,metal,1
metal.00057,7,-19.46406936645508,78.51873779296875,-29.20121955871582,64.7210464477539,-9.519262313842772,27.03016662597656,-13.647381782531738,23.386741638183597,-13.288744926452637,19.01966667175293,metal,1
metal.00057,8,-32.91954803466797,77.874755859375,-34.578125,69.2145004272461,-7.28254222869873,26.8863582611084,-10.291876792907717,19.03519058227539,-12.42874813079834,19.615217208862305,metal,1
metal.00057,9,-27.30486297607422,76.5378189086914,-30.302175521850582,63.98522567749024,-11.660719871520996,25.56528091430664,-12.76201343536377,22.414840698242188,-14.349905967712402,20.309764862060547,metal,1
metal.00058,0,-19.496131896972656,98.9132308959961,-33.31430435180664,51.32902908325195,-14.72657871246338,21.936403274536133,-21.474559783935547,23.54930877685547,-17.429323196411133,21.0907039642334,metal,1
metal.00058,1,-17.845237731933594,96.63876342773438,-31.39366149902344,48.9449462890625,-17.43217658996582,25.596532821655277,-21.51777458190918,26.76302146911621,-19.77555656433105,20.65205383300781,metal,1
metal.00058,2,-9.224105834960938,102.19320678710938,-38.70289611816406,42.202735900878906,-19.366533279418945,22.37140846252441,-19.22118759155273,25.651865005493164,-19.38154983520508,23.580753326416016,metal,1
metal.00058,3,-17.366954803466797,88.42160034179688,-31.252674102783203,52.00090026855469,-19.38381004333496,28.28190040588379,-21.9585075378418,26.60459327697754,-17.94135856628418,21.86114883422852,metal,1
metal.00058,4,-31.81480598449707,96.24421691894533,-31.12225914001465,59.19213485717773,-17.225025177001953,25.71402931213379,-21.519922256469727,27.31367492675781,-13.472935676574709,18.5703125,metal,1
metal.00058,5,-16.281997680664062,97.14313507080078,-37.090450286865234,47.43667984008789,-20.33080673217773,28.821266174316406,-19.180469512939453,27.24567031860352,-21.520139694213867,21.64547348022461,metal,1
metal.00058,6,-10.317625999450684,103.28688049316406,-42.08598327636719,43.958621978759766,-21.46271705627441,28.3638858795166,-17.629182815551758,29.493303298950195,-22.115272521972656,25.754053115844727,metal,1
metal.00058,7,-13.521573066711426,105.14801788330078,-38.742469787597656,43.32699966430664,-20.55069923400879,27.707542419433597,-15.413679122924805,29.05318069458008,-22.541339874267575,20.861026763916016,metal,1
metal.00058,8,-7.035699844360352,106.1071548461914,-47.76280212402344,38.395469665527344,-27.720272064208984,30.601667404174805,-14.415645599365234,26.72547721862793,-25.214130401611328,25.06828117370605,metal,1
metal.00058,9,-17.08489990234375,111.1209716796875,-48.32820892333984,37.38954925537109,-33.8027229309082,21.515697479248047,-18.34295082092285,26.974384307861328,-26.429386138916016,16.517744064331055,metal,1
metal.00059,0,-40.17159652709961,105.80221557617188,-46.99013519287109,57.21575927734375,-22.11257553100586,16.573911666870117,-22.394325256347656,20.181299209594727,-17.567493438720703,17.286218643188477,metal,1
metal.00059,1,-23.917461395263672,103.71031188964844,-42.18583297729492,59.23133087158203,-18.56080818176269,24.69430923461914,-21.195964813232425,26.186084747314453,-15.206276893615724,19.730506896972656,metal,1
metal.00059,2,-13.138654708862305,91.6671142578125,-39.80570602416992,59.87055206298828,-18.92852210998535,26.984878540039062,-19.04467391967773,29.83810043334961,-17.0781307220459,17.979232788085938,metal,1
metal.00059,3,-13.42290210723877,93.70216369628906,-43.41337966918945,62.92332458496094,-18.144092559814453,25.36173248291016,-19.36396026611328,29.55594253540039,-15.911632537841797,17.2791748046875,metal,1
metal.00059,4,-12.000197410583496,98.52671813964844,-47.98242950439453,56.77034378051758,-18.61699676513672,26.37081527709961,-18.137590408325195,29.177831649780277,-16.86555290222168,21.117738723754883,metal,1
metal.00059,5,-10.725580215454102,99.98046875,-49.96235656738281,54.7998275756836,-16.757490158081055,23.56938743591309,-23.933055877685547,28.437166213989254,-16.860258102416992,18.43589210510254,metal,1
metal.00059,6,-11.770447731018066,102.1602554321289,-50.49303436279297,49.00965881347656,-18.833444595336918,26.50628662109375,-18.672626495361328,29.074779510498047,-14.71384620666504,20.602277755737305,metal,1
metal.00059,7,-11.124918937683104,102.15438842773438,-46.69906234741211,54.81781005859375,-20.982770919799805,24.35528564453125,-20.387285232543945,29.18065643310547,-16.28635597229004,19.385910034179688,metal,1
metal.00059,8,-10.545839309692385,98.16374206542967,-47.4139289855957,52.67522048950195,-16.78243064880371,26.455007553100582,-20.06817626953125,29.29481315612793,-14.63308334350586,20.14583778381348,metal,1
metal.00059,9,-14.513675689697266,103.63493347167967,-48.50582885742188,50.42598724365234,-18.037940979003903,25.518539428710938,-20.252111434936523,29.93353080749512,-13.08027172088623,23.253223419189453,metal,1
metal.00060,0,-57.45389938354492,104.44227600097656,-47.01137161254883,59.3843002319336,-19.346338272094727,27.467458724975582,-20.35420036315918,21.28107643127441,-15.89976692199707,14.509195327758787,metal,1
metal.00060,1,-56.97550201416016,103.68170166015624,-49.689849853515625,58.33676528930664,-18.676612854003903,27.556941986083984,-18.270294189453125,22.80742073059082,-15.451822280883787,16.321168899536133,metal,1
metal.00060,2,-52.99786758422852,100.97313690185548,-47.90768814086914,52.472686767578125,-24.069530487060547,27.384401321411133,-18.061508178710938,25.48053932189941,-14.571529388427734,17.185327529907227,metal,1
metal.00060,3,-49.07869720458984,99.75431823730467,-48.49384689331055,54.44770050048828,-26.304141998291016,25.78086280822754,-19.82122611999512,21.78569221496582,-17.400833129882812,15.225872993469238,metal,1
metal.00060,4,-55.37460708618164,98.1845703125,-56.70228958129883,59.059268951416016,-21.934112548828125,27.978893280029297,-17.751630783081055,23.019023895263672,-15.565465927124023,15.47506332397461,metal,1
metal.00060,5,-61.91133117675781,112.7164535522461,-41.02778625488281,61.99988555908203,-14.336565017700195,29.84513282775879,-17.680133819580078,19.0579891204834,-15.254950523376465,11.651588439941406,metal,1
metal.00060,6,-52.683692932128906,109.43153381347656,-46.457611083984375,61.26300048828125,-18.22266387939453,30.231918334960938,-17.208690643310547,19.62430763244629,-14.7133207321167,12.947883605957031,metal,1
metal.00060,7,-53.467803955078125,103.67878723144533,-40.32221984863281,59.81510543823242,-16.7130184173584,29.386489868164062,-18.698230743408203,19.900754928588867,-17.458547592163086,12.60025691986084,metal,1
metal.00060,8,-63.10660171508789,114.9730453491211,-37.54533386230469,62.98512649536133,-14.523898124694824,27.11083984375,-19.52436065673828,20.452150344848636,-15.479482650756836,12.063783645629885,metal,1
metal.00060,9,-83.49385833740234,115.90271759033205,-28.54703521728516,59.62201690673828,-15.274372100830078,31.572982788085938,-17.19363784790039,21.66357040405273,-18.304874420166016,10.767542839050291,metal,1
metal.00061,0,-78.3716812133789,86.9574203491211,-49.04794692993164,54.51824569702149,-13.187164306640623,26.915834426879883,-3.0040175914764404,22.95952796936035,-14.946699142456056,23.11939239501953,metal,1
metal.00061,1,-77.47407531738281,91.98546600341795,-60.09709167480469,51.26286697387695,-4.941249370574951,29.429506301879883,1.146791696548462,22.1767692565918,-19.938081741333008,20.25902557373047,metal,1
metal.00061,2,-70.708251953125,77.9852294921875,-47.33968353271485,52.03543472290039,-8.846487045288086,35.85997772216797,-8.286438941955566,23.64029884338379,-19.337724685668945,22.89307975769043,metal,1
metal.00061,3,-63.82772064208984,79.73811340332031,-51.12662124633789,50.69455337524414,-9.750815391540527,30.397035598754883,-7.9095139503479,28.71864128112793,-21.26700782775879,19.79292869567871,metal,1
metal.00061,4,-68.73417663574219,74.43547058105469,-48.61680221557617,48.342262268066406,-12.97275161743164,36.601341247558594,-5.472618579864502,25.35205841064453,-21.930646896362305,22.054386138916016,metal,1
metal.00061,5,-73.41108703613281,74.61990356445312,-45.63602066040039,49.270938873291016,-10.9381685256958,33.9123649597168,-9.502452850341797,27.387977600097656,-18.62178039550781,19.704296112060547,metal,1
metal.00061,6,-73.46341705322266,74.97643280029297,-44.82754135131836,46.72201919555664,-9.88587760925293,36.0675048828125,-8.184224128723145,29.119291305541992,-18.4429874420166,21.4774112701416,metal,1
metal.00061,7,-86.94383239746094,77.74046325683594,-39.72153854370117,52.11043548583984,-6.438553333282471,34.46438217163086,-9.69821071624756,24.744508743286133,-16.82001495361328,22.906299591064453,metal,1
metal.00061,8,-69.19676971435547,76.95182037353516,-40.89882659912109,56.14104461669922,-8.51069450378418,28.377992630004883,-8.41032886505127,24.265308380126957,-20.828950881958008,19.417898178100582,metal,1
metal.00061,9,-80.20745086669922,88.10684967041016,-44.91889190673828,51.91578674316406,-8.418357849121094,28.46551322937012,-6.464716911315918,23.085596084594727,-21.260990142822266,19.24291038513184,metal,1
metal.00062,0,-84.01181030273438,88.75127410888672,-54.742435455322266,53.89733505249024,-7.976324081420898,28.83489990234375,-14.063860893249512,20.626184463500977,-22.0126953125,25.549766540527344,metal,1
metal.00062,1,-139.08094787597656,117.09371185302734,-50.90155029296875,67.8248291015625,1.755448818206787,27.180477142333984,-9.736868858337402,14.15790843963623,-14.4523344039917,15.923262596130373,metal,1
metal.00062,2,-90.01153564453125,95.67928314208984,-51.90960311889648,51.94682312011719,-11.721365928649902,26.013471603393555,-11.471229553222656,26.92692756652832,-22.54583168029785,16.009855270385742,metal,1
metal.00062,3,-98.1141128540039,107.21958923339844,-59.48432159423828,57.24974060058594,-5.088193893432617,23.232545852661133,-2.373939514160156,27.246761322021484,-21.159461975097656,17.650745391845703,metal,1
metal.00062,4,-97.02922821044922,102.79315185546876,-58.5009994506836,56.90800857543945,-4.711029529571533,25.110645294189453,-6.633661270141602,23.151487350463867,-19.911602020263672,18.960336685180664,metal,1
metal.00062,5,-102.1467514038086,110.0264129638672,-61.29375457763672,57.72536087036133,-3.451721429824829,19.481014251708984,-5.011560916900635,25.37039566040039,-20.52531242370605,14.393173217773438,metal,1
metal.00062,6,-100.10838317871094,109.6826171875,-62.581790924072266,54.69811248779297,-6.930212497711182,19.826313018798828,-2.7232415676116943,29.04698371887207,-17.63384246826172,19.1467227935791,metal,1
metal.00062,7,-92.2198486328125,104.28850555419922,-56.76102828979492,52.492919921875,-9.737556457519531,25.02854347229004,-4.853911876678467,23.284563064575195,-21.627174377441406,15.700160026550291,metal,1
metal.00062,8,-106.11608123779295,109.08463287353516,-58.98928451538086,62.98059844970703,-5.017100811004639,17.15548324584961,-4.982751369476318,19.740873336791992,-16.4483585357666,20.47052001953125,metal,1
metal.00062,9,-99.05237579345705,107.74739837646484,-62.15898513793945,54.84966278076172,-7.586414813995361,21.280893325805664,-4.471804618835449,26.199169158935547,-18.92724227905273,18.724632263183597,metal,1
metal.00063,0,-100.01089477539062,89.61971282958984,-57.98435974121094,53.32313537597656,-3.819701194763184,31.832914352416992,-13.288518905639648,26.351856231689453,-16.509191513061523,22.84141731262207,metal,1
metal.00063,1,-87.29451751708984,91.77922821044922,-58.24456024169922,51.1699333190918,-10.571517944335938,29.49549865722656,-15.983799934387209,23.48733139038086,-12.897346496582031,26.74522399902344,metal,1
metal.00063,2,-95.61509704589844,78.19963836669922,-48.719913482666016,53.91105651855469,-5.481009483337402,34.12266540527344,-14.41407585144043,27.578027725219727,-19.459531784057617,21.89853858947754,metal,1
metal.00063,3,-95.39519500732422,86.4242172241211,-50.82796859741211,50.39395904541016,-6.776102542877197,32.221229553222656,-12.230889320373535,26.179443359375,-18.582155227661133,23.4437255859375,metal,1
metal.00063,4,-88.53667449951172,96.76776885986328,-63.34516143798828,53.04015350341797,-3.465019464492798,25.73014259338379,-13.91976261138916,25.75542449951172,-16.064743041992188,22.967788696289062,metal,1
metal.00063,5,-98.76522827148438,92.84490966796876,-54.01169967651367,52.70793151855469,-3.625796794891357,22.186616897583008,-13.834918022155762,38.53923416137695,-6.76852560043335,25.836889266967773,metal,1
metal.00063,6,-94.53748321533205,90.7672119140625,-55.012115478515625,48.03096389770508,-9.261245727539062,27.595924377441406,-10.440052032470703,29.640687942504883,-18.493629455566406,22.732223510742188,metal,1
metal.00063,7,-90.2353057861328,85.21842193603516,-53.22877883911133,50.4889030456543,-6.572347164154053,33.01755142211914,-13.718811988830566,26.67610740661621,-19.09036636352539,20.462520599365234,metal,1
metal.00063,8,-87.7542953491211,91.2960205078125,-61.582122802734375,51.06521987915039,-5.867837429046631,27.1403751373291,-15.70207405090332,26.037458419799805,-15.115013122558594,21.58018684387207,metal,1
metal.00063,9,-99.17759704589844,98.05428314208984,-58.14068984985352,53.84592056274414,-2.237476348876953,25.76076889038086,-17.485828399658203,25.36284446716309,-11.794952392578123,21.96222305297852,metal,1
metal.00064,0,-171.7118377685547,73.47283172607422,-17.791351318359375,55.81192779541016,-12.612853050231934,23.675312042236328,-11.156519889831545,24.3921012878418,-15.47133445739746,17.178071975708008,metal,1
metal.00064,1,-98.70577239990234,70.079345703125,-43.88610076904297,53.15891647338867,-13.8417329788208,20.337081909179688,-19.615482330322266,22.417869567871094,-19.878437042236328,19.0296688079834,metal,1
metal.00064,2,-99.59902954101562,94.39604949951172,-54.62381362915039,56.67717742919922,-4.525005340576172,18.96675109863281,-8.339920043945312,23.25624656677246,-10.862889289855955,21.16595458984375,metal,1
metal.00064,3,-101.45329284667967,96.2427749633789,-60.407752990722656,50.150390625,-13.346846580505373,19.7533016204834,-6.689700603485107,23.061016082763672,-14.357492446899414,20.067630767822266,metal,1
metal.00064,4,-86.77432250976562,68.83561706542969,-34.851661682128906,63.48974609375,-2.977262258529663,24.92562484741211,-24.395898818969727,21.803497314453125,-18.687084197998047,20.576719284057617,metal,1
metal.00064,5,-112.10725402832033,93.7459716796875,-54.86919403076172,62.776668548583984,-5.147272109985352,14.935785293579102,-10.58525562286377,16.532854080200195,-13.285268783569336,18.2127628326416,metal,1
metal.00064,6,-91.81023406982422,91.83516693115234,-65.89479064941406,57.27640151977539,-0.512925386428833,19.30534172058105,-11.690196990966797,18.09016227722168,-15.537107467651367,16.370065689086914,metal,1
metal.00064,7,-156.54293823242188,73.79449462890625,-19.54612159729004,48.11856460571289,-9.005782127380371,24.52318954467773,-16.034082412719727,24.268360137939453,-20.210582733154297,13.917811393737791,metal,1
metal.00064,8,-88.38037872314453,77.2632827758789,-52.26691818237305,58.5604248046875,-9.373690605163574,17.781757354736328,-17.804201126098633,21.16130256652832,-19.430992126464844,16.637144088745117,metal,1
metal.00064,9,-102.34038543701172,93.96717071533205,-50.28300857543945,61.21938705444336,-6.015848636627197,17.674076080322266,-9.341246604919434,18.912857055664062,-11.365955352783203,19.477325439453125,metal,1
metal.00065,0,-83.68018341064453,79.72333526611328,-46.16188430786133,49.008602142333984,-7.641551494598389,27.03401756286621,-2.697104454040528,28.10286521911621,-12.904884338378906,20.360239028930664,metal,1
metal.00065,1,-84.7812271118164,80.83052062988281,-40.90226745605469,53.2053108215332,-11.319537162780762,29.4558219909668,-9.627567291259766,29.28400421142578,-13.420526504516602,16.19586181640625,metal,1
metal.00065,2,-102.60315704345705,79.83753204345703,-41.95039749145508,57.37532424926758,-4.831720352172852,25.984827041625977,-6.638949394226074,25.97025489807129,-9.165297508239746,20.154529571533203,metal,1
metal.00065,3,-99.27043151855467,81.11174774169922,-41.87936019897461,56.84455490112305,-4.307698726654053,27.612180709838867,-5.194034576416016,26.29666328430176,-10.529012680053713,19.358642578125,metal,1
metal.00065,4,-95.32457733154295,76.64356994628906,-40.77611541748047,54.90751266479492,-9.854668617248535,27.952096939086918,-8.278002738952637,25.65680503845215,-12.052777290344238,18.141469955444336,metal,1
metal.00065,5,-79.94358825683594,77.97441101074219,-48.268531799316406,50.8848991394043,-11.048367500305176,29.50905990600586,-2.588062286376953,30.17252540588379,-18.026348114013672,19.183914184570312,metal,1
metal.00065,6,-91.55736541748048,70.5018310546875,-40.79943084716797,55.18928527832031,-6.017625331878662,34.34636306762695,-11.303179740905762,27.37542533874512,-12.740750312805176,20.1304988861084,metal,1
metal.00065,7,-79.24128723144531,72.10016632080078,-39.37255096435547,55.28549575805664,-8.896097183227539,33.9234619140625,-10.700542449951172,25.97601127624512,-19.393808364868164,18.181346893310547,metal,1
metal.00065,8,-80.72633361816406,66.65497589111328,-37.86962127685547,60.10984420776367,-8.586649894714355,31.68755340576172,-14.087839126586914,26.62714195251465,-16.940185546875,19.56601905822754,metal,1
metal.00065,9,-66.88554382324219,86.1845932006836,-48.75316619873047,50.57114028930664,-14.17373752593994,29.64588737487793,-10.72055435180664,24.721303939819336,-19.728973388671875,16.7486629486084,metal,1
metal.00066,0,-113.12915802001952,92.80079650878906,-43.5574951171875,69.51377868652344,-8.111051559448242,23.19989776611328,-12.213662147521973,16.484703063964844,-21.988805770874023,21.66286849975586,metal,1
metal.00066,1,-121.09893798828124,97.72537994384766,-44.30540084838867,71.58708190917969,-9.823351860046388,23.041488647460938,-5.51510763168335,20.992341995239254,-20.002010345458984,23.14611053466797,metal,1
metal.00066,2,-106.17137908935548,95.01034545898438,-38.23150253295898,65.89752197265625,-9.751470565795898,23.914722442626957,-10.967921257019045,19.55733871459961,-20.737064361572266,22.07440185546875,metal,1
metal.00066,3,-76.94020080566406,93.52053833007812,-53.68326187133789,63.07721710205078,-11.733351707458496,23.92429542541504,-12.199226379394531,23.291120529174805,-19.320161819458008,20.684953689575195,metal,1
metal.00066,4,-266.8799133300781,91.276123046875,-7.1210479736328125,50.8485221862793,-5.219778060913086,26.72987937927246,2.3794398307800293,24.035675048828125,-12.49118423461914,13.131471633911133,metal,1
metal.00066,5,-154.4095916748047,89.88262939453125,-54.605716705322266,49.62468719482422,-10.633452415466309,17.984182357788086,-6.92006778717041,24.64868927001953,-14.765015602111816,16.453397750854492,metal,1
metal.00066,6,-147.29330444335938,94.29167938232422,-42.3767204284668,58.46234893798828,-5.874069690704346,14.380615234375,-5.4473066329956055,21.53041648864746,-25.2056827545166,10.821486473083496,metal,1
metal.00066,7,-179.302978515625,93.98907470703124,-30.529935836791992,55.1500358581543,-7.280932426452637,24.432954788208008,-5.868252277374268,24.92983055114746,-17.760601043701172,14.531360626220703,metal,1
metal.00066,8,-112.25415802001952,94.39289093017578,-70.993408203125,61.88526153564453,-8.555944442749023,11.10096549987793,-7.059694766998291,20.327682495117188,-22.66297912597656,17.72862434387207,metal,1
metal.00066,9,-79.70952606201172,98.08381652832033,-53.25984954833984,51.70983505249024,-14.052556037902832,25.78125,-7.625157833099365,28.810829162597656,-19.598630905151367,15.618133544921877,metal,1
metal.00067,0,-72.12499237060547,94.86833190917967,-38.54191207885742,71.3547592163086,-3.1381404399871826,15.022144317626951,-7.144722938537598,15.098356246948242,-21.7438907623291,11.672134399414062,metal,1
metal.00067,1,-97.1423568725586,99.52041625976562,-22.72847366333008,72.6042251586914,0.8212831020355225,17.097152709960938,-8.63823413848877,16.360929489135742,-18.763578414916992,11.653894424438477,metal,1
metal.00067,2,-87.85203552246094,96.3391342163086,-38.840145111083984,78.75704193115234,-1.3418662548065186,13.385011672973633,-5.995298862457275,14.588964462280272,-19.550596237182617,10.146805763244627,metal,1
metal.00067,3,-83.69087982177734,93.87135314941406,-25.13819122314453,67.51603698730469,-0.4459702670574188,20.184064865112305,-10.433597564697266,18.79030418395996,-20.958600997924805,12.289289474487305,metal,1
metal.00067,4,-88.48274993896484,97.48356628417967,-30.694618225097656,73.09098815917969,-4.084088802337647,17.279834747314453,-7.928184986114502,16.942556381225586,-17.787628173828125,9.750606536865234,metal,1
metal.00067,5,-70.70198059082031,98.30068969726562,-44.06801986694336,64.69977569580078,-8.940774917602539,17.257078170776367,-8.409125328063965,17.383371353149414,-18.48460960388184,15.412266731262209,metal,1
metal.00067,6,-76.85047912597656,94.04138946533205,-37.73556900024414,73.57294464111328,-4.83040714263916,18.34354019165039,-14.77679443359375,15.095489501953123,-19.069719314575195,15.372713088989258,metal,1
metal.00067,7,-77.80327606201172,96.91893005371094,-40.69894027709961,73.98578643798828,-4.578749179840088,15.6529541015625,-9.973133087158203,15.621777534484863,-18.05647087097168,13.54195499420166,metal,1
metal.00067,8,-88.95205688476562,105.9659423828125,-31.84995460510254,67.58364868164062,-1.469165921211243,20.16598129272461,-10.314827919006348,12.840566635131836,-16.42913055419922,11.246088027954102,metal,1
metal.00067,9,-81.6531982421875,97.20289611816406,-34.06998062133789,72.178466796875,-5.666995048522949,19.86761283874512,-7.534177780151367,18.00579833984375,-19.86702537536621,10.429454803466797,metal,1
metal.00068,0,-98.275390625,93.2199935913086,-39.69873046875,50.70246887207031,-15.72032070159912,28.64338111877441,-13.506975173950195,23.072179794311523,-13.826043128967283,17.729782104492188,metal,1
metal.00068,1,-112.34172058105467,97.80172729492188,-43.80564498901367,56.6870346069336,-13.112128257751465,27.27266311645508,-11.794578552246094,21.205434799194336,-10.785707473754885,17.010032653808594,metal,1
metal.00068,2,-154.95266723632812,96.40223693847656,-26.850175857543945,52.62975311279297,-17.328197479248047,21.68177795410156,-9.54275131225586,23.5135555267334,-11.864603996276855,13.626705169677734,metal,1
metal.00068,3,-92.39893341064452,120.91856384277344,-44.09939956665039,55.06401443481445,-27.940460205078125,20.81707191467285,-9.783617973327637,21.25725555419922,-10.615286827087402,9.895383834838867,metal,1
metal.00068,4,-92.56155395507812,118.41854095458984,-46.36727142333984,54.16352462768555,-29.252140045166016,20.719039916992188,-9.851289749145508,21.00438690185547,-11.546210289001465,11.511402130126951,metal,1
metal.00068,5,-84.1037368774414,117.90851593017578,-41.7193717956543,54.10005187988281,-26.59319496154785,22.308141708374023,-11.121709823608398,23.347761154174805,-11.643291473388672,13.694087982177734,metal,1
metal.00068,6,-80.31978607177734,97.14134979248048,-37.28992462158203,54.1024169921875,-25.33050537109375,25.48042678833008,-17.485614776611328,22.64185333251953,-19.82770538330078,13.856927871704102,metal,1
metal.00068,7,-105.50415802001952,113.26864624023438,-43.89549255371094,56.62389373779297,-17.20451545715332,26.448917388916016,-11.930115699768066,19.595991134643555,-11.454642295837402,14.064666748046877,metal,1
metal.00068,8,-106.3498077392578,104.56810760498048,-36.65258026123047,51.14643096923828,-15.472925186157228,28.42937660217285,-15.0087308883667,20.86853408813477,-10.940903663635254,17.909055709838867,metal,1
metal.00068,9,-76.13800811767578,106.39717864990234,-47.93732833862305,44.30824661254883,-21.30217170715332,32.70213317871094,-9.4929780960083,26.324691772460938,-14.041102409362791,10.221654891967772,metal,1
metal.00069,0,-115.90813446044922,98.52064514160156,1.555016040802002,74.7231216430664,-5.978543758392334,29.73521614074707,-13.320894241333008,24.76961708068848,-11.037216186523438,22.906455993652344,metal,1
metal.00069,1,-144.18263244628906,106.89566040039062,5.714561939239502,76.0658187866211,-3.014317989349365,31.637012481689453,-7.9450297355651855,24.26380729675293,-4.742332935333252,20.610502243041992,metal,1
metal.00069,2,-115.39878845214844,116.8735122680664,-16.788833618164062,71.66581726074219,-4.63690185546875,32.161163330078125,-8.588776588439941,17.543336868286133,-0.970199465751648,17.627979278564453,metal,1
metal.00069,3,-85.8662338256836,99.92552947998048,-11.235920906066896,67.96463012695312,-6.395479679107666,30.304187774658203,-15.71800422668457,21.156715393066406,-10.25503635406494,19.746849060058597,metal,1
metal.00069,4,-117.00353240966795,125.9121322631836,-19.44184112548828,66.09986114501953,-4.888772487640381,31.62837219238281,-4.738597393035889,17.56340789794922,-3.05729603767395,18.480484008789062,metal,1
metal.00069,5,-102.0566864013672,116.00499725341795,-18.850170135498047,68.70716857910156,-7.287961006164551,27.09681510925293,-11.37778377532959,22.4896240234375,-11.217978477478027,18.500492095947266,metal,1
metal.00069,6,-111.9425811767578,108.1857452392578,-15.429323196411133,74.181640625,-2.3001997470855717,28.499252319335938,-12.243351936340332,23.44771957397461,-3.974719762802124,21.98284339904785,metal,1
metal.00069,7,-98.59900665283205,117.97698211669922,-22.12764358520508,63.704139709472656,-6.838897705078125,30.528392791748047,-7.807541847229004,23.949928283691406,-6.782623291015625,22.56598472595215,metal,1
metal.00069,8,-110.1698989868164,118.87926483154295,-15.456368446350098,67.09105682373047,-5.643240928649902,26.591630935668945,-14.422051429748535,18.45979881286621,-6.758235454559326,22.3907413482666,metal,1
metal.00069,9,-117.92544555664062,106.5840301513672,1.8917036056518557,70.66265106201172,-5.481587886810303,33.9642219543457,-11.191225051879885,22.497167587280277,-11.062149047851562,19.31332778930664,metal,1
metal.00070,0,-202.1522674560547,75.59429168701172,-14.356887817382812,49.87303924560547,-6.984107494354248,14.303892135620115,-20.32684326171875,11.799530029296877,-13.37602424621582,18.42952537536621,metal,1
metal.00070,1,-233.57177734375,52.82350158691406,-14.14930248260498,50.1086311340332,-6.427315711975098,16.98166275024414,-19.43599319458008,14.55166244506836,-15.450465202331545,16.637760162353516,metal,1
metal.00070,2,-221.7074737548828,65.83401489257812,-11.125625610351562,53.79454040527344,-6.098797798156738,14.759589195251465,-21.76776123046875,3.508775234222412,-18.477914810180664,18.29726219177246,metal,1
metal.00070,3,-225.4498443603516,67.06912994384766,-11.269037246704102,50.49363327026367,-7.94111442565918,15.50621509552002,-19.905351638793945,6.847180366516113,-13.805171966552734,18.37591552734375,metal,1
metal.00070,4,-227.4777069091797,65.69890594482422,-11.73996639251709,48.34113693237305,-11.480250358581545,18.51654815673828,-15.224045753479004,8.709325790405273,-17.8603515625,18.03717422485352,metal,1
metal.00070,5,-231.9933013916016,62.11225128173828,-12.036681175231934,51.47920608520508,-3.402602195739746,18.551494598388672,-20.98209571838379,10.27114963531494,-15.848012924194336,15.533295631408691,metal,1
metal.00070,6,-185.5377655029297,86.26984405517578,0.3743741512298584,60.29987716674805,-7.471421718597412,18.64293098449707,-18.62808609008789,16.062410354614258,-15.233475685119627,17.594440460205078,metal,1
metal.00070,7,-168.7407989501953,111.21466064453124,-8.376297950744629,67.18666076660156,-5.16795015335083,24.862873077392575,-14.927557945251465,12.696459770202637,-10.237256050109863,16.460756301879883,metal,1
metal.00070,8,-145.424072265625,81.47747802734375,-10.359335899353027,63.10294342041016,-11.271507263183594,20.432260513305664,-21.19207763671875,15.954136848449709,-15.502790451049805,24.93831443786621,metal,1
metal.00070,9,-132.80484008789062,79.50262451171875,-17.19137191772461,56.539676666259766,-14.397725105285645,25.750537872314453,-20.31103134155273,19.466312408447266,-14.227316856384276,23.45708274841309,metal,1
metal.00071,0,-119.1623077392578,77.08607482910156,-21.240854263305664,48.14604949951172,-23.02060317993164,28.284162521362305,-14.464933395385742,23.707740783691406,-9.853690147399902,24.66959953308105,metal,1
metal.00071,1,-95.91655731201172,72.20927429199219,-20.306129455566406,50.19386291503906,-20.259078979492188,26.660249710083008,-20.42910385131836,22.95584487915039,-10.601192474365234,21.66657066345215,metal,1
metal.00071,2,-83.837646484375,81.86834716796875,-26.297822952270508,52.15704727172852,-23.80950927734375,24.83712387084961,-23.11966896057129,20.079574584960938,-16.834821701049805,17.43627166748047,metal,1
metal.00071,3,-81.43505096435547,73.00349426269531,-27.002246856689453,51.33448028564453,-19.43018913269043,27.472843170166016,-19.11931800842285,24.85491943359375,-15.130653381347656,20.68148231506348,metal,1
metal.00071,4,-80.84649658203125,71.9417953491211,-24.3582820892334,53.11803436279297,-21.006437301635746,27.138790130615234,-19.738149642944336,22.76603889465332,-13.51133155822754,20.812101364135746,metal,1
metal.00071,5,-99.18248748779295,77.60536193847656,-22.791675567626957,45.965328216552734,-29.25789833068848,27.045289993286133,-16.17865753173828,24.63762092590332,-12.48044204711914,21.381975173950195,metal,1
metal.00071,6,-63.19523620605469,83.82595825195312,-22.92623519897461,49.90984344482422,-26.32166862487793,31.95404052734375,-15.139230728149414,25.5891056060791,-12.710210800170898,23.154754638671875,metal,1
metal.00071,7,-53.31289291381836,90.23897552490234,-30.86203384399414,37.13249588012695,-25.239702224731445,30.195646286010746,-14.167542457580566,21.035621643066406,-15.070531845092772,22.295095443725582,metal,1
metal.00071,8,-58.365482330322266,88.70223999023438,-26.69901657104492,42.74372100830078,-24.24687957763672,25.445947647094727,-16.657636642456055,23.158241271972656,-15.52847671508789,21.119821548461918,metal,1
metal.00071,9,-54.03353500366211,95.03395080566406,-25.83221435546875,42.80462646484375,-27.2329216003418,28.1739559173584,-17.84810447692871,16.807477951049805,-16.652297973632812,24.69408226013184,metal,1
metal.00072,0,-33.65757369995117,95.04930877685548,-39.590370178222656,69.9361801147461,-15.506105422973633,27.633514404296875,-10.280054092407228,27.20866584777832,-13.991019248962402,8.662372589111328,metal,1
metal.00072,1,-37.51713562011719,97.18782806396484,-33.97056198120117,56.51346206665039,-13.547470092773438,27.477693557739254,-10.118008613586426,23.616962432861328,-15.554436683654783,14.727129936218262,metal,1
metal.00072,2,-34.86366653442383,93.37118530273438,-31.279088973999023,65.79515075683594,-12.198564529418944,27.68409538269043,-13.517797470092772,23.87495422363281,-15.8226900100708,12.443058013916016,metal,1
metal.00072,3,-37.14680862426758,93.29219818115234,-34.37082290649414,65.60560607910156,-9.580504417419434,25.844575881958008,-10.136943817138672,25.88797378540039,-14.663558959960938,11.531152725219728,metal,1
metal.00072,4,-36.6007080078125,95.63036346435548,-35.27592468261719,62.44713973999024,-15.181888580322266,26.13064384460449,-8.0689058303833,26.59126281738281,-11.776822090148926,13.973319053649902,metal,1
metal.00072,5,-28.97092628479004,94.40381622314452,-35.32233810424805,64.58061981201172,-11.835697174072266,26.76325416564941,-12.231961250305176,23.89337158203125,-11.81620979309082,14.010422706604004,metal,1
metal.00072,6,-25.51373291015625,90.20626068115234,-45.02268600463867,58.53606033325195,-10.010300636291504,30.713672637939453,-11.202642440795898,22.2453670501709,-14.263044357299805,15.258843421936035,metal,1
metal.00072,7,-39.06209564208984,93.1841812133789,-31.57533073425293,63.79472732543945,-10.495902061462402,25.466720581054688,-13.436015129089355,22.16587829589844,-12.427263259887695,15.877426147460938,metal,1
metal.00072,8,-35.4039306640625,93.73798370361328,-35.48199462890625,62.7918586730957,-11.426358222961426,27.884559631347656,-9.667380332946776,24.408355712890625,-10.782983779907228,15.57923698425293,metal,1
metal.00072,9,-44.88671875,95.85027313232422,-31.475053787231445,60.73518753051758,-9.287775993347168,26.72524642944336,-10.766802787780762,23.44734001159668,-11.14522933959961,16.399520874023438,metal,1
metal.00073,0,1.8273005485534668,72.30236053466797,-17.02058982849121,56.0057373046875,-1.408557415008545,29.64508438110352,-6.801465034484863,29.82804298400879,-10.984084129333496,18.339006423950195,metal,1
metal.00073,1,-5.69507360458374,71.7221908569336,-18.29473114013672,57.86697006225586,-0.5914170742034912,35.51907730102539,-8.040092468261719,30.20378875732422,-15.070013999938965,21.264923095703125,metal,1
metal.00073,2,-1.048537015914917,80.92227172851562,-19.715362548828125,49.24892425537109,-7.295558929443359,32.185237884521484,-6.707183837890625,34.471160888671875,-11.780366897583008,21.23592758178711,metal,1
metal.00073,3,-4.606899261474609,78.3565673828125,-16.803361892700195,59.33805465698242,-2.0029869079589844,32.32701873779297,-11.546552658081056,30.147146224975582,-14.969179153442385,21.359603881835938,metal,1
metal.00073,4,6.1312575340271,71.79821014404297,-17.38142967224121,58.07503509521485,-2.0278196334838867,29.219636917114254,-11.901766777038574,28.180992126464844,-12.493431091308594,20.42728805541992,metal,1
metal.00073,5,10.954092025756836,88.9379653930664,-16.860689163208008,57.040977478027344,-8.537033081054688,32.47492980957031,-11.104681968688965,24.283897399902344,-16.938135147094727,16.397356033325195,metal,1
metal.00073,6,0.7195582985877991,82.55674743652344,-18.381650924682617,62.1733627319336,3.037921905517578,29.82370376586914,-10.206116676330566,26.273813247680664,-14.134198188781738,15.048137664794922,metal,1
metal.00073,7,2.7597484588623047,77.19583892822266,-21.441368103027344,66.000244140625,8.076591491699219,25.531373977661133,-6.116979598999023,29.08528709411621,-16.992124557495117,14.072592735290527,metal,1
metal.00073,8,5.422762393951416,78.70904541015625,-19.583154678344727,62.74360656738281,4.3516845703125,25.688705444335938,-9.312671661376951,24.71142196655273,-14.088226318359377,15.59392261505127,metal,1
metal.00073,9,7.288517951965332,76.05387878417969,-17.252178192138672,57.34685897827149,6.533633232116699,22.58504676818848,-3.231590509414673,25.836938858032227,-14.532978057861328,15.66843032836914,metal,1
metal.00074,0,-213.43898010253903,78.018798828125,-23.28034400939941,78.64068603515625,-15.804850578308104,36.88482284545898,-9.4906644821167,25.95261001586914,-10.796053886413574,18.219554901123047,metal,1
metal.00074,1,-229.57257080078125,94.97055053710938,-30.300874710083008,83.48719787597656,-13.658650398254396,31.994365692138672,-6.351994037628174,21.00538444519043,-7.626770973205566,16.65695571899414,metal,1
metal.00074,2,-213.61631774902344,88.4614028930664,-25.330183029174805,78.11432647705078,-17.23532485961914,36.74160003662109,-11.414405822753906,24.36785316467285,-9.23257064819336,16.89134979248047,metal,1
metal.00074,3,-193.00701904296875,65.27241516113281,-13.344616889953612,69.843505859375,-12.827759742736816,37.0224494934082,-17.800615310668945,25.95050621032715,-14.98892879486084,18.121570587158203,metal,1
metal.00074,4,-204.5544891357422,73.3291015625,-14.4851655960083,70.15774536132812,-8.474777221679688,36.31036758422852,-14.060571670532228,23.939817428588867,-14.25731372833252,17.762054443359375,metal,1
metal.00074,5,-207.00440979003903,67.67804718017578,-7.087803363800049,65.03411865234375,-10.538835525512695,44.03470230102539,-11.519798278808594,27.45531845092773,-13.059940338134766,15.040189743041992,metal,1
metal.00074,6,-177.96832275390625,82.5061264038086,-13.037487030029297,53.38517761230469,-18.4766902923584,35.14202117919922,-8.709549903869629,22.06745719909668,-16.819936752319336,17.986364364624023,metal,1
metal.00074,7,-192.8881683349609,86.63892364501953,-9.625718116760254,56.13105773925781,-14.37132740020752,37.7161750793457,-13.243422508239746,23.24188995361328,-12.65805435180664,17.767425537109375,metal,1
metal.00074,8,-197.5857086181641,62.78117752075195,-7.029708862304688,76.13626861572266,-10.339824676513672,40.9274787902832,-11.961018562316896,23.409469604492188,-13.021323204040527,17.672266006469727,metal,1
metal.00074,9,-187.32977294921875,74.94086456298828,-10.18674659729004,63.18490219116211,-13.10879898071289,38.6550407409668,-10.592662811279297,24.952911376953125,-15.501575469970703,16.038761138916016,metal,1
metal.00075,0,7.965246677398682,90.47062683105467,-24.312917709350582,51.0760498046875,-1.8079373836517332,20.8466796875,-8.925871849060059,29.832263946533203,-7.670633792877197,17.399688720703125,metal,1
metal.00075,1,14.335736274719238,89.46941375732422,-24.045413970947266,49.86423110961914,-4.690377235412598,23.5358943939209,-8.43301010131836,29.43953514099121,-7.43502950668335,18.728668212890625,metal,1
metal.00075,2,9.329058647155762,94.30042266845705,-25.03997802734375,56.855995178222656,-0.0623122006654739,20.063343048095703,-6.702937126159668,27.22684860229492,-13.228767395019531,11.979012489318848,metal,1
metal.00075,3,7.749998092651367,99.24436950683594,-20.276952743530277,50.40543746948242,-5.177485466003418,21.910768508911133,-10.15890884399414,27.822559356689453,-9.20631217956543,12.52163791656494,metal,1
metal.00075,4,-7.808931827545166,100.56217193603516,-25.046646118164062,60.29782104492188,-0.3188234865665436,22.07697296142578,-12.976506233215332,25.150070190429688,-9.643463134765623,11.56894302368164,metal,1
metal.00075,5,-72.26261138916016,123.3698501586914,-11.496768951416016,58.47094345092773,-0.1945312470197677,19.568994522094727,-11.50039291381836,15.915061950683594,-13.741902351379396,12.280811309814451,metal,1
metal.00075,6,-109.38306427001952,128.86070251464844,-3.930403709411621,56.5320930480957,-0.4968171417713165,18.84799194335937,-16.92693328857422,14.187338829040527,-12.364849090576172,20.239839553833008,metal,1
metal.00075,7,-77.26782989501953,109.90686798095705,3.4656193256378174,56.446685791015625,-7.5253472328186035,27.57256317138672,-17.380596160888672,15.373270988464355,-11.72272777557373,19.7630615234375,metal,1
metal.00075,8,-100.34269714355467,104.61334228515624,0.9255657196044922,62.86385345458984,-2.563792943954468,24.808263778686523,-16.592435836791992,19.598787307739254,-13.630330085754396,16.871952056884766,metal,1
metal.00075,9,-84.45108795166016,123.374755859375,-22.121810913085938,56.06674575805664,1.0254417657852173,11.873988151550291,-17.255107879638672,27.008373260498047,-13.32153606414795,9.773831367492676,metal,1
metal.00076,0,-160.87046813964844,99.5444793701172,-67.7162857055664,80.36701965332031,-39.03131866455078,14.141691207885742,-19.652009963989254,15.23024559020996,-10.68946647644043,11.414247512817385,metal,1
metal.00076,1,-159.9772186279297,100.04869842529295,-67.09263610839844,80.91661834716797,-37.50053405761719,16.096885681152344,-18.33733940124512,14.225903511047363,-9.552084922790527,11.87116241455078,metal,1
metal.00076,2,-106.79019927978516,79.57546997070312,-38.85819625854492,69.94361114501953,-22.904916763305664,18.41851043701172,-14.32546615600586,18.147689819335938,-10.565566062927246,14.575675010681152,metal,1
metal.00076,3,-79.14115142822266,66.29965209960938,-14.58102035522461,71.7065658569336,-13.294607162475586,30.74424171447754,-17.495920181274414,30.0527458190918,-13.84615421295166,25.280601501464844,metal,1
metal.00076,4,-73.31674194335938,71.85702514648438,-25.483421325683597,65.74801635742188,-14.518773078918455,26.043113708496094,-12.704687118530272,29.53632164001465,-13.445167541503906,22.991220474243164,metal,1
metal.00076,5,-86.17005920410156,75.553466796875,-23.55832290649414,69.76688385009766,-12.058331489562988,22.743106842041016,-11.39350414276123,24.095556259155277,-10.16683292388916,21.81053924560547,metal,1
metal.00076,6,-86.75360870361328,74.4716796875,-21.908737182617188,71.38138580322266,-14.881200790405272,24.92205810546875,-13.466572761535645,25.28537368774414,-11.639819145202637,21.332321166992188,metal,1
metal.00076,7,-91.01687622070312,76.27494049072266,-22.98555374145508,69.17613983154297,-12.366689682006836,24.51321792602539,-11.059677124023438,24.517248153686523,-9.129971504211426,22.50208854675293,metal,1
metal.00076,8,-75.41615295410156,63.20751953125,-16.873769760131836,69.70393371582031,-14.0525484085083,27.23223876953125,-16.17649269104004,28.29083824157715,-13.881114959716797,23.69450187683105,metal,1
metal.00076,9,-102.5035629272461,73.7740478515625,-14.11931324005127,66.5084457397461,-9.848832130432127,26.264732360839844,-10.379253387451172,26.493776321411133,-9.993160247802734,22.991153717041016,metal,1
metal.00077,0,-47.60660171508789,86.03939056396484,-29.887725830078125,65.99617004394531,-25.37947654724121,29.979679107666016,-20.7496395111084,21.589080810546875,-11.108649253845217,18.84417533874512,metal,1
metal.00077,1,-39.87350845336914,77.18154907226562,-24.794700622558597,67.5809097290039,-19.107084274291992,31.01422119140625,-16.629974365234375,24.6834659576416,-16.798789978027344,18.608264923095703,metal,1
metal.00077,2,-20.755279541015625,82.63450622558594,-33.25925827026367,54.83354187011719,-27.19649124145508,41.44435119628906,-17.44540786743164,24.94192886352539,-14.143514633178713,15.152047157287598,metal,1
metal.00077,3,-33.00217819213867,92.62129974365234,-40.7552490234375,52.42905044555664,-38.558990478515625,42.26603698730469,-5.109199047088623,23.81200408935547,-13.876822471618652,15.06719970703125,metal,1
metal.00077,4,-38.33316802978516,90.28766632080078,-27.296411514282227,61.17529296875,-30.50381088256836,32.732364654541016,-23.95392608642578,18.23345947265625,-12.588309288024902,28.515764236450195,metal,1
metal.00077,5,-40.74831008911133,95.54527282714844,-22.77479362487793,59.13052368164063,-39.76588821411133,29.15483856201172,-14.59572410583496,24.50870704650879,-21.25177383422852,15.788382530212402,metal,1
metal.00077,6,-58.74485397338867,89.95348358154297,-19.3322868347168,72.17195129394531,-25.630258560180664,32.143531799316406,-23.659591674804688,22.69178771972656,-13.548666000366213,20.90178871154785,metal,1
metal.00077,7,-42.9473876953125,88.98099517822266,-27.131332397460938,65.00106811523438,-21.38470268249512,32.10797500610352,-23.105758666992188,22.362319946289062,-13.85678482055664,19.683977127075195,metal,1
metal.00077,8,-52.20725631713867,82.49205017089844,-27.45942687988281,68.2015380859375,-18.96956443786621,25.642004013061523,-25.347148895263672,19.15912628173828,-11.271525382995604,22.55931663513184,metal,1
metal.00077,9,-47.30442428588867,85.61231994628906,-23.650503158569336,61.013427734375,-24.572059631347656,28.158672332763672,-20.071758270263672,20.802038192749023,-15.7974214553833,21.291128158569336,metal,1
metal.00078,0,-11.890456199645996,71.47386169433594,-16.053625106811523,58.45070266723633,-2.9652719497680664,39.6492805480957,-10.443010330200195,35.14253234863281,-10.460418701171877,20.713762283325195,metal,1
metal.00078,1,-10.551420211791992,70.47435760498047,-12.75471019744873,58.097293853759766,-3.3354380130767822,37.69975280761719,-9.760062217712402,34.04092788696289,-8.819670677185059,22.29497337341309,metal,1
metal.00078,2,-24.31865501403809,86.9471206665039,-20.10256576538086,66.74588012695312,-2.894967794418335,31.91878318786621,-6.059559345245361,26.443517684936523,-4.467827796936035,14.556565284729004,metal,1
metal.00078,3,-0.807525634765625,65.10498809814453,-15.242868423461914,53.54537582397461,-3.639859914779663,37.95397186279297,-5.872692108154297,35.82879638671875,-9.567696571350098,21.963796615600582,metal,1
metal.00078,4,0.8800684809684753,70.46685028076172,-16.751005172729492,55.293975830078125,-0.0714056715369224,32.04795455932617,-11.803205490112305,36.7962532043457,-10.3170166015625,22.90604782104492,metal,1
metal.00078,5,5.1289963722229,70.76136016845703,-11.403115272521973,53.77865982055664,-1.800567865371704,34.052268981933594,-11.991988182067873,32.06966018676758,-11.94021701812744,21.060361862182617,metal,1
metal.00078,6,3.7977511882781982,68.37001037597656,-13.97577667236328,57.45710372924805,1.454899549484253,32.22097396850586,-7.352458953857422,32.590972900390625,-9.747556686401367,20.629653930664062,metal,1
metal.00078,7,6.593535423278809,83.01912689208984,-22.52597999572754,50.88716125488281,-4.488073348999023,31.695650100708008,-5.1510419845581055,32.80437088012695,-13.512248992919922,21.19194793701172,metal,1
metal.00078,8,-0.5942777395248413,81.9499282836914,-15.61120319366455,54.572025299072266,-4.388224124908447,31.626623153686523,-10.276056289672852,31.833236694335938,-10.777512550354004,21.684518814086918,metal,1
metal.00078,9,12.510269165039062,68.17683410644531,-16.042417526245117,51.259578704833984,1.512332797050476,32.95786666870117,-6.255688667297363,31.393184661865234,-9.173431396484377,22.90237808227539,metal,1
metal.00079,0,-82.58805847167969,71.75843048095703,-42.10222244262695,53.64356994628906,-15.157658576965332,38.59850311279297,-13.65577507019043,19.558616638183597,-16.598806381225586,16.926509857177734,metal,1
metal.00079,1,-73.63787841796875,77.28673553466797,-37.298370361328125,55.32952880859375,-5.272187232971191,38.70752716064453,-15.916873931884766,25.02524757385254,-18.24803352355957,20.714099884033203,metal,1
metal.00079,2,-83.16576385498047,92.14293670654295,-45.7216796875,61.3336181640625,-5.728063106536865,35.569793701171875,-15.959257125854492,21.17000389099121,-14.17160701751709,15.995147705078123,metal,1
metal.00079,3,-73.1196517944336,80.90278625488281,-39.45695114135742,56.17986297607422,-5.401919841766357,38.28649139404297,-16.370576858520508,23.170759201049805,-19.597469329833984,18.9998836517334,metal,1
metal.00079,4,-75.40950775146484,83.8034439086914,-37.99819564819336,56.124053955078125,-7.663934230804443,38.800567626953125,-9.801182746887209,23.288236618041992,-14.993350982666016,18.394067764282227,metal,1
metal.00079,5,-53.7527961730957,88.24848937988281,-44.87065505981445,53.40138244628906,-10.23653793334961,34.22491455078125,-15.512413024902344,21.71354866027832,-19.706987380981445,17.0380802154541,metal,1
metal.00079,6,-70.00369262695312,73.24291229248047,-46.129974365234375,52.91007995605469,-16.089847564697266,35.44213104248047,-18.02695846557617,20.44879722595215,-16.860103607177734,16.970962524414062,metal,1
metal.00079,7,-85.45841217041016,80.82890319824219,-38.473175048828125,53.44984436035156,-8.91576862335205,37.3079719543457,-15.757957458496094,17.21292495727539,-21.000452041625977,12.460241317749023,metal,1
metal.00079,8,-66.55935668945312,83.6444320678711,-41.6809196472168,58.610389709472656,-7.657819747924805,38.62301635742188,-14.712821006774902,20.96085929870605,-15.659770011901855,16.712095260620117,metal,1
metal.00079,9,-87.1400375366211,63.89690399169922,-38.05875015258789,49.64067840576172,-17.012557983398438,39.92863845825195,-16.478492736816406,19.69417381286621,-19.72993469238281,14.440245628356934,metal,1
metal.00080,0,-103.4945068359375,70.0634536743164,-12.432870864868164,53.02365493774414,-5.464678287506104,37.82598114013672,-16.474170684814453,32.47967529296875,-13.026068687438965,17.23275375366211,metal,1
metal.00080,1,-112.1624984741211,72.81074523925781,-14.864203453063965,55.51749420166016,-0.5066812634468079,36.085262298583984,-17.76812744140625,31.683748245239254,-10.109557151794434,17.15815544128418,metal,1
metal.00080,2,-96.88256072998048,65.05659484863281,-9.097896575927734,54.235801696777344,-2.12552547454834,38.23404312133789,-15.361234664916992,29.115467071533203,-15.486528396606444,18.96613883972168,metal,1
metal.00080,3,-38.60029983520508,84.41471099853516,-29.05281639099121,44.85710525512695,-15.42592430114746,36.25564193725586,-20.49581527709961,30.118209838867188,-8.925411224365234,23.75298309326172,metal,1
metal.00080,4,-46.50960159301758,84.45680236816406,-24.467788696289062,54.3913688659668,-15.25355052947998,35.64655685424805,-20.62169647216797,23.43353080749512,-13.407423973083496,24.60026741027832,metal,1
metal.00080,5,-88.37106323242188,75.97396087646484,-13.087346076965332,61.04576873779297,-7.380697250366211,38.23690032958984,-17.583799362182617,27.47813034057617,-12.52809715270996,20.375926971435547,metal,1
metal.00080,6,-85.14820861816406,75.79219818115234,-12.59168815612793,59.27943801879883,-5.001248359680176,37.56340789794922,-17.923770904541016,27.147724151611328,-12.816000938415527,20.83142852783203,metal,1
metal.00080,7,-92.9523468017578,71.85810852050781,-10.540397644042969,64.09587860107422,-7.125881671905518,38.053260803222656,-17.58131217956543,27.46479797363281,-12.390745162963867,19.735883712768555,metal,1
metal.00080,8,-47.37313079833984,64.41226959228516,-14.220635414123535,59.74818801879883,-10.861196517944336,40.99812316894531,-17.429420471191406,27.380355834960938,-12.69314670562744,19.68743896484375,metal,1
metal.00080,9,-25.984664916992188,84.52740478515625,-27.155723571777344,53.563663482666016,-11.239819526672363,29.55508804321289,-24.796232223510746,25.072132110595703,-10.545825004577637,21.716157913208008,metal,1
metal.00081,0,-19.9307804107666,111.30083465576172,-53.62424850463867,42.12007141113281,-22.390989303588867,28.119836807250977,-17.809101104736328,27.071815490722656,-15.725465774536133,18.239625930786133,metal,1
metal.00081,1,-23.016284942626957,115.93305206298828,-52.10993194580078,44.98028945922852,-25.66155815124512,28.267940521240234,-13.76248550415039,28.9675235748291,-16.87374496459961,16.668315887451172,metal,1
metal.00081,2,-20.095224380493164,121.39739227294922,-56.47492599487305,41.47969436645508,-22.837379455566406,28.180349349975582,-15.876255989074709,25.587366104125977,-17.714033126831055,18.78125762939453,metal,1
metal.00081,3,-25.96483039855957,117.45122528076172,-53.61043548583984,44.249053955078125,-27.687240600585938,26.246183395385746,-17.32485580444336,27.053050994873047,-19.24812126159668,16.484386444091797,metal,1
metal.00081,4,-10.386478424072266,119.8675308227539,-55.52267456054688,44.58917617797852,-25.11590003967285,29.706621170043945,-14.703330993652344,30.174118041992188,-19.203144073486328,21.97028160095215,metal,1
metal.00081,5,-8.099780082702637,122.40064239501952,-58.49660873413086,42.42066955566406,-20.46342086791992,31.931373596191406,-14.033178329467772,28.5880069732666,-19.743528366088867,22.362754821777344,metal,1
metal.00081,6,-6.73499059677124,116.54337310791016,-54.81153106689453,43.71888732910156,-23.05070304870605,30.155885696411133,-16.587154388427734,29.532495498657227,-19.08308219909668,24.359161376953125,metal,1
metal.00081,7,-12.174308776855469,116.42423248291016,-57.04918670654297,42.83893966674805,-20.34029769897461,31.087785720825195,-14.691254615783691,30.375961303710938,-19.97977066040039,23.836793899536133,metal,1
metal.00081,8,-24.99446678161621,122.13152313232422,-46.27806854248047,44.16455459594727,-22.964433670043945,29.42802619934082,-15.857014656066896,29.31014060974121,-17.538557052612305,22.172393798828125,metal,1
metal.00081,9,-48.31163024902344,136.0028839111328,-44.48610305786133,47.40819549560547,-15.735880851745604,24.288663864135746,-15.89999294281006,23.88785552978516,-16.138660430908203,14.71170425415039,metal,1
metal.00082,0,-58.54439163208008,112.46540069580078,-43.44906997680664,53.674991607666016,-28.047182083129883,27.362672805786133,-9.496542930603027,18.890846252441406,-7.5202956199646,13.653995513916016,metal,1
metal.00082,1,-65.9486312866211,101.32776641845705,-36.76022720336914,56.00556564331055,-20.69998550415039,26.855932235717773,-15.153048515319824,21.221593856811523,-14.101447105407717,11.626487731933594,metal,1
metal.00082,2,-71.07035827636719,96.54109191894533,-34.947654724121094,55.473270416259766,-18.828702926635746,29.42481803894043,-15.040679931640623,21.07913017272949,-14.440142631530762,12.15959644317627,metal,1
metal.00082,3,-62.990909576416016,103.0684814453125,-39.62182235717773,50.08001708984375,-23.36166763305664,31.09537696838379,-11.69204330444336,14.260668754577637,-17.298967361450195,12.928007125854492,metal,1
metal.00082,4,-65.50990295410156,102.79813385009766,-44.52621841430664,61.36210632324219,-21.91339874267578,27.87613868713379,-10.719039916992188,18.084611892700195,-15.230220794677734,11.614567756652832,metal,1
metal.00082,5,-54.51342010498047,104.30974578857422,-39.36531066894531,55.21605682373047,-25.35497283935547,28.41557502746582,-8.076030731201172,19.595853805541992,-17.55064582824707,10.24036979675293,metal,1
metal.00082,6,-61.9215202331543,100.65961456298828,-48.5605697631836,61.47344207763672,-23.612680435180664,26.126821517944336,-13.934221267700195,16.3206844329834,-15.4312162399292,9.641768455505373,metal,1
metal.00082,7,-64.89866638183594,104.4083251953125,-49.87241363525391,61.642704010009766,-20.90398979187012,24.65729713439941,-11.978178024291992,16.64221954345703,-15.251943588256836,11.56915283203125,metal,1
metal.00082,8,-49.805641174316406,94.94739532470705,-35.95724105834961,51.71699905395508,-24.546743392944336,29.509748458862305,-14.86889362335205,18.993593215942383,-18.98788452148437,13.365428924560549,metal,1
metal.00082,9,-24.03413391113281,96.4526596069336,-44.58892059326172,47.46459579467773,-28.60381317138672,32.78581619262695,-12.881818771362305,19.03092765808105,-21.04766082763672,14.4413480758667,metal,1
metal.00083,0,-25.562049865722656,113.20790100097656,-38.664588928222656,62.34713745117188,-19.27080535888672,14.283296585083008,-20.92717933654785,18.37078857421875,-16.05769157409668,15.069263458251951,metal,1
metal.00083,1,-19.237897872924805,108.246337890625,-33.79671859741211,65.23148345947266,-21.54328346252441,17.87501335144043,-23.58489990234375,14.706238746643066,-23.37855529785156,13.34731674194336,metal,1
metal.00083,2,-17.552480697631836,105.28399658203124,-31.250469207763672,63.24013519287109,-18.865737915039062,17.954057693481445,-23.12605094909668,15.73315143585205,-21.516342163085938,15.682650566101074,metal,1
metal.00083,3,-18.28942108154297,102.19288635253906,-31.02059364318848,63.73126602172852,-20.37104606628418,19.326749801635746,-23.574920654296875,19.357879638671875,-21.0302848815918,17.064088821411133,metal,1
metal.00083,4,-42.21564102172852,109.7214813232422,-30.447513580322266,76.48493194580078,-12.661157608032228,18.64422607421875,-17.481975555419922,17.341564178466797,-17.165828704833984,14.915080070495604,metal,1
metal.00083,5,-31.15016365051269,100.42095947265624,-27.71628189086914,72.24166107177734,-17.45528793334961,20.811546325683597,-16.752662658691406,20.95873260498047,-17.55657958984375,15.527214050292969,metal,1
metal.00083,6,-32.407936096191406,98.96478271484376,-27.75794219970703,72.56716918945312,-14.618846893310549,20.77386474609375,-14.53171730041504,21.375131607055664,-16.102909088134766,14.939373970031738,metal,1
metal.00083,7,-43.61986541748047,106.5171890258789,-30.248685836791992,76.59884643554688,-12.39964485168457,20.517932891845703,-13.673559188842772,19.916980743408203,-16.4227237701416,11.672528266906738,metal,1
metal.00083,8,-26.62177085876465,83.39611053466797,-19.16944122314453,76.31069946289062,-14.9452486038208,23.778335571289062,-19.325578689575195,21.982797622680664,-20.37186622619629,18.751333236694336,metal,1
metal.00083,9,-39.4228401184082,94.89602661132812,-23.686880111694336,71.991943359375,-12.538294792175291,23.53632354736328,-13.176929473876951,24.098129272460938,-15.833723068237305,19.12296485900879,metal,1
metal.00084,0,-0.1878152638673782,87.5811996459961,-35.22591018676758,53.15012741088867,-17.6767578125,25.447214126586918,-12.076452255249023,18.222288131713867,-5.562751770019531,17.018953323364258,metal,1
metal.00084,1,-9.055095672607422,94.83416748046876,-33.373512268066406,44.16460418701172,-13.147209167480469,27.598005294799805,-11.170171737670898,22.098804473876957,-5.371493816375732,15.20922565460205,metal,1
metal.00084,2,-9.18735694885254,93.62444305419922,-34.65897750854492,50.27518844604492,-17.812414169311523,26.20606803894043,-15.8137845993042,23.920604705810547,-6.496582984924316,22.16433906555176,metal,1
metal.00084,3,14.463231086730955,91.20425415039062,-32.38890838623047,46.4991455078125,-13.494120597839355,24.213552474975582,-14.487471580505373,13.750481605529783,-9.733548164367676,16.194955825805664,metal,1
metal.00084,4,32.34332656860352,85.99321746826172,-32.254241943359375,41.41572952270508,-12.052631378173828,20.255828857421875,-10.797269821166992,13.621902465820312,-6.954592704772949,12.33913230895996,metal,1
metal.00084,5,2.1728994846343994,94.10430145263672,-31.547607421875,44.10135269165039,-17.403837203979492,23.94659423828125,-15.221651077270508,15.805160522460938,-7.371125221252441,16.688735961914062,metal,1
metal.00084,6,-8.871235847473145,99.32494354248048,-30.067352294921875,44.34771347045898,-16.08132553100586,25.623065948486328,-12.735614776611328,18.81757354736328,-4.741765022277832,19.28804588317871,metal,1
metal.00084,7,-10.869043350219728,90.62543487548828,-27.6029052734375,38.97189712524414,-17.3571720123291,30.40254783630371,-10.449151992797852,24.56949234008789,-7.015286922454834,20.917951583862305,metal,1
metal.00084,8,-6.161963939666748,105.4521942138672,-32.77946090698242,44.70114135742188,-16.048614501953125,30.54226875305176,-9.926767349243164,23.440656661987305,-6.874539375305176,19.40446662902832,metal,1
metal.00084,9,-4.269885063171387,102.12041473388672,-37.71831512451172,50.720123291015625,-14.24281120300293,28.171831130981445,-14.431999206542969,25.37222671508789,-11.44420051574707,16.199155807495117,metal,1
metal.00085,0,-85.14119720458984,80.15909576416016,-27.602134704589844,55.00912094116211,-18.25516891479492,27.811111450195312,-20.79465103149414,16.413469314575195,-5.414766788482666,9.031338691711426,metal,1
metal.00085,1,-67.28533935546875,85.79206848144531,-41.58771133422852,51.297142028808594,-21.268178939819336,30.960723876953125,-21.59041404724121,12.549506187438965,-1.833637237548828,7.269916534423828,metal,1
metal.00085,2,-58.57348251342773,92.61785888671876,-37.68107604980469,45.934120178222656,-24.64453125,29.231550216674805,-17.465774536132812,12.270124435424805,-4.83238697052002,8.9679594039917,metal,1
metal.00085,3,-61.82930374145508,83.16880798339844,-38.49597930908203,50.43622589111328,-18.848031997680664,28.53641891479492,-22.95860481262207,12.60488224029541,-7.359433174133301,9.863868713378906,metal,1
metal.00085,4,-29.41484260559082,88.02056884765625,-30.799909591674805,50.05164337158203,-19.33260536193848,30.269556045532227,-24.51873588562012,16.887372970581055,-16.227123260498047,11.26345157623291,metal,1
metal.00085,5,-26.38891220092773,92.4619140625,-23.68600845336914,49.80262756347656,-16.670146942138672,28.04266929626465,-27.363428115844727,15.400675773620604,-15.288010597229004,10.941289901733398,metal,1
metal.00085,6,-31.41972541809082,84.5397720336914,-24.620126724243164,47.70892333984375,-13.730831146240234,32.16522216796875,-29.21284866333008,18.645971298217773,-13.27199935913086,14.394373893737791,metal,1
metal.00085,7,-11.51009464263916,88.74176788330078,-42.84970474243164,51.35188674926758,-21.881908416748047,31.40251350402832,-29.2290153503418,24.11594009399414,-12.768582344055176,18.43648910522461,metal,1
metal.00085,8,-64.2322769165039,91.53237915039062,-42.95478820800781,55.79235076904297,-16.295534133911133,29.809907913208008,-20.70701026916504,16.00583267211914,-3.418257474899292,10.812756538391112,metal,1
metal.00085,9,-32.434326171875,85.3802261352539,-41.42961502075195,46.09989929199219,-14.708769798278809,23.47150611877441,-25.269947052001957,15.96128273010254,-12.81314754486084,9.503703117370604,metal,1
metal.00086,0,-85.02303314208984,91.96430206298828,-38.34750747680664,52.721153259277344,-22.98942375183105,30.70033836364746,-15.014389038085938,23.337007522583008,-17.83982276916504,21.298433303833008,metal,1
metal.00086,1,-111.7674560546875,88.90186309814453,-21.833192825317383,50.82101821899414,-20.473651885986328,28.43759155273437,-15.26491641998291,23.548452377319336,-18.77923011779785,20.132230758666992,metal,1
metal.00086,2,-118.0806655883789,94.97540283203124,-26.70015525817871,56.39455795288086,-19.40392303466797,34.98085403442383,-17.281015396118164,15.326730728149414,-18.91602897644043,23.63435173034668,metal,1
metal.00086,3,-122.9956512451172,99.50416564941406,-22.55179214477539,52.51074600219727,-25.74221992492676,29.15973854064941,-13.698822021484377,21.228883743286133,-19.660205841064453,21.477468490600582,metal,1
metal.00086,4,-104.86637878417967,88.29369354248047,-29.422168731689453,57.4498405456543,-20.810213088989254,29.21461296081543,-19.0374698638916,20.357696533203125,-20.344057083129883,23.66486167907715,metal,1
metal.00086,5,-98.7687530517578,93.8711395263672,-35.472023010253906,58.33920669555664,-17.590410232543945,23.00971984863281,-20.964134216308597,23.3383903503418,-16.23961639404297,19.027103424072266,metal,1
metal.00086,6,-72.54039001464844,91.97027587890624,-37.41193771362305,51.301490783691406,-30.265724182128903,25.38819122314453,-16.31594467163086,19.644872665405277,-18.35382652282715,26.053977966308597,metal,1
metal.00086,7,-87.42680358886719,88.26092529296875,-39.60878372192383,56.646270751953125,-23.507219314575195,23.82386589050293,-19.99850273132324,19.261234283447266,-18.340978622436523,22.93233299255371,metal,1
metal.00086,8,-84.2807388305664,88.4113998413086,-36.923316955566406,54.02522659301758,-28.65641593933105,24.008079528808597,-18.514873504638672,22.76488876342773,-15.97415828704834,22.681753158569336,metal,1
metal.00086,9,-78.19647216796875,85.15087127685547,-34.78838348388672,53.97262191772461,-21.9697265625,29.429357528686523,-13.656494140625,22.51885223388672,-18.408334732055664,26.11921119689941,metal,1
metal.00087,0,32.65352249145508,54.63734817504883,-4.667569637298584,52.43038558959961,-14.980671882629396,26.340181350708008,-13.414176940917969,31.146041870117188,-16.179744720458984,19.151506423950195,metal,1
metal.00087,1,37.12052154541016,70.5145492553711,-15.537809371948242,50.55437850952149,-17.835269927978516,26.923412322998047,-17.304746627807617,27.878456115722656,-17.886913299560547,22.50435447692871,metal,1
metal.00087,2,17.383087158203125,63.6135368347168,-7.272841453552246,63.14418411254883,-16.336347579956055,31.72770118713379,-19.535831451416016,29.43962860107422,-20.38843536376953,22.252775192260746,metal,1
metal.00087,3,38.14940643310547,73.92071533203125,-19.972883224487305,48.683143615722656,-18.719463348388672,26.01946449279785,-19.03616142272949,25.030311584472656,-16.030136108398438,25.243314743041992,metal,1
metal.00087,4,15.69058895111084,60.51960754394531,-7.340430736541748,62.46839141845703,-14.579071044921877,30.306989669799805,-16.349876403808594,26.881614685058597,-20.17004776000977,20.63742446899414,metal,1
metal.00087,5,15.760528564453123,64.88943481445312,-5.2940850257873535,52.50093078613281,-15.911906242370604,28.12542533874512,-12.826995849609377,32.9947624206543,-18.724611282348636,17.20547103881836,metal,1
metal.00087,6,25.60123634338379,59.880767822265625,-9.0396728515625,48.21518325805664,-7.9620537757873535,23.81758117675781,-8.056791305541992,31.49328994750977,-16.303388595581055,20.100318908691406,metal,1
metal.00087,7,16.142332077026367,53.40186309814453,0.3171612024307251,55.23549270629883,-11.8658447265625,29.69880485534668,-13.566239356994627,31.35568046569824,-17.18048858642578,20.173192977905277,metal,1
metal.00087,8,17.203800201416016,47.62382507324219,5.685884952545166,54.5773811340332,-5.323674201965332,27.602298736572266,-13.625178337097168,26.2502498626709,-15.253829002380373,16.397397994995117,metal,1
metal.00087,9,11.21024227142334,61.1499252319336,-2.8475775718688965,46.07789993286133,-11.168404579162598,30.4694938659668,-11.632731437683104,36.48758316040039,-16.887609481811523,21.777006149291992,metal,1
metal.00088,0,-117.689208984375,112.71497344970705,-37.4329833984375,77.21392822265625,-2.193147897720337,27.51011085510254,-17.472850799560547,15.358613014221191,3.8586173057556152,11.993456840515137,metal,1
metal.00088,1,-116.58308410644533,99.4275894165039,-33.28647994995117,72.03617858886719,-4.41137170791626,29.487010955810547,-18.32107162475586,15.472064971923828,-0.2276186496019363,13.127931594848633,metal,1
metal.00088,2,-149.4967041015625,92.48755645751952,-9.14845848083496,73.76959228515625,-10.085455894470217,29.166099548339844,-6.022261142730713,18.96975326538086,-6.4844584465026855,12.257285118103027,metal,1
metal.00088,3,-159.12353515625,108.57650756835938,-12.42606258392334,71.93486785888672,8.709271430969238,22.669553756713867,-9.765324592590332,19.081396102905277,-11.37238597869873,12.669784545898438,metal,1
metal.00088,4,-158.20838928222656,109.37002563476562,-17.85592269897461,68.19638061523438,6.962500095367432,20.089990615844727,-1.058050513267517,22.6009521484375,-13.942497253417969,14.950414657592772,metal,1
metal.00088,5,-182.7869110107422,108.40216064453124,-11.409683227539062,75.28593444824219,14.968827247619627,18.107646942138672,-8.11035442352295,17.676401138305664,-7.610429286956787,11.871728897094728,metal,1
metal.00088,6,-168.37782287597656,105.02740478515624,-15.765722274780272,70.00281524658203,10.699051856994627,21.93296241760254,-7.054994583129883,19.4847354888916,-8.41946792602539,17.139358520507812,metal,1
metal.00088,7,-103.5792236328125,96.93142700195312,-41.92596054077149,59.82351303100586,-3.604415655136109,25.5398063659668,-11.541877746582031,20.81168556213379,-6.542694091796875,13.78535270690918,metal,1
metal.00088,8,-69.61827087402344,111.69873809814452,-52.18695068359375,59.64567947387695,-2.864589214324951,18.93219566345215,-24.59078598022461,14.30126953125,-5.793792724609375,17.690963745117188,metal,1
metal.00088,9,-77.19425964355469,105.35064697265624,-46.87077331542969,63.743900299072266,-2.42299222946167,20.362571716308597,-24.83199119567871,14.22043228149414,-7.253818035125732,17.312875747680664,metal,1
metal.00089,0,-88.03900146484375,130.55426025390625,-36.68608856201172,77.69112396240234,7.775256633758545,31.22003746032715,-1.157964110374451,16.34203338623047,8.249152183532715,14.049238204956056,metal,1
metal.00089,1,-113.6569366455078,136.150146484375,-31.960227966308597,81.55058288574219,5.400704383850098,31.561674118041992,1.744176983833313,18.966827392578125,7.3221964836120605,12.506990432739258,metal,1
metal.00089,2,-97.97968292236328,124.11878204345705,-26.278553009033203,76.7254638671875,4.998607158660889,32.50436782836914,-1.6402677297592163,20.416135787963867,1.1019554138183594,16.597585678100586,metal,1
metal.00089,3,-97.564208984375,133.0735321044922,-36.411163330078125,79.12904357910156,7.09015703201294,31.65299797058105,0.2310261726379394,18.782302856445312,8.05006217956543,11.675200462341309,metal,1
metal.00089,4,-113.51760864257812,132.281005859375,-29.48649787902832,77.82693481445312,7.6708784103393555,29.47920227050781,0.9095783233642578,16.959394454956055,5.935479164123535,13.54934024810791,metal,1
metal.00089,5,-82.37625885009766,126.40541076660156,-42.356056213378906,78.02314758300781,-0.526591956615448,31.42047119140625,-5.095258712768555,20.67543029785156,4.906651496887207,14.718013763427734,metal,1
metal.00089,6,-86.31049346923828,124.6847152709961,-40.662574768066406,76.18914031982422,-1.5573399066925049,25.41366004943848,-3.895228147506714,20.03835868835449,11.635298728942873,15.159149169921877,metal,1
metal.00089,7,-64.37276458740234,126.7307357788086,-35.18813705444336,65.35604095458984,-1.134529709815979,28.184593200683597,0.0863940864801406,16.534706115722656,-3.644402503967285,12.782149314880373,metal,1
metal.00089,8,-106.78018951416016,125.80078887939452,-38.378997802734375,72.52874755859375,5.321323871612549,27.01422500610352,-2.2513515949249268,16.106700897216797,-3.3755714893341064,12.877666473388672,metal,1
metal.00089,9,-65.66828155517578,133.58602905273438,-42.33393478393555,64.68689727783203,-3.2368385791778564,23.334636688232425,-4.736533164978027,18.46721839904785,-4.996458053588867,7.488184452056885,metal,1
metal.00090,0,-104.7309112548828,126.87124633789062,-15.229180335998535,44.10673522949219,-8.88647747039795,36.8543701171875,-10.257837295532228,23.237462997436523,-13.965609550476074,6.6335954666137695,metal,1
metal.00090,1,-108.19766998291016,107.69410705566406,-19.096834182739254,48.94782257080078,-11.177743911743164,42.55493927001953,-5.068317890167236,28.57366371154785,-12.194130897521973,11.270929336547852,metal,1
metal.00090,2,-115.048095703125,112.76717376708984,-21.624813079833984,49.276893615722656,-7.914784431457519,41.53807830810547,-4.226059913635254,28.56084442138672,-13.07369613647461,11.28507137298584,metal,1
metal.00090,3,-115.07984161376952,111.6754913330078,-18.960922241210938,49.974857330322266,-9.580066680908203,43.67396926879883,-4.606295585632324,28.41948890686035,-12.524463653564451,11.452998161315918,metal,1
metal.00090,4,-94.13595581054688,100.7502899169922,-22.15008544921875,53.32160568237305,-6.261068820953369,41.22469329833984,-10.484930992126465,28.61292839050293,-13.74672508239746,14.146347999572754,metal,1
metal.00090,5,-75.83799743652344,84.80736541748047,-27.288698196411133,58.51388931274414,-8.618661880493164,38.87034225463867,-10.708139419555664,26.988672256469727,-15.58297634124756,13.646697998046877,metal,1
metal.00090,6,-80.88380432128906,93.68482208251952,-33.028499603271484,60.8719367980957,-8.442590713500977,36.83316421508789,-9.399991035461426,29.76982688903809,-13.643722534179688,13.560379981994627,metal,1
metal.00090,7,-83.4408950805664,89.8651123046875,-26.805095672607425,60.1802978515625,-7.887623786926269,38.20281219482422,-12.328142166137695,28.45633316040039,-15.57997703552246,12.255208015441896,metal,1
metal.00090,8,-81.43867492675781,96.86253356933594,-30.735464096069336,56.16862869262695,-11.877573013305664,43.17523956298828,-10.68901538848877,26.80791473388672,-9.204967498779297,17.514938354492188,metal,1
metal.00090,9,-83.22037506103516,92.08258819580078,-28.943138122558597,54.34715270996094,-7.050169944763184,43.52280044555664,-9.709856033325195,28.02483558654785,-14.765170097351074,15.427663803100586,metal,1
metal.00091,0,-66.05712890625,105.47918701171876,-27.014450073242188,47.77164840698242,-30.868709564208984,29.869935989379883,-14.58609676361084,25.52577018737793,-17.39741325378418,8.08436107635498,metal,1
metal.00091,1,-70.18449401855469,104.08623504638672,-26.39837646484375,43.009239196777344,-36.36759948730469,33.74799346923828,-16.50249481201172,23.378639221191406,-20.266122817993164,11.894083976745604,metal,1
metal.00091,2,-66.76044464111328,107.09886169433594,-28.20922470092773,44.1839599609375,-31.84043312072754,35.342018127441406,-13.77903175354004,19.641998291015625,-15.718535423278809,10.30918025970459,metal,1
metal.00091,3,-60.96264266967773,103.38301849365234,-29.17236328125,42.10568618774414,-36.0057258605957,33.2179069519043,-14.916997909545898,21.33968544006348,-21.68035125732422,8.689579010009766,metal,1
metal.00091,4,-113.4539031982422,93.210693359375,-5.900110721588135,51.70984649658203,-31.534690856933597,22.620275497436523,-17.73264503479004,24.230342864990234,-22.199920654296875,7.000315189361572,metal,1
metal.00091,5,-108.07815551757812,98.6505889892578,-10.850049018859863,50.12361526489258,-25.662647247314453,29.811729431152344,-20.052621841430664,19.3377628326416,-21.192535400390625,8.467781066894531,metal,1
metal.00091,6,-138.29733276367188,112.64623260498048,-1.6294676065444946,52.91129684448242,-24.32112693786621,25.82145500183105,-20.409055709838867,21.658802032470703,-17.39841079711914,1.1275508403778076,metal,1
metal.00091,7,-107.518310546875,90.75142669677734,-18.15037727355957,49.5754280090332,-19.961894989013672,30.328643798828125,-18.919198989868164,23.336824417114254,-18.36981010437012,9.253761291503906,metal,1
metal.00091,8,-135.26275634765625,122.48186492919922,-13.355595588684082,47.57247161865234,-23.19550323486328,24.019514083862305,-15.55768585205078,22.723407745361328,-16.773435592651367,5.336675643920898,metal,1
metal.00091,9,-104.5361785888672,87.8051528930664,-14.712793350219728,51.5305290222168,-18.145557403564453,25.390756607055664,-26.378711700439453,22.084095001220703,-14.681328773498535,6.823933124542236,metal,1
metal.00092,0,-65.2966079711914,109.9582061767578,-38.36554336547852,51.077667236328125,-24.806758880615234,24.31534194946289,-13.957072257995604,12.670963287353516,-23.813127517700195,7.847873210906982,metal,1
metal.00092,1,-60.75380706787109,116.72098541259766,-45.1414794921875,41.20953369140625,-33.193603515625,20.11315155029297,-14.448740005493164,10.898396492004396,-16.238176345825195,11.834818840026855,metal,1
metal.00092,2,-70.07907104492188,109.10708618164062,-39.26731491088867,50.07241439819336,-21.93440055847168,21.26734733581543,-18.08496856689453,9.978604316711426,-21.84551048278809,8.902956008911133,metal,1
metal.00092,3,-62.474159240722656,109.23025512695312,-40.45177459716797,49.35255432128906,-22.880033493041992,19.962724685668945,-22.057079315185547,9.996499061584473,-19.268638610839844,10.455543518066406,metal,1
metal.00092,4,-71.7069091796875,101.57339477539062,-34.36566925048828,53.04925537109375,-23.78660774230957,19.467269897460938,-18.608577728271484,12.535439491271973,-22.281147003173828,14.90518283843994,metal,1
metal.00092,5,-60.97199630737305,102.91519165039062,-36.26694107055664,50.7720832824707,-22.585596084594727,21.979419708251957,-21.558311462402344,9.685592651367188,-23.438758850097656,12.927388191223145,metal,1
metal.00092,6,-82.58202362060547,113.728271484375,-34.04431915283203,68.36815643310547,-15.42762851715088,15.855381965637209,-17.176088333129883,11.30636215209961,-16.812156677246094,8.768198013305664,metal,1
metal.00092,7,-76.06978607177734,117.44098663330078,-23.829233169555664,51.61708831787109,-19.22435760498047,26.752355575561523,-12.29068088531494,13.601320266723633,-20.374399185180664,13.305851936340332,metal,1
metal.00092,8,-67.64835357666016,115.78147888183594,-32.21455001831055,45.17829132080078,-22.414337158203125,28.73784446716309,-6.710170745849609,17.45296859741211,-19.840316772460938,10.87899112701416,metal,1
metal.00092,9,-67.5697250366211,103.95706939697266,-22.62234115600586,54.41934585571289,-16.29199981689453,26.50285148620605,-12.206482887268066,17.85951805114746,-16.66159439086914,14.504349708557127,metal,1
metal.00093,0,-113.69593048095705,64.89067840576172,-39.48017501831055,66.69666290283203,-27.31538200378418,27.140857696533203,-16.447479248046875,18.2623233795166,-14.505899429321287,13.498777389526367,metal,1
metal.00093,1,-99.4931411743164,84.89774322509766,-30.27078437805176,66.80282592773438,-20.28291702270508,28.26622200012207,-8.806199073791504,22.76673126220703,-11.033114433288574,12.906458854675291,metal,1
metal.00093,2,-102.33889770507812,81.60515594482422,-25.402711868286133,67.39417266845703,-18.89585304260254,31.231189727783203,-7.767125129699707,25.200101852416992,-12.2444486618042,15.224248886108398,metal,1
metal.00093,3,-106.45281219482422,83.8419418334961,-29.04477882385254,70.66288757324219,-18.34319496154785,32.09528350830078,-8.022871017456055,24.54693603515625,-11.43380641937256,15.687811851501465,metal,1
metal.00093,4,-97.9953384399414,82.35676574707031,-25.332576751708984,67.06945037841797,-19.138391494750977,31.083038330078125,-9.68239402770996,24.2759952545166,-13.229986190795898,14.238357543945312,metal,1
metal.00093,5,-108.16400909423828,84.94600677490234,-28.809633255004883,66.97687530517578,-21.74584007263184,31.353694915771484,-10.851994514465332,21.64801025390625,-14.099803924560549,15.28665542602539,metal,1
metal.00093,6,-111.77597045898438,81.96784973144531,-29.828237533569336,66.60249328613281,-21.001623153686523,30.30077743530273,-11.049356460571287,21.6341609954834,-11.496403694152832,14.985689163208008,metal,1
metal.00093,7,-104.4551239013672,83.88217163085938,-28.366153717041016,65.06535339355469,-24.545181274414062,28.1673526763916,-12.142037391662598,21.32376480102539,-14.834864616394045,13.6632719039917,metal,1
metal.00093,8,-97.47445678710938,80.90564727783203,-26.08733558654785,67.23407745361328,-20.14897918701172,28.48973846435547,-9.074386596679688,25.111289978027344,-11.6231689453125,13.84467601776123,metal,1
metal.00093,9,-111.41036987304688,83.90042114257812,-27.7332820892334,69.62464141845703,-21.140295028686523,28.951717376708984,-5.394972801208496,24.758901596069336,-11.293612480163574,12.576434135437012,metal,1
metal.00094,0,-99.54645538330078,102.96493530273438,-32.24473571777344,65.0955581665039,-22.58304214477539,12.562173843383787,-19.334491729736328,22.952741622924805,-7.4961442947387695,21.61005401611328,metal,1
metal.00094,1,-93.63679504394533,97.43182373046876,-30.548906326293945,64.57508850097656,-24.45335960388184,15.563179969787598,-21.67721176147461,23.145456314086918,-11.18247127532959,22.680561065673828,metal,1
metal.00094,2,-142.5948944091797,68.22203826904297,-40.95502853393555,33.535064697265625,-36.84413909912109,30.861677169799805,-27.471492767333984,16.89463233947754,-14.908970832824709,13.385817527770996,metal,1
metal.00094,3,-153.05104064941406,74.13501739501953,-37.32021331787109,29.135404586791992,-41.1573600769043,28.794666290283203,-28.28284454345703,15.951526641845703,-17.070714950561523,10.683843612670898,metal,1
metal.00094,4,-159.7479248046875,78.93065643310547,-41.09187316894531,37.06082534790039,-37.7370491027832,28.666810989379883,-27.74358940124512,17.38949966430664,-10.08798122406006,9.891363143920898,metal,1
metal.00094,5,-119.59361267089844,75.79026794433594,-36.89805603027344,42.06500625610352,-33.20328521728516,26.414329528808597,-31.94478988647461,11.853240966796877,-15.600967407226562,15.615140914916992,metal,1
metal.00094,6,-72.4371566772461,93.58201599121094,-25.841556549072266,54.6876220703125,-21.837905883789062,19.101709365844727,-24.992719650268555,25.193309783935547,-12.95054817199707,21.91349601745605,metal,1
metal.00094,7,-69.67385864257812,98.00010681152344,-30.430761337280277,54.6294174194336,-24.856666564941406,21.073881149291992,-24.59516906738281,25.68242073059082,-11.336533546447754,22.69681930541992,metal,1
metal.00094,8,-63.69945907592773,95.40680694580078,-28.37537002563477,48.82456207275391,-25.848800659179688,22.009424209594727,-21.76676750183105,26.166263580322266,-12.738072395324709,22.492807388305664,metal,1
metal.00094,9,-73.59186553955078,97.07762145996094,-30.822341918945312,58.64305114746094,-22.654905319213867,21.866531372070312,-23.983448028564453,22.462799072265625,-9.52943992614746,24.08059310913086,metal,1
metal.00095,0,-8.761176109313965,88.09080505371094,-25.126941680908203,36.82720184326172,-21.39216041564941,32.6075553894043,-4.45753812789917,30.452823638916016,-16.83726692199707,14.953189849853516,metal,1
metal.00095,1,-30.196199417114254,101.50789642333984,-33.35211181640625,41.294700622558594,-19.516441345214844,28.626855850219727,-3.6423964500427246,28.65852165222168,-14.233677864074709,10.870367050170898,metal,1
metal.00095,2,-18.071413040161133,88.02228546142578,-23.896522521972656,39.75232696533203,-21.24637985229492,34.14610290527344,-5.078668594360352,32.17584228515625,-16.817691802978516,15.716049194335938,metal,1
metal.00095,3,-32.53627395629883,101.08409118652344,-31.20315933227539,40.48973846435547,-19.09381103515625,31.378122329711918,-2.0947208404541016,28.198110580444336,-11.632073402404783,11.165607452392578,metal,1
metal.00095,4,-15.120650291442873,86.90150451660156,-23.55514144897461,38.43474960327149,-22.037368774414062,33.6058349609375,-5.969176292419434,30.770437240600582,-16.69270133972168,16.98961067199707,metal,1
metal.00095,5,-34.823978424072266,101.15868377685548,-31.286352157592773,40.213958740234375,-16.881685256958008,28.6082763671875,-0.9143555164337158,27.056930541992188,-11.17872714996338,11.02664279937744,metal,1
metal.00095,6,-48.58853530883789,98.73711395263672,-26.82484245300293,39.45615768432617,-19.29107093811035,29.869001388549805,-4.912997722625732,26.754188537597656,-15.935336112976074,11.550869941711426,metal,1
metal.00095,7,-59.06117630004883,90.19943237304688,-14.010368347167969,48.17409133911133,-13.747173309326172,26.911827087402344,-12.031993865966797,25.05499267578125,-16.239458084106445,12.03114128112793,metal,1
metal.00095,8,-59.41774368286133,93.8910903930664,-14.776713371276855,55.77811813354492,-3.2629852294921875,23.128271102905277,-10.534382820129396,28.546432495117188,-10.555303573608398,16.506385803222656,metal,1
metal.00095,9,-50.26924514770508,92.97267150878906,-18.88021278381348,54.10200500488281,-8.219589233398438,27.617237091064453,-9.694725036621094,28.010780334472656,-10.231608390808104,17.525684356689453,metal,1
metal.00096,0,-88.57848358154297,87.08085632324219,-17.189878463745117,70.0366439819336,-3.4170031547546387,28.916860580444336,-8.935477256774902,21.53667449951172,-10.354369163513184,8.641061782836914,metal,1
metal.00096,1,-55.94911956787109,66.40929412841797,-13.198296546936035,69.35557556152344,-6.290602207183838,37.84450912475586,-12.836557388305664,27.571552276611328,-14.42169189453125,18.532451629638672,metal,1
metal.00096,2,-60.353553771972656,60.68876266479492,-12.157673835754396,71.68688201904297,-6.001775741577148,37.91668319702149,-10.740365028381348,29.252347946166992,-13.700960159301758,19.5522403717041,metal,1
metal.00096,3,-87.888916015625,84.82106018066406,-55.32388687133789,28.972562789916992,-25.501440048217773,19.97270965576172,-3.8100717067718506,22.568204879760746,-13.550567626953123,9.597551345825195,metal,1
metal.00096,4,-17.456005096435547,94.8620376586914,-25.575319290161133,57.288875579833984,-14.40951156616211,24.24737548828125,-15.66340160369873,24.310955047607425,-12.655638694763184,15.430511474609377,metal,1
metal.00096,5,-18.822975158691406,97.488525390625,-24.460512161254883,55.3527946472168,-14.533867835998535,22.327486038208008,-13.444219589233398,22.63712882995605,-9.676304817199709,14.353127479553224,metal,1
metal.00096,6,-20.52779769897461,97.30490112304688,-28.075010299682617,59.044132232666016,-15.449872016906738,23.314189910888672,-14.633748054504396,23.341917037963867,-10.679360389709473,14.63339614868164,metal,1
metal.00096,7,-24.09611320495605,87.15921020507812,-19.354387283325195,59.37102127075195,-12.729272842407228,26.64418029785156,-13.056982040405272,22.74440193176269,-10.603314399719238,13.881816864013672,metal,1
metal.00096,8,-75.13985443115234,94.32147979736328,-3.0584065914154053,62.13012313842773,-6.465444564819336,28.810325622558597,-11.359084129333496,24.589832305908203,-11.945605278015137,11.717275619506836,metal,1
metal.00096,9,-69.03080749511719,95.99119567871094,-8.060033798217773,61.81215286254883,-8.339805603027344,29.48053932189941,-12.417261123657228,25.11616516113281,-12.25378704071045,10.31485652923584,metal,1
metal.00097,0,-220.2004852294922,120.2305145263672,29.26002693176269,82.04898071289062,-0.2099430412054062,34.28062057495117,-5.718928337097168,18.75005531311035,-8.330814361572266,18.973133087158203,metal,1
metal.00097,1,-208.1983184814453,111.36539459228516,28.054718017578125,77.61471557617188,-3.0399718284606934,44.13791275024414,-1.4877060651779177,25.381235122680664,-7.216710567474365,20.406517028808597,metal,1
metal.00097,2,-66.26978302001953,94.8326416015625,-39.18126678466797,78.22479248046875,2.833568811416626,28.066015243530277,-5.970470428466797,20.89961624145508,-10.282818794250488,15.633997917175291,metal,1
metal.00097,3,-40.50406265258789,97.1083526611328,-30.69820785522461,66.00205993652344,0.0685510486364364,28.893310546875,-6.574710845947266,27.26168441772461,-12.102289199829102,15.516444206237791,metal,1
metal.00097,4,-45.31818008422852,96.74530792236328,-28.52508544921875,65.26838684082031,0.6191493272781372,28.78849220275879,-6.393380641937256,27.554428100585938,-12.276665687561035,13.952107429504396,metal,1
metal.00097,5,-45.08092880249024,96.26609802246094,-27.172216415405277,65.62957000732422,0.8774704933166504,28.816455841064453,-6.591629981994629,26.36477851867676,-12.018590927124023,14.70868968963623,metal,1
metal.00097,6,-50.02580642700195,92.37914276123048,-25.509174346923828,66.52782440185547,-1.513677000999451,29.833505630493164,-8.72441577911377,26.910381317138672,-14.26829719543457,13.889948844909668,metal,1
metal.00097,7,-52.33174514770508,98.08071899414062,-29.85026741027832,66.65140533447266,1.36130690574646,29.279727935791016,-7.652544021606445,26.799638748168945,-12.725627899169922,14.350927352905272,metal,1
metal.00097,8,-50.75651931762695,94.41576385498048,-27.61027336120605,63.9542236328125,0.6139541268348694,29.973682403564453,-7.817717552185059,28.29594039916992,-14.076799392700195,14.120160102844238,metal,1
metal.00097,9,-52.08024215698242,95.6469497680664,-27.97071075439453,66.18012237548828,-1.3767638206481934,30.160070419311523,-8.858932495117188,28.814855575561523,-13.821221351623535,14.271589279174805,metal,1
metal.00098,0,-74.92841339111328,96.94597625732422,-42.36414337158203,54.54499816894531,-4.602179050445557,20.771228790283203,-8.794621467590332,21.911745071411133,-10.41645622253418,13.88853645324707,metal,1
metal.00098,1,-64.51288604736328,85.86727905273438,-38.43585586547852,55.77980041503906,-7.169925689697266,25.091083526611328,-10.98177433013916,22.74627113342285,-11.75449275970459,15.4046049118042,metal,1
metal.00098,2,-77.59020233154297,97.16947174072266,-36.598243713378906,55.15239715576172,-5.6410112380981445,21.97189712524414,-9.1574125289917,22.321882247924805,-10.068145751953123,13.00900936126709,metal,1
metal.00098,3,-71.3607406616211,81.07360076904297,-33.817440032958984,50.77060317993164,-9.747071266174316,21.651212692260746,-13.27529239654541,18.861711502075195,-13.767692565917969,11.784619331359863,metal,1
metal.00098,4,-75.62822723388672,93.0128402709961,-38.908329010009766,53.876609802246094,-5.068672180175781,23.818532943725582,-7.359363555908203,23.58143424987793,-9.820277214050291,14.085837364196776,metal,1
metal.00098,5,-63.95887756347656,85.7566909790039,-38.37205505371094,53.38158416748047,-6.760411262512207,24.298274993896484,-10.226517677307127,21.896244049072266,-12.37004566192627,14.579132080078123,metal,1
metal.00098,6,-65.2468032836914,96.6902313232422,-42.68099594116211,57.51236724853516,-4.40853214263916,23.64009094238281,-8.361455917358398,22.696931838989254,-9.738730430603027,15.02652359008789,metal,1
metal.00098,7,-80.46961975097656,90.26956939697266,-37.6478157043457,59.09833526611328,-5.955431938171387,28.443269729614254,-9.128478050231934,19.243242263793945,-12.37000846862793,13.646037101745604,metal,1
metal.00098,8,-162.58285522460938,103.33032989501952,-1.9178396463394165,51.51521301269531,5.666613578796387,34.25542449951172,-1.8127570152282717,16.51674461364746,-12.557196617126465,7.99827241897583,metal,1
metal.00098,9,-222.8932342529297,100.1683120727539,23.107820510864254,45.24855041503906,6.1259541511535645,38.36703872680664,10.441930770874023,19.140195846557617,-6.278614521026611,12.174235343933104,metal,1
metal.00099,0,-82.77083587646484,85.63570404052734,-32.95066833496094,40.27810287475586,-15.27470874786377,27.532367706298828,-14.164102554321287,25.03023338317871,-10.063275337219238,9.942865371704102,metal,1
metal.00099,1,-90.7134780883789,89.58344268798828,-35.285057067871094,45.17558670043945,-11.900140762329102,25.21142578125,-10.138729095458984,24.47317314147949,-10.792033195495604,12.646580696105955,metal,1
metal.00099,2,-83.76787567138672,91.5557861328125,-25.775148391723636,41.596954345703125,-15.51939582824707,26.379270553588867,-12.107782363891602,24.45176696777344,-9.822084426879885,13.317633628845217,metal,1
metal.00099,3,-49.48249816894531,84.70079803466797,-28.87725257873535,56.20861053466797,-10.20779037475586,26.035659790039062,-10.349608421325684,25.817781448364254,-8.135056495666504,14.091673851013184,metal,1
metal.00099,4,-64.95977020263672,94.67967224121094,-26.448116302490234,58.08734130859375,-5.5276055335998535,28.081466674804688,-6.424123764038086,26.594009399414062,-7.737125396728516,11.543479919433594,metal,1
metal.00099,5,-50.80859756469727,81.3214111328125,-28.524635314941406,56.17202758789063,-10.326672554016112,30.958871841430664,-7.917702198028564,28.25541305541992,-7.992795944213867,17.865270614624023,metal,1
metal.00099,6,-67.2716064453125,90.58837127685548,-28.05083274841309,59.64855194091797,-6.472894668579102,28.88873291015625,-7.348977088928223,29.22328186035156,-8.035582542419434,11.38011646270752,metal,1
metal.00099,7,-54.76958465576172,87.48088073730469,-20.098087310791016,60.579811096191406,-11.854162216186523,32.41627883911133,-5.02271032333374,28.47154998779297,-9.504107475280762,15.872159004211426,metal,1
metal.00099,8,-67.53600311279297,94.31513214111328,-28.703947067260746,60.214969635009766,-4.1530442237854,28.249765396118164,-6.834643840789795,27.93446159362793,-6.534269332885742,12.565264701843262,metal,1
metal.00099,9,-59.64118194580078,89.1509017944336,-25.40824508666992,59.60905838012695,-5.486739158630371,31.011707305908203,-5.909572601318359,27.47770881652832,-8.493310928344727,12.48939323425293,metal,1
reggae.00000,0,-175.4187469482422,104.27261352539062,-6.478582382202148,41.63992691040039,-3.079324245452881,27.14362907409668,-20.57049560546875,26.74352264404297,-12.563051223754885,20.193004608154297,reggae,2
reggae.00000,1,-182.6050720214844,100.55479431152344,0.0119773866608738,32.42692184448242,-8.430712699890137,31.18745994567871,-23.27598762512207,22.05124282836914,-19.88182830810547,14.498379707336426,reggae,2
reggae.00000,2,-128.38563537597656,104.0870590209961,-14.814305305480955,34.51866912841797,-9.329795837402344,34.11415100097656,-27.383703231811523,27.742055892944336,-12.292491912841797,23.882774353027344,reggae,2
reggae.00000,3,-197.6557464599609,112.99077606201172,-9.050129890441896,37.3968391418457,-1.834602952003479,22.00787353515625,-19.772682189941406,24.4779052734375,-13.256622314453123,17.711071014404297,reggae,2
reggae.00000,4,-179.60906982421875,106.56822967529295,0.1893275380134582,32.00331497192383,-9.313851356506348,34.14284133911133,-21.534238815307617,26.14202880859375,-18.70742416381836,12.973114013671877,reggae,2
reggae.00000,5,-142.15737915039062,104.04447174072266,-4.193297386169434,42.93669891357422,-4.154927730560303,29.12619400024414,-26.873279571533203,27.25983047485352,-13.590168952941896,18.75307846069336,reggae,2
reggae.00000,6,-188.73062133789065,105.17621612548828,-12.132288932800291,35.2093505859375,-4.605979919433594,26.01293563842773,-16.848215103149414,17.48138999938965,-17.12481117248535,21.85452651977539,reggae,2
reggae.00000,7,-150.241943359375,109.89454650878906,-25.67235374450684,35.76084518432617,1.1385554075241089,24.559301376342773,-22.650123596191406,25.540904998779297,-12.146509170532228,19.72589111328125,reggae,2
reggae.00000,8,-118.58114624023438,99.22663116455078,-18.4071102142334,29.22006607055664,-7.38927412033081,22.52485656738281,-24.260650634765625,24.489410400390625,-14.470582962036133,27.67049217224121,reggae,2
reggae.00000,9,-134.76258850097656,109.56172943115234,-18.806095123291016,31.88691711425781,-9.17995834350586,23.43527603149414,-23.323118209838867,17.920915603637695,-12.79120635986328,24.20253562927246,reggae,2
reggae.00001,0,-153.19247436523438,132.51409912109375,-26.326202392578125,23.57917594909668,-9.01281452178955,24.34895133972168,-11.317936897277832,13.21487045288086,-7.004935264587402,16.111539840698242,reggae,2
reggae.00001,1,-170.23092651367188,130.12171936035156,-18.08165168762207,24.322494506835938,-15.744301795959473,26.47241973876953,-9.223529815673828,11.294947624206545,-15.195674896240234,20.818927764892575,reggae,2
reggae.00001,2,-211.6401824951172,125.42137908935548,13.006531715393066,38.2950439453125,-16.283098220825195,24.71759414672852,-6.417568206787109,10.456117630004885,-13.335976600646973,10.572678565979004,reggae,2
reggae.00001,3,-220.8512725830078,131.46815490722656,4.808373928070068,26.56882095336914,-16.129894256591797,21.68042755126953,-9.82363986968994,5.929628372192383,-16.188610076904297,7.384963989257812,reggae,2
reggae.00001,4,-193.0772399902344,135.23818969726562,-11.36753749847412,17.472715377807617,-16.321224212646484,27.685791015625,-9.553511619567873,4.503109931945801,-17.400476455688477,12.003435134887695,reggae,2
reggae.00001,5,-190.37620544433597,129.86871337890625,2.4621503353118896,32.13093566894531,-13.573290824890137,27.627010345458984,-6.191524028778076,10.883329391479492,-15.33486270904541,19.04654693603516,reggae,2
reggae.00001,6,-206.49708557128903,121.73853302001952,-4.390515327453613,33.70812225341797,-5.94470739364624,24.85037612915039,-8.037653923034668,15.717275619506836,-8.852173805236816,17.155513763427734,reggae,2
reggae.00001,7,-228.18896484375,119.25252532958984,11.410475730895996,31.130882263183597,-9.42516040802002,29.76606559753418,-13.533738136291504,6.162549018859863,-20.431020736694336,6.366476058959961,reggae,2
reggae.00001,8,-200.42999267578125,131.4099884033203,-6.777647972106934,24.43111038208008,-12.981056213378906,22.36248588562012,-11.34609031677246,14.981667518615724,-7.907323360443115,14.990438461303713,reggae,2
reggae.00001,9,-144.4228973388672,132.47291564941406,-15.06891632080078,29.16767120361328,-24.859045028686523,22.91228675842285,-8.157706260681152,18.429874420166016,-11.483428001403809,20.620555877685547,reggae,2
reggae.00002,0,-166.14468383789062,117.26678466796876,-4.27934455871582,50.78512573242188,-10.633889198303224,21.4848747253418,-17.926685333251953,6.093915939331055,-14.231423377990724,18.001745223999023,reggae,2
reggae.00002,1,-189.75477600097656,116.2881088256836,6.004343509674072,55.69417953491211,-4.17235279083252,20.326738357543945,-13.928094863891602,17.275739669799805,-14.0617036819458,10.872306823730469,reggae,2
reggae.00002,2,-218.6518402099609,107.87969970703124,6.856410980224609,57.11480712890625,-2.700201272964477,20.53236198425293,-10.900273323059082,19.944971084594727,-13.041984558105469,8.522199630737305,reggae,2
reggae.00002,3,-217.39161682128903,106.70973205566406,2.241753101348877,45.79376602172852,-7.61464786529541,20.54994201660156,-5.034375190734863,16.58879280090332,-13.224346160888672,2.924853563308716,reggae,2
reggae.00002,4,-176.56884765625,104.96859741210938,7.22536039352417,53.560035705566406,-6.749388217926025,23.23879051208496,-18.35953712463379,16.835023880004883,-9.765132904052734,10.539258003234863,reggae,2
reggae.00002,5,-207.99398803710935,111.70823669433594,6.860494613647461,51.86214065551758,-3.4148471355438232,21.96080207824707,-12.145998001098633,16.608978271484375,-13.387456893920898,8.790453910827637,reggae,2
reggae.00002,6,-189.5403289794922,116.43103790283205,-4.440237522125244,37.22286224365234,-12.782401084899902,23.328767776489254,-9.512290954589844,16.681013107299805,-17.22821617126465,9.870758056640623,reggae,2
reggae.00002,7,-207.07505798339844,116.0490951538086,8.499034881591797,53.38712310791016,-3.380832433700561,20.7963809967041,-15.099783897399902,17.68501853942871,-16.36360740661621,9.025983810424805,reggae,2
reggae.00002,8,-156.21051025390625,113.6863250732422,-6.6199631690979,41.0733642578125,-14.028164863586426,21.711767196655277,-13.94785976409912,18.92430686950684,-17.733320236206055,12.527981758117676,reggae,2
reggae.00002,9,-169.23019409179688,109.264892578125,-2.3696506023406982,47.40364456176758,-8.641231536865234,22.412124633789062,-17.72786521911621,20.31829261779785,-14.405624389648438,10.521323204040527,reggae,2
reggae.00003,0,-200.294921875,106.53915405273438,-28.791954040527344,41.01667022705078,7.578027725219727,24.656272888183597,-3.05570387840271,18.348705291748047,-5.780390739440918,16.881166458129883,reggae,2
reggae.00003,1,-200.4939727783203,103.87767028808594,-28.928882598876957,44.77791595458984,14.290908813476562,21.361066818237305,-4.188318252563477,9.21210765838623,-8.420121192932129,19.53117561340332,reggae,2
reggae.00003,2,-177.8336639404297,111.31885528564452,-30.469179153442383,32.86032485961914,2.928183317184448,29.63087272644043,0.9200559258461,18.42397117614746,-7.447487831115723,20.38530158996582,reggae,2
reggae.00003,3,-203.8744964599609,109.93096160888672,-13.60853385925293,29.25902938842773,11.11637020111084,30.213987350463867,-3.868558406829834,18.493064880371094,-4.466402530670166,14.869136810302734,reggae,2
reggae.00003,4,-194.5089569091797,109.3323745727539,-10.843219757080078,22.952686309814453,7.929391860961914,38.13278579711914,-15.696979522705078,19.6303768157959,-7.9563374519348145,17.41590690612793,reggae,2
reggae.00003,5,-214.76986694335935,109.44418334960938,-12.699809074401855,29.100290298461918,18.32439613342285,37.01491165161133,-15.367724418640137,20.657569885253903,-2.7536275386810303,17.47728729248047,reggae,2
reggae.00003,6,-219.33604431152344,100.34088134765624,-8.5650053024292,30.99671173095703,15.25739574432373,34.91160202026367,-14.47881031036377,19.56117057800293,-6.082566261291504,21.66843032836914,reggae,2
reggae.00003,7,-198.4842529296875,98.7423858642578,-15.086746215820312,32.72061538696289,15.568803787231444,38.4582633972168,-10.8081636428833,24.309614181518555,-2.329477548599243,16.920190811157227,reggae,2
reggae.00003,8,-216.0586853027344,104.20807647705078,-12.163330078125,33.424556732177734,16.957555770874023,34.880306243896484,-12.139274597167969,20.98565673828125,-3.495315790176392,17.32736587524414,reggae,2
reggae.00003,9,-200.87680053710935,107.04137420654295,-10.755406379699709,28.3863468170166,16.64744758605957,39.67383575439453,-13.980588912963867,23.204147338867188,-4.428881645202637,19.04367446899414,reggae,2
reggae.00004,0,-224.8953094482422,120.6182098388672,-17.95781707763672,17.142440795898438,2.2543656826019287,15.044076919555664,-5.897576332092285,19.20005416870117,-1.9473201036453247,10.59392261505127,reggae,2
reggae.00004,1,-211.42857360839844,119.19114685058594,-16.30673599243164,20.115264892578125,-1.144278883934021,21.00738525390625,-4.196417808532715,20.6087589263916,0.058264572173357,12.696762084960938,reggae,2
reggae.00004,2,-169.11412048339844,107.14373779296876,-21.024248123168945,20.834911346435547,-11.20311164855957,25.400789260864254,-18.02960968017578,15.121146202087402,-10.138420104980469,14.251765251159668,reggae,2
reggae.00004,3,-145.97262573242188,93.24240112304688,-20.17817497253418,36.3592643737793,-10.56770133972168,26.03654670715332,-22.118000030517575,18.272350311279297,-10.614392280578612,11.778029441833496,reggae,2
reggae.00004,4,-171.3441162109375,102.2645263671875,-13.900030136108398,37.915565490722656,-6.922349452972412,24.63926124572754,-5.585515975952148,25.020158767700195,-9.270862579345703,7.821667671203613,reggae,2
reggae.00004,5,-182.62454223632807,92.75948333740234,-6.948412895202637,32.73561096191406,-8.326484680175781,26.37957191467285,-13.363469123840332,18.52472686767578,-10.817731857299805,13.959856033325195,reggae,2
reggae.00004,6,-144.47808837890625,109.69744873046876,-12.579455375671388,27.68014144897461,-13.513484001159668,30.004209518432617,-12.767008781433104,16.258548736572266,-16.504703521728516,13.511448860168455,reggae,2
reggae.00004,7,-160.50820922851562,108.19949340820312,-5.785388946533203,28.254243850708008,-17.833105087280273,25.900611877441406,-5.781170845031738,24.872041702270508,-11.619221687316896,20.214693069458008,reggae,2
reggae.00004,8,-173.560791015625,95.01527404785156,-16.661457061767578,27.71518325805664,-9.505836486816406,25.329015731811523,-18.233064651489254,16.74320411682129,-10.414148330688477,7.49867057800293,reggae,2
reggae.00004,9,-175.37118530273438,108.81394958496094,-30.63804626464844,32.66258239746094,-9.076698303222656,25.10365867614746,-2.7902145385742188,17.576257705688477,-7.258829116821289,9.989320755004885,reggae,2
reggae.00005,0,-158.13941955566406,121.0380401611328,-26.023609161376957,37.17342376708984,-6.757055282592773,30.121299743652344,-2.899872064590454,14.798206329345703,-16.50633430480957,10.197771072387695,reggae,2
reggae.00005,1,-184.72259521484372,113.0126953125,-26.4444637298584,37.94303131103516,-1.5937285423278809,25.48346519470215,-13.69149684906006,13.576290130615234,-11.655701637268066,9.65400505065918,reggae,2
reggae.00005,2,-197.6583709716797,112.86427307128906,-16.59975242614746,43.36531066894531,-1.5738459825515747,31.72868537902832,-9.814804077148438,15.81014919281006,-10.05740451812744,11.56556510925293,reggae,2
reggae.00005,3,-194.90115356445312,124.07471466064452,-20.839130401611328,37.7829704284668,-5.430944919586182,27.32048225402832,-7.668095588684082,16.82105255126953,-10.641802787780762,10.795085906982422,reggae,2
reggae.00005,4,-181.7885284423828,118.88346862792967,-16.937273025512695,39.77223587036133,-5.158934116363525,29.197175979614254,-11.812249183654783,18.647130966186523,-11.86802864074707,11.517001152038574,reggae,2
reggae.00005,5,-179.9276123046875,118.72240447998048,-24.188201904296875,39.322044372558594,-8.381731033325195,27.777374267578125,-6.988861560821533,20.88134384155273,-12.869284629821776,13.474440574645996,reggae,2
reggae.00005,6,-172.55548095703125,117.60951232910156,-20.174320220947266,40.09681701660156,-10.700653076171877,27.636287689208984,-11.528267860412598,17.658483505249023,-8.741447448730469,13.442214012145996,reggae,2
reggae.00005,7,-170.3753662109375,112.54299926757812,-19.76146125793457,46.28129577636719,-8.38415813446045,28.296594619750977,-9.88722801208496,19.0362491607666,-8.705604553222656,15.032310485839844,reggae,2
reggae.00005,8,-180.85171508789065,125.1330108642578,-19.84843063354492,38.46597671508789,-4.480466365814209,26.121841430664062,-5.184921741485596,16.259490966796875,-7.970791339874268,10.178682327270508,reggae,2
reggae.00005,9,-157.0520477294922,117.04859924316406,-33.573272705078125,37.70561981201172,-12.148956298828123,22.14012336730957,-11.631985664367676,13.23552131652832,-15.0354642868042,12.243853569030762,reggae,2
reggae.00006,0,-178.77935791015625,123.83637237548828,-6.681318759918213,46.45522689819336,-1.710912585258484,18.020055770874023,-17.50589370727539,18.602584838867188,-9.1321439743042,9.592403411865234,reggae,2
reggae.00006,1,-241.5929107666016,149.59230041503906,-1.645849108695984,46.18269348144531,14.220845222473145,24.35008430480957,-5.038654804229736,15.727093696594238,-7.392068386077881,0.9085584878921508,reggae,2
reggae.00006,2,-192.79185485839844,122.76200103759766,0.2814033031463623,49.78376007080078,0.8329343199729919,21.591646194458008,-12.062426567077637,18.78725242614746,-11.36977767944336,6.165596961975098,reggae,2
reggae.00006,3,-224.1400146484375,143.8310089111328,-9.340596199035645,47.71059036254883,12.98755168914795,22.298131942749023,2.572553873062134,16.670448303222656,-7.158435344696045,2.776569604873657,reggae,2
reggae.00006,4,-148.9936065673828,121.12098693847656,-20.78069496154785,33.737648010253906,-7.241900444030762,31.19292640686035,-19.4148063659668,21.298433303833008,-14.99024772644043,11.395505905151367,reggae,2
reggae.00006,5,-225.7201690673828,161.29190063476562,-10.30859088897705,34.45877456665039,15.915777206420898,20.35270881652832,-2.192373752593994,14.943160057067873,-4.639687061309815,2.2987661361694336,reggae,2
reggae.00006,6,-228.6148376464844,155.6452178955078,-17.09602165222168,25.78873634338379,8.164266586303711,32.54850387573242,4.73911190032959,22.986974716186523,-9.524670600891112,-1.0159144401550293,reggae,2
reggae.00006,7,-197.2601318359375,125.01123046875,-19.78167724609375,34.928890228271484,0.3781129121780395,24.34067153930664,-19.952611923217773,13.7522554397583,-8.067198753356934,6.823503494262695,reggae,2
reggae.00006,8,-216.47381591796875,117.74243927001952,-14.192855834960938,39.98148727416992,0.7927206158638,25.955442428588867,-13.270554542541504,18.487211227416992,-5.370864391326904,9.108222007751465,reggae,2
reggae.00006,9,-230.9455718994141,143.55484008789062,-6.119872570037842,40.97906494140625,5.0499348640441895,17.906925201416016,-12.229364395141602,12.136491775512695,-16.02240753173828,2.520588159561157,reggae,2
reggae.00007,0,-188.5269012451172,118.665283203125,-19.42427444458008,25.49092483520508,-5.991218090057373,23.55531883239746,-13.62587070465088,19.19662857055664,-15.976701736450195,16.25835609436035,reggae,2
reggae.00007,1,-174.74317932128906,108.2895278930664,-7.667831420898437,38.197364807128906,-5.660445690155029,25.46258354187012,-21.35484313964844,20.629762649536133,-18.02425765991211,18.9860782623291,reggae,2
reggae.00007,2,-175.35919189453125,119.15806579589844,-15.323138236999512,34.91569137573242,-13.04527473449707,20.50087547302246,-14.64768886566162,21.994430541992188,-20.44587135314941,12.43028163909912,reggae,2
reggae.00007,3,-183.4141845703125,106.31561279296876,-10.970757484436035,43.09601211547852,1.8851652145385744,19.69872093200684,-30.363391876220703,19.625343322753903,-12.9330415725708,11.786860466003418,reggae,2
reggae.00007,4,-160.9834442138672,106.89932250976562,-17.78140640258789,41.88155746459961,-8.369221687316895,16.421924591064453,-19.09282875061035,18.43304443359375,-17.781082153320312,8.639144897460938,reggae,2
reggae.00007,5,-227.2860107421875,127.87322998046876,-0.0080125071108341,28.48882484436035,1.2180824279785156,24.120376586914062,-15.281986236572266,25.199804306030277,-8.374971389770508,11.075516700744627,reggae,2
reggae.00007,6,-236.57846069335935,122.16341400146484,-2.002446174621582,25.27414321899414,15.913609504699709,27.54735565185547,-12.454632759094238,20.54093742370605,-6.117132186889648,20.966270446777344,reggae,2
reggae.00007,7,-188.474853515625,124.75167083740234,-21.338058471679688,29.141963958740234,-2.17403507232666,23.685325622558597,-1.8529903888702397,15.30011749267578,-17.5228328704834,17.897857666015625,reggae,2
reggae.00007,8,-199.8336181640625,123.87484741210938,-11.405240058898926,21.554656982421875,-1.2824152708053589,24.094858169555664,-11.827276229858398,16.121801376342773,-13.690195083618164,20.919702529907227,reggae,2
reggae.00007,9,-196.64735412597656,122.59308624267578,-16.845155715942383,23.57872200012207,-1.8100911378860476,21.011564254760746,9.064021110534668,20.84766387939453,-10.683945655822754,16.393535614013672,reggae,2
reggae.00008,0,-189.36935424804688,117.83942413330078,-10.00069808959961,44.8792724609375,3.5738539695739746,25.085559844970703,-7.491464138031006,14.471915245056152,-7.528465270996094,15.857030868530272,reggae,2
reggae.00008,1,-182.86154174804688,110.97764587402344,-13.11960220336914,58.70074081420898,1.80539870262146,22.990440368652344,-4.307075500488281,18.2469482421875,-3.918261766433716,18.322811126708984,reggae,2
reggae.00008,2,-172.21487426757812,105.51789093017578,-10.536712646484377,54.18474197387695,-3.6156704425811768,23.383256912231445,-13.13662052154541,16.240549087524414,-14.617416381835938,17.701242446899414,reggae,2
reggae.00008,3,-193.9586181640625,124.65555572509766,-11.4810152053833,47.78607177734375,3.0912084579467773,29.49459457397461,-5.958191871643066,15.841917037963867,-4.951277732849121,15.579144477844238,reggae,2
reggae.00008,4,-189.60531616210935,117.73580169677734,-12.477234840393066,49.681941986083984,-12.458152770996094,25.2965030670166,-14.433977127075195,12.590455055236816,-6.698883056640625,12.186172485351562,reggae,2
reggae.00008,5,-213.9904937744141,125.71804809570312,-0.8035644292831421,29.690290451049805,-8.349443435668945,28.765260696411133,-13.42192554473877,15.50327968597412,6.099363327026367,18.10498046875,reggae,2
reggae.00008,6,-258.58905029296875,154.25099182128906,12.29975414276123,25.18946647644043,1.946159839630127,32.58729553222656,4.048842430114746,3.854802131652832,1.7603274583816528,18.235088348388672,reggae,2
reggae.00008,7,-201.9351501464844,117.60807800292967,-11.827032089233398,35.1260871887207,-12.730619430541992,24.94961929321289,-5.534889221191406,11.267536163330078,-6.965818405151367,15.743680953979492,reggae,2
reggae.00008,8,-162.24456787109375,109.07744598388672,-17.42070770263672,39.94869995117188,-8.193106651306152,26.548242568969727,-22.5157413482666,7.955397605895996,-13.583734512329102,15.808700561523438,reggae,2
reggae.00008,9,-189.8166961669922,117.1006851196289,-0.8515967726707458,34.356571197509766,-9.335772514343262,25.281400680541992,-19.636137008666992,6.309928894042969,-19.4720516204834,13.723074913024902,reggae,2
reggae.00009,0,-260.7141418457031,126.2621078491211,11.0378999710083,21.07770729064941,13.723634719848633,21.832094192504883,-6.49709415435791,16.93658447265625,-11.808262825012209,17.74948501586914,reggae,2
reggae.00009,1,-207.06983947753903,118.72181701660156,3.5012319087982178,28.83238220214844,4.8639068603515625,27.294965744018555,-19.60895156860352,14.27167797088623,-20.43990135192871,12.29265308380127,reggae,2
reggae.00009,2,-242.76593017578125,132.66932678222656,4.794312477111816,19.806049346923828,16.814870834350586,25.386993408203125,-8.172991752624512,18.06949234008789,-16.153575897216797,14.425958633422852,reggae,2
reggae.00009,3,-249.65521240234372,136.3696746826172,8.116226196289062,13.63673973083496,11.554407119750977,26.262168884277344,-5.758575916290283,19.869918823242188,-18.717187881469727,13.38014030456543,reggae,2
reggae.00009,4,-238.78907775878903,137.18666076660156,-0.9935978651046752,18.131425857543945,8.873478889465332,23.06756019592285,-9.608980178833008,19.817686080932617,-9.977494239807127,22.221969604492188,reggae,2
reggae.00009,5,-208.61463928222656,143.38356018066406,-7.291141510009766,14.934475898742676,6.015859603881836,23.06800651550293,-16.035310745239258,13.553385734558104,-20.66102600097656,16.067312240600586,reggae,2
reggae.00009,6,-242.16555786132807,131.14772033691406,2.12883734703064,22.277700424194336,14.350171089172363,20.794443130493164,-13.81202220916748,20.834400177001957,-14.955761909484863,15.939026832580566,reggae,2
reggae.00009,7,-242.8715362548828,131.5357666015625,3.7228620052337646,18.417898178100582,13.67383098602295,24.131855010986328,-10.922673225402832,17.25609588623047,-14.866633415222168,17.154693603515625,reggae,2
reggae.00009,8,-235.5997314453125,132.22767639160156,0.9208711981773376,15.77152156829834,11.314321517944336,23.542478561401367,-5.228519439697266,17.447986602783203,-13.817872047424316,16.476181030273438,reggae,2
reggae.00009,9,-203.409912109375,134.8157501220703,-7.335013389587402,18.05882835388184,5.230545520782471,19.93454933166504,-15.789459228515623,15.206477165222168,-16.690601348876953,15.474483489990234,reggae,2
reggae.00010,0,-282.9118347167969,105.64271545410156,-22.463022232055664,47.28064727783203,-7.632262229919434,29.250852584838867,-11.721346855163574,0.8339442610740662,-8.726483345031738,-2.3018531799316406,reggae,2
reggae.00010,1,-206.5349884033203,73.4459457397461,-24.42403984069824,55.24430465698242,-17.89125633239746,28.51127815246582,-31.532203674316406,8.385475158691406,-12.129631042480469,8.261195182800293,reggae,2
reggae.00010,2,-226.57177734375,94.01243591308594,-23.374435424804688,46.23644256591797,-8.182280540466309,23.884578704833984,-17.155675888061523,2.455617904663086,-13.259692192077637,1.803272247314453,reggae,2
reggae.00010,3,-187.84483337402344,80.86527252197266,-29.08745384216309,47.2004280090332,-20.396800994873047,25.39009475708008,-31.7763671875,5.238228797912598,-4.436967372894287,3.588209390640259,reggae,2
reggae.00010,4,-207.5811462402344,82.30632019042969,-24.911890029907227,58.14996337890625,-17.808650970458984,29.60345458984375,-27.170530319213867,4.087903022766113,-9.738021850585938,-0.5901197791099548,reggae,2
reggae.00010,5,-244.02186584472656,95.7381820678711,-27.13419342041016,57.66942596435547,-5.223945617675781,25.505746841430664,-18.01449966430664,-0.3900139331817627,-11.1116304397583,0.7385776042938232,reggae,2
reggae.00010,6,-239.1409454345703,91.3762664794922,-30.777273178100582,56.924652099609375,-17.58568572998047,34.37966537475586,-23.9135799407959,4.3864593505859375,-15.499943733215332,3.3379080295562744,reggae,2
reggae.00010,7,-236.31407165527344,80.54609680175781,-14.09310245513916,62.40283203125,-8.045357704162598,18.898344039916992,-19.581064224243164,3.8410048484802246,-10.758161544799805,5.064206600189209,reggae,2
reggae.00010,8,-303.4810791015625,120.11382293701172,-30.990039825439453,63.891788482666016,6.371066570281982,26.345962524414062,-9.708571434020996,2.2353639602661133,-7.899164199829102,-3.022056579589844,reggae,2
reggae.00010,9,-220.89964294433597,85.72884368896484,-23.14305877685547,53.84246826171875,-16.45343017578125,32.16688537597656,-15.378910064697266,8.93541431427002,-16.688831329345703,-1.860058307647705,reggae,2
reggae.00011,0,-227.1068878173828,96.25076293945312,-2.980732679367065,39.32698440551758,0.0031012755353003,21.52384376525879,-6.9815168380737305,26.987424850463867,-12.213401794433594,16.043813705444336,reggae,2
reggae.00011,1,-198.3993682861328,105.98734283447266,-9.653483390808104,21.293975830078125,-6.081814765930176,18.65746116638184,-7.9502272605896,29.48528861999512,-14.991870880126951,14.08139419555664,reggae,2
reggae.00011,2,-185.5911102294922,111.60337829589844,-17.734535217285156,29.940568923950195,-4.10159158706665,20.73188781738281,-1.6691020727157593,22.39643669128418,-13.205978393554688,18.693716049194336,reggae,2
reggae.00011,3,-219.74874877929688,104.62840270996094,-5.821899890899658,28.46557235717773,-4.7771830558776855,19.98556327819824,-5.931931018829346,25.210662841796875,-11.584611892700195,16.988475799560547,reggae,2
reggae.00011,4,-213.32102966308597,102.43494415283205,-14.734033584594728,38.82659530639648,0.0206069834530353,20.721303939819336,-3.4861159324646,24.717334747314453,-11.463207244873049,19.15268898010254,reggae,2
reggae.00011,5,-158.52377319335938,106.4721908569336,-19.26370048522949,24.012170791625977,-11.337632179260254,19.34629821777344,-6.710804462432861,24.646697998046875,-16.693450927734375,16.821571350097656,reggae,2
reggae.00011,6,-210.180419921875,108.3179168701172,-0.2570699751377105,20.56072998046875,-12.683262825012209,18.868501663208008,0.7733936309814453,33.03586196899414,-17.863258361816406,22.47395133972168,reggae,2
reggae.00011,7,-190.27793884277344,100.8242645263672,-16.877901077270508,34.54861831665039,1.1337343454360962,23.94219207763672,-8.773706436157227,31.17811393737793,-3.5760281085968018,24.39358139038086,reggae,2
reggae.00011,8,-180.3949279785156,93.4658203125,-9.431822776794434,36.38998031616211,-3.7661244869232178,22.45124244689941,-10.508092880249023,35.94930648803711,-9.50881004333496,17.435209274291992,reggae,2
reggae.00011,9,-205.2922515869141,100.2914047241211,-8.29299259185791,37.884307861328125,3.153538942337036,20.07440185546875,-9.402935028076172,31.4406795501709,-7.717041969299316,19.897705078125,reggae,2
reggae.00012,0,-234.85894775390625,99.2173843383789,-42.942684173583984,11.147796630859377,-14.906932830810549,2.8081746101379395,-16.737411499023438,2.7517201900482178,-10.431832313537598,11.326972007751465,reggae,2
reggae.00012,1,-222.9600067138672,58.3427963256836,-29.313268661499023,9.205310821533203,-16.25897789001465,14.712967872619627,-36.334232330322266,5.188381195068359,-21.58920669555664,14.013100624084473,reggae,2
reggae.00012,2,-233.2032012939453,103.14962768554688,-15.75379753112793,28.704086303710938,12.50643539428711,32.46107864379883,-10.232718467712402,17.333518981933594,-9.286170959472656,15.106352806091309,reggae,2
reggae.00012,3,-183.65342712402344,96.44708251953124,-17.078317642211914,41.67121505737305,5.868101119995117,32.56718826293945,-6.587796688079834,21.30599975585937,-8.097675323486328,20.67331886291504,reggae,2
reggae.00012,4,-174.82022094726562,96.5105438232422,-21.329444885253903,24.5154972076416,5.48679780960083,36.5078353881836,-9.173298835754396,22.06504249572754,-9.873475074768066,17.46446418762207,reggae,2
reggae.00012,5,-168.39915466308594,96.29036712646484,-13.371953964233398,31.307710647583008,-3.010826587677002,31.44236946105957,-9.765467643737791,28.894330978393555,-6.694291591644287,15.31663417816162,reggae,2
reggae.00012,6,-176.4695281982422,99.38240814208984,-15.416288375854492,35.30705642700195,2.8608434200286865,31.07454872131348,-8.512886047363281,22.442331314086918,-6.579997539520264,21.68449592590332,reggae,2
reggae.00012,7,-191.9774627685547,114.8926773071289,-3.922337055206299,17.936201095581055,-1.3658349514007568,26.02987289428711,-2.444058418273926,29.496654510498047,-9.57642936706543,19.401657104492188,reggae,2
reggae.00012,8,-159.51466369628906,103.655517578125,-8.481226921081543,21.67855262756348,-3.2639758586883545,27.89937210083008,-16.953752517700195,26.692476272583008,-12.64956283569336,22.15380477905273,reggae,2
reggae.00012,9,-170.2801513671875,101.76095581054688,-15.330322265625,32.71223831176758,-2.490115165710449,32.74046325683594,-18.58967018127441,24.805559158325195,-7.943758487701416,17.597585678100586,reggae,2
reggae.00013,0,-234.6519927978516,125.6358642578125,8.178754806518555,34.0900764465332,16.018749237060547,27.16465187072754,-9.251924514770508,14.426026344299316,-7.824561595916748,9.230224609375,reggae,2
reggae.00013,1,-191.12289428710935,128.74172973632812,-15.194034576416016,32.97126007080078,11.810901641845703,26.539884567260746,-6.783298492431641,20.318683624267575,-13.08372974395752,10.039283752441406,reggae,2
reggae.00013,2,-194.146728515625,125.5053253173828,-11.781402587890623,28.82773780822754,2.8045005798339844,26.481565475463867,-13.169218063354492,9.648809432983398,-17.927587509155273,3.594738006591797,reggae,2
reggae.00013,3,-187.4523162841797,127.0501937866211,-7.484875679016113,30.55319023132324,8.444154739379883,26.93876266479492,-15.210816383361816,13.39126205444336,-5.516263484954834,14.414286613464355,reggae,2
reggae.00013,4,-178.9603729248047,123.8641586303711,-15.495502471923828,28.473388671875,1.0634993314743042,26.238183975219727,-10.82567310333252,9.584268569946287,-7.357702732086182,16.971460342407227,reggae,2
reggae.00013,5,-172.61473083496094,100.48165130615234,6.964962959289551,36.36293029785156,2.038867235183716,33.77159118652344,-18.00345230102539,13.786615371704102,-12.038159370422363,11.420013427734377,reggae,2
reggae.00013,6,-238.64097595214844,136.56906127929688,7.374059677124023,26.796688079833984,17.94391441345215,30.18230628967285,-2.5102336406707764,14.945470809936523,-7.31769847869873,10.419803619384766,reggae,2
reggae.00013,7,-178.87193298339844,116.81617736816406,-6.641257762908936,24.875566482543945,-4.876035690307617,28.50509452819824,-23.381580352783203,15.907129287719728,-14.39649772644043,18.36282730102539,reggae,2
reggae.00013,8,-240.4278259277344,125.30791473388672,6.351002216339111,26.2105655670166,17.78204917907715,35.782039642333984,-8.065596580505371,14.49908447265625,-5.279058933258057,17.10289764404297,reggae,2
reggae.00013,9,-256.5947265625,129.56764221191406,9.631068229675291,34.45915222167969,18.23739242553711,29.832935333251957,-1.398706555366516,15.444894790649414,-2.356095552444458,9.008069038391112,reggae,2
reggae.00014,0,-226.5674285888672,109.8747329711914,1.8588701486587524,39.069217681884766,12.873961448669434,28.234588623046875,-9.189821243286133,21.268537521362305,-5.1808013916015625,5.035112857818604,reggae,2
reggae.00014,1,-252.8148498535156,98.6164779663086,4.793060779571533,41.67912292480469,21.5360164642334,29.548309326171875,-7.785312175750732,15.757072448730469,-8.365718841552734,11.44911289215088,reggae,2
reggae.00014,2,-214.206787109375,107.734130859375,7.556547164916992,41.529972076416016,8.961965560913086,32.51578903198242,-9.110365867614746,23.782283782958984,-5.5694451332092285,5.919287204742432,reggae,2
reggae.00014,3,-261.2908630371094,120.41462707519533,6.969308376312256,40.00800704956055,23.096923828125,25.07865333557129,1.8039320707321167,19.530126571655277,-1.0206217765808103,11.728938102722168,reggae,2
reggae.00014,4,-195.8630828857422,101.05413055419922,7.505856037139893,41.18833541870117,12.703998565673828,26.053211212158203,-8.567258834838867,18.27057838439941,-10.665790557861328,9.67432975769043,reggae,2
reggae.00014,5,-186.0818023681641,111.52045440673828,-13.956045150756836,37.78640365600586,10.842696189880373,27.2877140045166,-8.04323959350586,21.06722068786621,-7.520292282104492,15.308404922485352,reggae,2
reggae.00014,6,-194.30206298828125,111.46208190917967,-6.668124198913574,36.6038818359375,8.706528663635254,24.513126373291016,-12.483428955078123,20.030946731567383,-9.919292449951172,13.588562965393066,reggae,2
reggae.00014,7,-204.4583740234375,111.9403839111328,-6.488232135772705,33.81825256347656,9.351113319396973,27.63106918334961,-9.286371231079102,18.647878646850582,-8.657041549682617,11.38404655456543,reggae,2
reggae.00014,8,-167.77755737304688,102.37225341796876,-13.5873384475708,33.088924407958984,-1.401028037071228,28.912635803222656,-21.735376358032227,24.47479248046875,-10.086191177368164,10.808676719665527,reggae,2
reggae.00014,9,-215.267578125,113.41728973388672,5.490261077880859,34.17702865600586,18.72942543029785,26.224082946777344,0.488394170999527,20.07849884033203,-3.6517298221588135,11.845458030700684,reggae,2
reggae.00015,0,-154.76646423339844,109.7147216796875,12.68268871307373,38.92110824584961,-0.9230921864509584,32.18655776977539,-18.002601623535156,18.142894744873047,-13.668197631835938,16.493282318115234,reggae,2
reggae.00015,1,-178.560791015625,115.0160903930664,9.986663818359377,37.76042556762695,7.072784900665283,30.039735794067383,-13.017138481140137,20.85587882995605,-11.621112823486328,11.628138542175291,reggae,2
reggae.00015,2,-170.04150390625,125.92241668701172,8.577235221862793,40.8429069519043,6.878577709197998,27.44344520568848,-14.362934112548828,17.64606285095215,-14.515267372131348,10.020889282226562,reggae,2
reggae.00015,3,-155.83023071289062,106.42317962646484,7.176046371459961,40.26289749145508,4.812157154083252,30.14284896850586,-15.442495346069336,18.52322578430176,-12.909956932067873,15.334611892700195,reggae,2
reggae.00015,4,-150.51168823242188,115.33909606933594,5.965578079223633,39.5781364440918,-0.1738584041595459,27.901397705078125,-19.959510803222656,16.834260940551758,-13.443750381469728,9.45985984802246,reggae,2
reggae.00015,5,-135.12347412109375,98.5348129272461,5.859054565429688,50.46065139770508,1.982861042022705,21.705904006958008,-16.389734268188477,28.44388008117676,-19.951889038085938,15.273317337036133,reggae,2
reggae.00015,6,-141.45510864257812,106.182861328125,11.131696701049805,38.65858459472656,-0.1075244918465614,25.54585647583008,-12.749626159667969,26.762836456298828,-21.668642044067383,18.396289825439453,reggae,2
reggae.00015,7,-183.5640563964844,113.51934814453124,9.068140029907228,44.41676712036133,10.85685920715332,22.97249412536621,-5.11074686050415,24.875568389892575,-15.61068344116211,15.081993103027344,reggae,2
reggae.00015,8,-152.4661102294922,109.61016845703124,2.185011148452759,40.519805908203125,7.923826217651367,21.589336395263672,-7.769186019897461,25.6446475982666,-13.385839462280272,18.431941986083984,reggae,2
reggae.00015,9,-157.4467315673828,102.76306915283205,8.45305347442627,49.18643951416016,9.0444917678833,20.45364570617676,-9.185341835021973,25.66007804870605,-20.747671127319336,15.96841049194336,reggae,2
reggae.00016,0,-64.04292297363281,111.26864624023438,-19.63542366027832,40.68751525878906,-13.3054838180542,31.7701473236084,-9.458306312561035,20.92139434814453,-16.66820526123047,15.081477165222168,reggae,2
reggae.00016,1,-79.3044204711914,105.77886199951172,-9.357267379760742,47.9700927734375,-9.347097396850586,27.15184211730957,-11.163434982299805,24.159591674804688,-12.676433563232422,18.074756622314453,reggae,2
reggae.00016,2,-68.67119598388672,103.32969665527344,-16.521549224853516,44.46128845214844,-13.49606704711914,32.942264556884766,-9.008471488952637,21.3531494140625,-17.485960006713867,16.453079223632812,reggae,2
reggae.00016,3,-57.56597900390625,105.36309814453124,-19.615997314453125,43.44693756103516,-11.25222110748291,27.307710647583008,-8.495019912719727,23.367435455322266,-16.39882469177246,20.98552894592285,reggae,2
reggae.00016,4,-74.4010238647461,94.35608673095705,-20.47744369506836,52.863731384277344,-12.300368309020996,31.00921440124512,-6.84852409362793,24.541976928710938,-16.707862854003906,14.333843231201172,reggae,2
reggae.00016,5,-39.89528274536133,92.84564208984376,-27.45343017578125,42.18691253662109,-14.967735290527344,30.65293312072754,-12.80105209350586,22.305286407470703,-18.513866424560547,17.74614143371582,reggae,2
reggae.00016,6,-78.47245788574219,97.72016143798828,-11.520272254943848,42.87392044067383,-9.07769012451172,34.62413787841797,-6.163837432861328,23.415756225585938,-19.913105010986328,15.717864990234377,reggae,2
reggae.00016,7,-98.47205352783205,103.73270416259766,-0.0292694084346294,49.07736206054688,-10.304460525512695,31.579105377197266,-12.113973617553713,21.25168228149414,-14.897818565368652,15.312687873840332,reggae,2
reggae.00016,8,-106.95751190185548,102.80540466308594,2.550738573074341,50.29800033569336,-9.792520523071287,34.57295608520508,-10.177655220031738,22.541656494140625,-17.532695770263672,14.247145652770996,reggae,2
reggae.00016,9,-96.03742218017578,97.41487121582033,4.416845321655273,51.02101516723633,-9.907428741455078,34.35759353637695,-10.17900562286377,22.532838821411133,-18.83231544494629,13.66702365875244,reggae,2
reggae.00017,0,-209.1267547607422,129.0658416748047,-19.992542266845703,22.621461868286133,10.765679359436035,36.864723205566406,-1.6972109079360962,17.982425689697266,3.2414867877960205,12.640204429626465,reggae,2
reggae.00017,1,-138.36415100097656,113.44918823242188,-24.29554748535156,39.43907165527344,1.3944120407104492,30.164331436157227,-19.312047958374023,15.523486137390137,-6.6092963218688965,16.04436492919922,reggae,2
reggae.00017,2,-133.17581176757812,105.05284118652344,-29.892635345458984,31.96857643127441,-10.46767520904541,32.358097076416016,-11.297389030456545,19.80195617675781,-10.23752784729004,16.549898147583008,reggae,2
reggae.00017,3,-164.8445281982422,113.01942443847656,-17.496896743774414,43.52778625488281,10.053889274597168,34.1034049987793,-5.237834930419922,19.24644660949707,-4.931222438812256,10.97897720336914,reggae,2
reggae.00017,4,-155.87159729003906,104.8309326171875,-16.279682159423828,41.0977783203125,-0.3905699551105499,28.343172073364254,-17.648588180541992,17.068456649780273,-12.98915672302246,10.497671127319336,reggae,2
reggae.00017,5,-143.5985870361328,112.00507354736328,-18.10636329650879,40.63232421875,4.102156162261963,31.03573989868164,-10.090204238891602,18.700424194335938,-8.770655632019043,11.850531578063965,reggae,2
reggae.00017,6,-151.7541961669922,111.18635559082033,-10.247406005859377,35.604156494140625,-4.645374298095703,33.47394561767578,-7.306005001068115,20.89542579650879,-13.544272422790527,13.6665678024292,reggae,2
reggae.00017,7,-138.6873779296875,102.87039947509766,-19.083227157592773,41.80589294433594,-11.28114128112793,29.503734588623047,-11.411092758178713,21.797731399536133,-12.114066123962402,12.81869411468506,reggae,2
reggae.00017,8,-135.52590942382812,103.50773620605467,-14.271645545959473,39.95600891113281,-1.7533758878707886,34.42146301269531,-10.512478828430176,20.254638671875,-7.630098819732666,15.451042175292969,reggae,2
reggae.00017,9,-179.39418029785156,111.17198181152344,-17.752748489379883,32.678443908691406,4.576696395874023,27.76357078552246,-12.353453636169434,19.41211700439453,-0.5177478790283203,13.19696044921875,reggae,2
reggae.00018,0,-200.68722534179688,117.35814666748048,-5.324794769287109,47.15446853637695,-1.1010727882385254,25.77497100830078,-8.111595153808594,19.31292533874512,-11.06316089630127,8.979586601257324,reggae,2
reggae.00018,1,-178.6428985595703,105.348876953125,-1.9941307306289675,45.583343505859375,2.194820642471313,30.092304229736328,-9.455183029174805,22.33463287353516,-10.642617225646973,13.824968338012695,reggae,2
reggae.00018,2,-164.88941955566406,110.0849609375,-7.099740982055664,40.66622543334961,-4.29011869430542,26.624975204467773,-13.45809268951416,15.211074829101562,-15.932658195495604,11.125616073608398,reggae,2
reggae.00018,3,-184.8719024658203,116.3727798461914,-2.490007877349853,52.677860260009766,5.403525352478027,31.009307861328125,-12.220259666442873,17.537256240844727,-11.424163818359377,9.891704559326172,reggae,2
reggae.00018,4,-175.84156799316406,115.5315170288086,-1.4821125268936155,45.75317001342773,-4.253703594207764,22.136064529418945,-14.827400207519531,18.51180458068848,-14.639418601989746,9.121140480041504,reggae,2
reggae.00018,5,-198.66331481933597,116.9164047241211,0.6543442606925964,51.73115158081055,2.475499629974365,27.60763168334961,-8.118518829345703,20.80650520324707,-11.81665325164795,12.749019622802734,reggae,2
reggae.00018,6,-154.27386474609375,96.95671844482422,-9.81334400177002,53.132232666015625,1.7339363098144531,24.674888610839844,-15.866532325744627,16.308128356933594,-11.72422981262207,10.754328727722168,reggae,2
reggae.00018,7,-138.316162109375,87.46591186523438,-1.29323148727417,57.83786010742188,-5.665140151977539,31.767210006713867,-14.567421913146973,18.229923248291016,-12.481801986694336,13.875457763671877,reggae,2
reggae.00018,8,-180.54075622558597,122.89209747314452,5.610275268554688,45.5953483581543,-6.063437461853027,21.433748245239254,-9.339004516601562,23.342241287231445,-9.5886812210083,13.585681915283203,reggae,2
reggae.00018,9,-145.90931701660156,107.07911682128906,-11.111395835876465,42.6134033203125,-7.654640674591064,23.546464920043945,-15.359911918640137,23.208637237548828,-11.95732593536377,20.30769920349121,reggae,2
reggae.00019,0,-221.548828125,118.40545654296876,5.0849289894104,35.42609786987305,11.770744323730469,26.78742027282715,-3.5597918033599854,20.41716194152832,2.1500186920166016,14.0448637008667,reggae,2
reggae.00019,1,-178.50230407714844,110.71807098388672,-5.87351131439209,38.75494003295898,9.52680778503418,28.974538803100582,2.163126230239868,23.90047264099121,-1.2934952974319458,16.73830223083496,reggae,2
reggae.00019,2,-203.0670928955078,108.693359375,7.561286449432373,33.98054504394531,11.78624439239502,30.9976749420166,1.276758909225464,21.68550491333008,-0.5158170461654663,15.75280475616455,reggae,2
reggae.00019,3,-207.0167694091797,111.95330810546876,-4.017658710479736,32.86899185180664,14.284187316894531,26.08211326599121,-1.799516201019287,19.195087432861328,-1.9491515159606931,14.168932914733888,reggae,2
reggae.00019,4,-179.52780151367188,106.8443832397461,5.455329895019531,42.76153945922852,6.8003830909729,35.00613784790039,-7.22843599319458,17.045089721679688,-5.505786895751953,20.764598846435547,reggae,2
reggae.00019,5,-160.21240234375,85.8344955444336,11.062719345092772,47.38258361816406,3.153939723968506,35.9127197265625,-20.553150177001957,20.660301208496094,-2.6374642848968506,19.6908016204834,reggae,2
reggae.00019,6,-217.2643585205078,111.822265625,4.57216739654541,39.75111770629883,20.36693572998047,26.722990036010746,3.483829498291016,23.21470832824707,0.784662127494812,17.000581741333008,reggae,2
reggae.00019,7,-164.82920837402344,111.2032241821289,7.519869327545166,40.35636901855469,-1.0864872932434082,35.98465347290039,1.3086209297180176,18.521358489990234,-6.209656715393066,11.527432441711426,reggae,2
reggae.00019,8,-159.21815490722656,103.534423828125,4.708915710449219,44.49414825439453,1.0097832679748535,29.35284805297852,-10.009921073913574,23.188383102416992,-5.434051513671875,16.069429397583008,reggae,2
reggae.00019,9,-158.00694274902344,102.81497955322266,-2.870507001876831,38.5359001159668,0.9286996722221376,34.5738525390625,-5.36334228515625,20.45464515686035,0.1110260039567947,18.570777893066406,reggae,2
reggae.00020,0,-211.717041015625,122.32015228271484,5.1476826667785645,31.801326751708984,2.790569305419922,32.16908264160156,-0.8676328063011169,17.729778289794922,-4.623530864715576,12.663105010986328,reggae,2
reggae.00020,1,-171.20907592773438,113.4071044921875,6.213074684143066,41.13227081298828,5.400705337524414,37.606536865234375,-11.85200309753418,19.001909255981445,-18.569997787475582,6.447628021240234,reggae,2
reggae.00020,2,-181.169921875,118.65946197509766,-3.2129464149475098,36.15616607666016,2.647432327270508,33.22915267944336,-14.690460205078123,15.397985458374023,-4.805480003356934,20.31791877746582,reggae,2
reggae.00020,3,-156.7012939453125,99.46947479248048,1.0025118589401243,42.0975227355957,-0.8234633803367615,36.48779296875,-13.873424530029297,20.37585830688477,-10.259190559387209,12.146333694458008,reggae,2
reggae.00020,4,-178.03683471679688,122.44610595703124,-1.399273157119751,29.846864700317383,-0.4207329452037811,34.649139404296875,-11.729873657226562,15.38827133178711,-11.585102081298828,16.977325439453125,reggae,2
reggae.00020,5,-191.9928436279297,103.07469940185548,9.46231174468994,40.6608772277832,0.3467008173465729,42.34041213989258,-6.074635982513428,21.990711212158203,-6.207124710083008,12.917656898498535,reggae,2
reggae.00020,6,-182.27978515625,126.6008529663086,0.4811945855617523,33.441917419433594,6.652580738067627,35.55067443847656,-10.10251522064209,13.020319938659668,-13.82837200164795,12.406601905822754,reggae,2
reggae.00020,7,-188.27085876464844,115.19580841064452,1.2244751453399658,42.3650016784668,4.022505760192871,34.30918502807617,-13.827977180480955,14.68215560913086,-5.223434448242188,18.3604793548584,reggae,2
reggae.00020,8,-153.34510803222656,103.60086822509766,-4.206696033477783,43.33490753173828,-7.41553783416748,35.9197998046875,-8.306516647338867,19.2285270690918,-14.047235488891602,14.549190521240234,reggae,2
reggae.00020,9,-167.28575134277344,122.55001831054688,-1.0004538297653198,25.406295776367188,-6.581167221069336,32.64434814453125,-4.234416484832764,13.471002578735352,-10.680500984191896,22.449249267578125,reggae,2
reggae.00021,0,-86.53202819824219,99.53656005859376,-26.341327667236328,40.03460311889648,-9.772071838378906,31.351137161254883,-10.734665870666504,19.44060707092285,-12.97917652130127,16.060558319091797,reggae,2
reggae.00021,1,-58.173583984375,117.98031616210938,-39.55564880371094,35.14094924926758,-20.54642868041992,17.558435440063477,-10.235167503356934,25.695222854614254,-7.923281669616699,24.4949951171875,reggae,2
reggae.00021,2,-97.74536895751952,109.45460510253906,-31.46763038635254,36.35551071166992,-12.463077545166016,23.03887176513672,-11.097376823425291,17.49860191345215,-14.094627380371094,17.485340118408203,reggae,2
reggae.00021,3,-100.70365142822266,119.336669921875,-23.73611068725586,45.8520393371582,-4.219198703765869,21.73019790649414,-13.833048820495604,18.911012649536133,-4.613767147064209,15.00473403930664,reggae,2
reggae.00021,4,-94.05946350097656,106.2072296142578,-25.166088104248047,40.01253509521485,-11.255660057067873,20.74933242797852,-19.48716163635254,15.49314308166504,-5.962357521057129,15.417490005493164,reggae,2
reggae.00021,5,-92.9207534790039,114.30583190917967,-21.227846145629883,47.59288024902344,-3.203928232192993,26.77389335632324,-13.14789867401123,17.438806533813477,-7.416479587554932,16.484424591064453,reggae,2
reggae.00021,6,-99.49564361572266,108.37467193603516,-24.101167678833008,40.55416870117188,-11.80484390258789,18.390443801879883,-15.799177169799805,15.966533660888672,-5.430946826934815,15.663801193237305,reggae,2
reggae.00021,7,-94.62039947509766,115.09927368164062,-16.55691909790039,43.96113967895508,-1.761905550956726,29.592912673950195,-7.851489067077637,17.005149841308594,-9.875693321228027,15.96261978149414,reggae,2
reggae.00021,8,-77.96180725097656,104.82998657226562,-21.673458099365234,39.57290267944336,-7.92927074432373,29.0117244720459,-7.466339588165283,22.080785751342773,-9.917865753173828,16.968238830566406,reggae,2
reggae.00021,9,-82.14178466796875,103.66900634765624,-24.450946807861328,38.52735900878906,-7.72340726852417,32.054649353027344,-8.647127151489258,18.67050170898437,-7.535090446472168,19.4721622467041,reggae,2
reggae.00022,0,-83.42436981201172,106.52452087402344,-26.921022415161133,44.835914611816406,-9.2849760055542,22.754268646240234,-14.679290771484377,24.90160369873047,-10.468777656555176,18.6583309173584,reggae,2
reggae.00022,1,-78.24309539794922,108.71484375,-36.34315490722656,45.28310012817383,-6.445698261260986,23.193828582763672,-12.13503360748291,27.51656723022461,-10.770606994628906,19.746442794799805,reggae,2
reggae.00022,2,-63.65389251708984,101.92030334472656,-39.69651794433594,42.08437347412109,-12.225595474243164,29.89419937133789,-8.251890182495117,26.67225456237793,-10.904485702514648,19.94035148620605,reggae,2
reggae.00022,3,-96.4730224609375,107.5360870361328,-22.089622497558597,39.43966674804688,-8.807906150817871,28.827550888061523,-7.201929569244385,26.707420349121094,-10.459989547729492,21.907176971435547,reggae,2
reggae.00022,4,-75.94591522216797,99.09022521972656,-25.03162956237793,58.46890640258789,-4.900537014007568,24.48504066467285,-15.719024658203123,25.56255340576172,-13.418532371520996,13.603804588317873,reggae,2
reggae.00022,5,-110.29704284667967,94.08574676513672,-22.321765899658203,51.13460922241211,-7.44909143447876,32.40494155883789,-5.813473701477051,27.62542724609375,-6.421612739562988,21.710309982299805,reggae,2
reggae.00022,6,-89.08708190917969,89.82221984863281,-16.650676727294922,50.54265975952149,-4.825985908508301,32.657020568847656,-13.494035720825195,25.973087310791016,-10.33975887298584,17.991029739379883,reggae,2
reggae.00022,7,-111.6728973388672,95.33877563476562,-17.87447738647461,44.22671890258789,-6.806155204772949,33.42702865600586,-6.1964874267578125,23.91437721252441,-8.886505126953125,25.433534622192383,reggae,2
reggae.00022,8,-93.69886016845705,94.3276138305664,-11.660772323608398,50.581825256347656,-3.8345932960510254,34.10755157470703,-12.025276184082031,23.57794189453125,-13.975601196289062,15.629239082336426,reggae,2
reggae.00022,9,-114.67546844482422,94.26270294189452,-15.648571014404297,44.52077865600586,-6.386002063751221,33.87863540649414,-5.849629878997803,27.068517684936523,-8.422152519226074,23.92331314086914,reggae,2
reggae.00023,0,-151.8943328857422,106.88737487792967,-19.14745140075684,51.298866271972656,16.281856536865234,33.506858825683594,0.2144297659397125,23.45877456665039,-12.602728843688965,23.43768310546875,reggae,2
reggae.00023,1,-123.29483032226562,104.0205078125,-36.16600799560547,47.85470962524414,11.64752197265625,28.331932067871094,-4.202550411224365,25.456697463989254,-11.111085891723633,27.24162101745605,reggae,2
reggae.00023,2,-175.75216674804688,80.62405395507812,-24.10151481628418,53.40250396728516,11.592748641967772,31.126407623291016,-10.617964744567873,17.97625732421875,-17.301475524902344,17.590402603149414,reggae,2
reggae.00023,3,-198.88580322265625,45.356971740722656,-23.541725158691406,52.962196350097656,3.9925692081451416,22.08938217163086,-19.02602767944336,18.723114013671875,-23.011579513549805,13.111132621765137,reggae,2
reggae.00023,4,-192.2245178222656,52.68599319458008,-23.00568199157715,49.8125228881836,8.256420135498047,25.28369903564453,-17.88431167602539,17.013803482055664,-22.560352325439453,11.050742149353027,reggae,2
reggae.00023,5,-183.70291137695312,70.86050415039062,-0.754572868347168,69.98820495605469,24.751903533935547,39.19521331787109,-4.09976053237915,29.140892028808597,-10.58389377593994,22.65669631958008,reggae,2
reggae.00023,6,-179.4669189453125,71.4957046508789,-1.3576364517211914,70.36262512207031,27.33867454528809,40.72608184814453,-6.031762599945068,29.551025390625,-11.560072898864746,21.65836906433105,reggae,2
reggae.00023,7,-154.11288452148438,79.89795684814453,-11.798338890075684,60.83723831176758,14.981061935424805,34.256805419921875,-5.1881937980651855,29.267528533935547,-12.50985050201416,21.659086227416992,reggae,2
reggae.00023,8,-117.33206939697266,91.7973403930664,-33.990325927734375,49.07926559448242,5.914632320404053,28.32567024230957,-4.286461353302002,28.466768264770508,-8.068142890930176,27.679597854614254,reggae,2
reggae.00023,9,-145.1987762451172,88.24003601074219,-22.09687805175781,48.74739456176758,2.864234447479248,29.72653579711914,-3.119546413421631,27.267305374145508,-2.03639554977417,32.707984924316406,reggae,2
reggae.00024,0,-189.92599487304688,114.6591796875,-3.4550695419311523,36.120208740234375,2.83603310585022,25.611860275268555,-12.302621841430664,15.757534980773926,-5.744798183441162,11.3402681350708,reggae,2
reggae.00024,1,-165.29302978515625,102.6584243774414,-9.980303764343262,54.00593185424805,4.12418794631958,29.339006423950195,-19.89925575256348,13.273715019226074,-7.855323314666748,10.723068237304688,reggae,2
reggae.00024,2,-201.6984100341797,134.42466735839844,1.9502216577529907,36.67744064331055,6.088912010192871,25.696413040161133,-11.574735641479492,5.371649742126465,-15.688591957092283,4.014142990112305,reggae,2
reggae.00024,3,-146.0760955810547,117.16637420654295,-1.0458601713180542,37.40188980102539,-8.277557373046875,19.58683013916016,-27.721296310424805,6.995669364929199,-20.1129093170166,6.590153694152832,reggae,2
reggae.00024,4,-175.31361389160156,116.89615631103516,-3.499651432037353,54.60823059082031,-0.3921919465065002,27.025041580200195,-10.475285530090332,15.753622055053713,-11.777934074401855,5.780076026916504,reggae,2
reggae.00024,5,-133.73963928222656,89.32086944580078,-18.424955368041992,46.94205093383789,-3.668168783187866,31.69271278381348,-22.39631462097168,12.946396827697754,-15.420154571533203,10.55475902557373,reggae,2
reggae.00024,6,-189.35997009277344,127.1010971069336,-17.838045120239258,41.804161071777344,2.7340850830078125,23.45681571960449,-4.855565547943115,16.008407592773438,-11.451125144958496,6.408523082733154,reggae,2
reggae.00024,7,-156.12106323242188,101.17688751220705,-19.51884078979492,47.68967056274414,0.4781738221645355,32.22418975830078,-15.775101661682127,17.365015029907227,-2.7307333946228027,9.407353401184082,reggae,2
reggae.00024,8,-151.59426879882812,101.40723419189452,-7.584940433502197,44.85456085205078,-1.7324011325836182,29.647836685180664,-13.192731857299805,16.035974502563477,-14.69723415374756,10.043217658996582,reggae,2
reggae.00024,9,-183.76190185546875,105.7217254638672,-9.54438304901123,42.663211822509766,-3.1803715229034424,25.077749252319336,-9.204093933105469,14.28032112121582,-8.797185897827148,9.321097373962402,reggae,2
reggae.00025,0,-182.1378936767578,106.81012725830078,-18.880420684814453,41.09346389770508,1.306328296661377,25.435869216918945,-8.408404350280762,17.286396026611328,1.3612245321273804,13.192031860351562,reggae,2
reggae.00025,1,-183.3014373779297,111.8867416381836,-19.797821044921875,46.0207633972168,5.05738639831543,25.128173828125,-6.332328796386719,17.827438354492188,-1.5931838750839231,13.330023765563965,reggae,2
reggae.00025,2,-243.64459228515625,106.4289779663086,3.9918406009674072,36.62750244140625,13.163244247436523,32.608489990234375,5.533011436462402,22.26351928710937,4.20264196395874,10.405129432678224,reggae,2
reggae.00025,3,-185.5034942626953,112.41302490234376,-16.326873779296875,41.46566009521485,0.2154702991247177,23.26753807067871,-11.136754989624023,18.71648406982422,-0.1157472729682922,15.332382202148438,reggae,2
reggae.00025,4,-247.3923797607422,127.7911376953125,5.926463603973389,37.79639434814453,12.832763671875,24.75068664550781,5.172926425933838,21.904041290283203,0.5442786812782288,12.41500759124756,reggae,2
reggae.00025,5,-174.10952758789062,94.966552734375,-14.026861190795898,48.34456253051758,2.0850706100463867,29.617862701416016,-10.65035915374756,16.908084869384766,-6.5320892333984375,14.455305099487305,reggae,2
reggae.00025,6,-150.71832275390625,115.62521362304688,-24.61466407775879,39.1556396484375,-8.531719207763672,22.61545753479004,-6.172779560089111,15.952747344970703,-9.653615951538086,11.83877182006836,reggae,2
reggae.00025,7,-96.75706481933594,113.59671020507812,-35.73439025878906,26.445955276489254,-18.99030113220215,20.68943977355957,-13.583709716796877,19.09667587280273,-10.037718772888184,22.100147247314453,reggae,2
reggae.00025,8,-175.33990478515625,127.4893035888672,-27.59849739074707,26.780841827392575,-6.604846954345703,22.37003898620605,0.0183907728642225,21.975868225097656,-7.722159385681152,13.150959014892578,reggae,2
reggae.00025,9,-140.88348388671875,110.0225830078125,-22.032730102539062,35.378570556640625,-10.663701057434082,25.17793273925781,-1.2406355142593384,18.96894073486328,-12.102861404418944,18.14879608154297,reggae,2
reggae.00026,0,-159.02967834472656,104.74520874023438,-8.740522384643555,44.49335479736328,-3.6585443019866943,34.749080657958984,-8.9977445602417,18.20304298400879,0.9706660509109496,14.62177562713623,reggae,2
reggae.00026,1,-198.0775909423828,101.86680603027344,-0.1114210858941078,48.09587860107422,5.760464668273926,31.79823112487793,-8.136855125427246,10.086651802062988,-3.3977417945861816,14.215487480163574,reggae,2
reggae.00026,2,-188.2308654785156,110.82801818847656,-6.556769371032715,37.715763092041016,1.779869794845581,33.147552490234375,-5.037614822387695,14.875537872314451,-1.1994504928588867,15.83139991760254,reggae,2
reggae.00026,3,-173.87313842773438,98.65570831298828,-9.025609970092772,44.352294921875,-2.244694471359253,29.643280029296875,-8.354813575744629,14.0790433883667,3.2826004028320312,17.559171676635742,reggae,2
reggae.00026,4,-187.37109375,112.73907470703124,-23.019824981689453,57.39300537109375,4.065455913543701,26.909034729003903,-2.074767589569092,14.895763397216797,-4.895994663238525,6.525802612304688,reggae,2
reggae.00026,5,-149.40823364257812,82.78653717041016,-5.420485496520996,58.42079925537109,-1.8623875379562376,36.791629791259766,-14.200241088867188,20.13866806030273,-1.3748283386230469,17.012781143188477,reggae,2
reggae.00026,6,-170.41134643554688,102.54218292236328,-9.240331649780272,49.2154655456543,-4.17343807220459,28.801326751708984,-9.034823417663574,14.982830047607422,-7.319781303405762,9.809917449951172,reggae,2
reggae.00026,7,-161.99868774414062,90.73003387451172,-6.838935852050781,56.110389709472656,2.2472915649414062,36.72233200073242,-9.16547679901123,19.160058975219727,-1.8600069284439087,12.083077430725098,reggae,2
reggae.00026,8,-164.4725341796875,93.36881256103516,-5.224494457244873,56.67096328735352,-3.630761384963989,34.833961486816406,-10.066787719726562,21.80978202819824,-1.1800434589385986,13.280962944030762,reggae,2
reggae.00026,9,-168.44256591796875,108.76396942138672,-18.80411529541016,53.09553909301758,3.333001613616944,25.946949005126957,-5.442475318908691,17.391725540161133,-4.409328937530518,12.45604133605957,reggae,2
reggae.00027,0,-208.18795776367188,91.94292449951172,9.507490158081056,48.573486328125,5.4900078773498535,24.609676361083984,-7.911620140075684,15.440877914428713,-2.1478633880615234,17.00943946838379,reggae,2
reggae.00027,1,-172.55343627929688,104.25308227539062,2.115067720413208,31.834375381469727,-1.6711653470993042,20.55099868774414,-7.178864002227783,13.804097175598145,-2.534605026245117,18.549711227416992,reggae,2
reggae.00027,2,-160.0577392578125,70.02117919921875,6.203380107879639,38.096710205078125,-7.134868621826172,23.78638458251953,-14.70101833343506,14.397193908691406,-9.904479026794434,21.70921516418457,reggae,2
reggae.00027,3,-181.0613250732422,89.63473510742188,6.30609130859375,47.33718490600586,-0.1475642323493957,27.183609008789062,-10.18816375732422,10.40980339050293,-8.499499320983887,21.938112258911133,reggae,2
reggae.00027,4,-188.954833984375,92.09540557861328,6.204622745513916,46.95234298706055,6.055695533752441,22.534788131713867,-14.876175880432127,12.296043395996094,-15.560391426086426,13.705526351928713,reggae,2
reggae.00027,5,-160.52842712402344,92.81431579589844,-5.529089450836182,33.79531478881836,-7.036037921905518,22.666484832763672,-11.366631507873535,10.239546775817873,-8.9766206741333,21.566951751708984,reggae,2
reggae.00027,6,-207.18418884277344,86.13491821289062,20.259204864501957,50.295440673828125,4.809655666351318,26.099050521850582,-2.358438014984131,16.80970001220703,-7.413697242736816,14.1026611328125,reggae,2
reggae.00027,7,-155.98956298828125,88.1480941772461,-4.362948894500732,34.45921325683594,-2.8311636447906494,20.97122573852539,-16.165584564208984,13.749500274658203,-9.20133113861084,20.4969425201416,reggae,2
reggae.00027,8,-163.9485321044922,103.0835189819336,-6.8038201332092285,35.34839630126953,-5.440661430358887,25.395448684692383,-6.65411376953125,15.48165225982666,-6.565185070037842,25.36693954467773,reggae,2
reggae.00027,9,-186.0030212402344,91.8932113647461,4.710253715515137,44.04177474975586,1.821520566940308,25.592342376708984,-14.464628219604492,11.413756370544434,-8.017024993896484,18.374717712402344,reggae,2
reggae.00028,0,-307.9232482910156,86.48057556152344,6.906095027923584,64.54586791992188,24.219337463378903,35.64203643798828,7.51092529296875,21.74564743041992,-1.280677080154419,13.145435333251951,reggae,2
reggae.00028,1,-272.18408203125,90.3326644897461,-13.895872116088867,69.16636657714844,19.302322387695312,29.296602249145508,10.138148307800291,17.00906753540039,0.0685788691043853,16.67498779296875,reggae,2
reggae.00028,2,-316.1270446777344,84.59290313720703,17.165760040283203,64.09898376464844,22.995006561279297,36.60057067871094,12.589717864990234,21.49581527709961,0.2292863130569458,13.895319938659668,reggae,2
reggae.00028,3,-266.6781005859375,101.77560424804688,-2.169992446899414,58.489688873291016,8.978331565856934,31.5028018951416,6.8386969566345215,16.880203247070312,-0.2064767628908157,16.269289016723633,reggae,2
reggae.00028,4,-236.2507781982422,113.90748596191406,-10.25491428375244,56.483863830566406,3.818112850189209,27.630395889282227,1.7144676446914673,15.008223533630373,-4.105615139007568,14.582195281982422,reggae,2
reggae.00028,5,-201.41644287109372,121.9005889892578,-21.11229705810547,50.16184997558594,-3.4721829891204834,22.546693801879883,2.224879741668701,15.32046890258789,-5.883063316345215,14.442399978637695,reggae,2
reggae.00028,6,-203.8924865722656,123.49728393554688,-22.840557098388672,50.77537536621094,-3.6365561485290527,26.099689483642575,-0.8196823000907898,12.871053695678713,-5.937568664550781,14.322694778442385,reggae,2
reggae.00028,7,-260.25860595703125,109.7347640991211,-14.117514610290527,57.30778503417969,15.354381561279297,22.24340057373047,5.545989513397217,19.63724136352539,-0.2912750244140625,16.599245071411133,reggae,2
reggae.00028,8,-255.72463989257807,106.82678985595705,-5.527145385742188,53.003719329833984,7.702395915985107,24.993162155151367,4.835935115814209,22.705684661865234,-0.6046107411384583,17.09333610534668,reggae,2
reggae.00028,9,-249.51104736328125,114.7410659790039,-14.337556838989258,46.02318954467773,8.852901458740234,22.63374328613281,1.999611496925354,21.22574806213379,0.3435906171798706,14.63282585144043,reggae,2
reggae.00029,0,-180.88087463378903,100.78359985351562,11.925634384155272,58.4533805847168,-3.8993923664093018,31.7711238861084,-11.39683437347412,23.0293025970459,-14.63519287109375,13.451801300048828,reggae,2
reggae.00029,1,-189.51617431640625,115.68802642822266,-6.531632900238037,50.03311920166016,2.073256731033325,26.08695602416992,-5.378089427947998,22.19228744506836,-8.872589111328125,8.715517044067383,reggae,2
reggae.00029,2,-172.95521545410156,117.94213104248048,-11.157073974609377,49.024662017822266,2.642066717147827,27.564302444458008,-6.334845542907715,25.7772159576416,-5.360966682434082,11.60008430480957,reggae,2
reggae.00029,3,-210.1144561767578,111.96405029296876,5.850349426269531,49.88882446289063,1.7393436431884766,29.18856430053711,-3.712247133255005,23.772506713867188,-6.528247833251953,10.485791206359863,reggae,2
reggae.00029,4,-227.94065856933597,110.85485076904295,22.36322593688965,52.21553802490234,0.0019095201278105,31.561019897460938,-1.401928424835205,26.10860824584961,-2.7297840118408203,13.292043685913086,reggae,2
reggae.00029,5,-219.6962738037109,112.5553970336914,10.682745933532717,48.283424377441406,4.194978713989258,32.66226959228516,-2.8751416206359863,23.27269172668457,-3.5306735038757324,11.858809471130373,reggae,2
reggae.00029,6,-173.01625061035156,118.61514282226562,-10.836712837219238,45.26082992553711,2.5512704849243164,29.13568115234375,-5.927211284637451,25.30207252502441,-3.895587682723999,10.83574390411377,reggae,2
reggae.00029,7,-192.52536010742188,111.9645004272461,-0.2582367062568664,50.18006896972656,2.143917798995972,30.468650817871094,-5.199270248413086,24.42483901977539,-7.609825611114502,8.075482368469238,reggae,2
reggae.00029,8,-202.4990692138672,111.85324096679688,22.70469093322754,62.9158935546875,-0.449344277381897,30.007781982421875,-3.375976085662842,13.056632041931152,-15.509048461914062,15.589956283569336,reggae,2
reggae.00029,9,-258.3598327636719,103.85967254638672,41.87741088867188,55.71142578125,-0.3328577578067779,35.06272506713867,-2.0464677810668945,20.406965255737305,-4.846321105957031,13.486635208129885,reggae,2
reggae.00030,0,-214.63671875,121.84607696533205,-2.3931808471679688,30.02903938293457,-4.02858304977417,33.46237564086914,-2.458263397216797,20.86749839782715,-4.165769577026367,16.556407928466797,reggae,2
reggae.00030,1,-225.1820373535156,114.07750701904295,16.391082763671875,40.43365478515625,0.9662787914276124,35.13607406616211,-4.421265602111816,13.657379150390623,-6.67793607711792,17.538127899169922,reggae,2
reggae.00030,2,-224.8456115722656,112.64620208740234,12.570406913757324,39.35850524902344,-0.5021827220916748,34.363670349121094,-5.6226654052734375,14.47366428375244,-7.818557739257812,16.42388153076172,reggae,2
reggae.00030,3,-184.4385223388672,100.6604232788086,-10.236978530883787,53.74365997314453,0.722900390625,30.347625732421875,-6.0975751876831055,23.592491149902344,-8.985651016235352,14.586628913879396,reggae,2
reggae.00030,4,-261.3139953613281,87.92083740234375,28.421743392944336,54.88898468017578,2.1076622009277344,32.711814880371094,-2.092923402786255,16.78233528137207,-8.030068397521973,19.492509841918945,reggae,2
reggae.00030,5,-254.90423583984372,88.9764404296875,15.995556831359863,67.28123474121094,9.490345001220703,29.671897888183597,0.0359454825520515,19.49441146850586,-7.076179504394531,19.104631423950195,reggae,2
reggae.00030,6,-273.5835876464844,91.11454010009766,38.25506210327149,54.58344650268555,1.6109968423843384,31.039295196533203,-0.0592830665409565,13.314559936523438,-8.29509449005127,16.23662567138672,reggae,2
reggae.00030,7,-224.9524688720703,95.93894958496094,14.79598331451416,59.69776916503906,1.826578140258789,34.62010955810547,0.3215540945529938,20.64323616027832,-10.557449340820312,15.943312644958496,reggae,2
reggae.00030,8,-267.19976806640625,88.8744125366211,26.546157836914062,59.35881423950195,6.524314880371094,33.078575134277344,-2.538250684738159,16.392087936401367,-12.77116584777832,16.589080810546875,reggae,2
reggae.00030,9,-270.1229553222656,98.73414611816406,42.839942932128906,56.57357406616211,2.2233359813690186,35.48855972290039,0.4497043788433075,15.359136581420898,-7.016664028167725,20.77500343322754,reggae,2
reggae.00031,0,-192.1039123535156,106.3172607421875,-13.150452613830566,51.729251861572266,6.275503635406494,26.63623046875,0.7524492740631104,19.038042068481445,-5.93621826171875,15.305316925048828,reggae,2
reggae.00031,1,-253.74212646484372,102.5285873413086,3.2929608821868896,43.20875549316406,19.42435073852539,41.86598587036133,12.89101791381836,25.365068435668945,0.1260685920715332,18.806596755981445,reggae,2
reggae.00031,2,-271.1852722167969,101.8638687133789,18.191272735595703,34.7137336730957,13.33905792236328,46.95914077758789,16.81713104248047,18.57170867919922,-1.1325294971466064,19.32685089111328,reggae,2
reggae.00031,3,-248.974853515625,98.52139282226562,14.212700843811035,42.10511779785156,12.337244987487791,44.898475646972656,12.33941650390625,25.132455825805664,-2.810272216796875,15.02895736694336,reggae,2
reggae.00031,4,-225.95706176757807,100.68608856201172,3.170076370239258,45.67603302001953,8.87755298614502,37.350624084472656,6.977156162261963,23.755401611328125,-3.512050151824951,16.882429122924805,reggae,2
reggae.00031,5,-233.1561279296875,100.46637725830078,8.045642852783203,45.9818115234375,12.020992279052734,39.119720458984375,8.116216659545898,26.126413345336918,-4.817834377288818,14.658821105957031,reggae,2
reggae.00031,6,-200.9946746826172,107.44921112060548,-6.142983913421631,47.46904373168945,4.852964401245117,29.67402648925781,3.43437123298645,19.356502532958984,-5.902636528015137,15.48727798461914,reggae,2
reggae.00031,7,-241.961669921875,109.98567962646484,2.4949212074279785,46.83832550048828,14.987529754638672,34.82258224487305,9.891072273254396,21.8453426361084,-2.342780113220215,14.22197151184082,reggae,2
reggae.00031,8,-204.11505126953125,114.77294158935548,-13.007586479187012,44.82805633544922,6.656732082366943,30.462514877319336,5.609323024749756,20.421222686767575,-2.974153995513916,18.000158309936523,reggae,2
reggae.00031,9,-203.854248046875,101.86553192138672,-22.940336227416992,44.31340026855469,1.7685611248016355,26.155385971069336,1.6355959177017212,17.112478256225586,-8.63311767578125,12.371663093566896,reggae,2
reggae.00032,0,-230.4871063232422,134.37258911132812,-45.8582763671875,47.261749267578125,-8.440629959106445,27.17841339111328,-5.452823638916016,20.247648239135746,-2.780809164047241,7.350605487823486,reggae,2
reggae.00032,1,-249.60952758789065,142.39993286132812,-52.10708618164063,55.665802001953125,-0.2931230068206787,18.71826934814453,3.990352153778076,15.329501152038574,-0.922076404094696,6.7959885597229,reggae,2
reggae.00032,2,-194.9330902099609,139.7141876220703,-46.288333892822266,55.747806549072266,-10.632608413696287,22.81169319152832,-6.550635814666748,17.90286636352539,-6.398322105407715,8.617962837219238,reggae,2
reggae.00032,3,-260.07012939453125,121.60083770751952,-10.793017387390137,34.00503158569336,13.354771614074709,27.51261329650879,5.896673679351807,20.27654266357422,1.6795538663864136,12.73759937286377,reggae,2
reggae.00032,4,-236.822265625,115.0113754272461,-13.280487060546877,36.23846054077149,4.874337673187256,30.343385696411133,1.848666429519653,21.46734046936035,-0.3081923723220825,11.54902458190918,reggae,2
reggae.00032,5,-247.85302734375,127.2894058227539,-17.864208221435547,29.447473526000977,11.878552436828612,27.085298538208008,6.231136798858643,20.7275390625,2.440786600112915,12.701324462890623,reggae,2
reggae.00032,6,-271.0997009277344,115.40843963623048,-1.0302516222000122,31.131298065185547,12.850090026855469,31.951217651367188,5.911365509033203,21.380687713623047,1.3925701379776,11.698153495788574,reggae,2
reggae.00032,7,-253.8212738037109,120.57952117919922,-2.6330642700195312,42.86139297485352,5.138241767883301,28.21644401550293,1.6933560371398926,15.706271171569824,-1.873136281967163,10.724388122558594,reggae,2
reggae.00032,8,-275.4228820800781,127.5498504638672,14.3394136428833,35.57951354980469,8.521195411682129,32.39176559448242,1.0646225214004517,13.873955726623535,-1.8416692018508911,9.621407508850098,reggae,2
reggae.00032,9,-239.2997131347656,115.75486755371094,-4.283919811248779,42.38496017456055,8.508718490600586,26.122745513916016,0.3264671862125397,18.801603317260746,-6.067627429962158,9.368070602416992,reggae,2
reggae.00033,0,-207.605224609375,125.923583984375,0.7968524694442749,40.90327072143555,-4.835084915161133,30.958728790283203,-8.460156440734863,24.963090896606445,-9.582188606262209,18.2304744720459,reggae,2
reggae.00033,1,-243.01806640625,120.86386108398438,7.843857765197754,35.9486198425293,-10.688027381896973,25.843509674072266,-1.8546628952026367,18.39303207397461,-8.948840141296387,10.761794090270996,reggae,2
reggae.00033,2,-257.3379821777344,120.59478759765624,16.437015533447266,42.1104621887207,-2.51137638092041,37.12129592895508,5.375504493713379,25.60894775390625,-6.060307502746582,10.282071113586426,reggae,2
reggae.00033,3,-265.43621826171875,97.58967590332033,6.964468002319336,41.057167053222656,-6.602242946624756,37.09880447387695,2.7603201866149902,24.603445053100582,-13.727011680603027,8.959284782409668,reggae,2
reggae.00033,4,-280.58544921875,114.53895568847656,23.378814697265625,36.92377471923828,-3.821465492248535,40.58220291137695,0.3433265089988708,23.18490028381348,-12.640603065490724,8.55351448059082,reggae,2
reggae.00033,5,-230.55447387695312,118.23779296875,5.087873935699463,46.82887649536133,1.563681960105896,36.48113632202149,0.1002402082085609,24.515640258789062,-9.404820442199709,11.826743125915527,reggae,2
reggae.00033,6,-228.572509765625,106.68511199951172,-9.758984565734863,37.46188354492188,-8.860204696655273,25.448450088500977,-5.7748003005981445,16.87290382385254,-13.162673950195312,11.044596672058104,reggae,2
reggae.00033,7,-226.09033203125,114.63307189941406,0.790966808795929,49.63474655151367,-0.1660440564155578,35.91197967529297,0.1173884496092796,24.261444091796875,-8.960315704345703,13.933897972106934,reggae,2
reggae.00033,8,-272.6811828613281,95.30818939208984,7.355424880981445,44.42864990234375,-5.944117069244385,35.6251335144043,-2.096474885940552,22.316049575805664,-13.466974258422852,7.953101634979248,reggae,2
reggae.00033,9,-290.8999938964844,111.9849624633789,43.66221618652344,46.85506439208984,4.533024787902832,48.95260238647461,4.162106037139893,27.21577453613281,-10.806838035583496,8.24705982208252,reggae,2
reggae.00034,0,-238.6580810546875,135.9988555908203,0.7021852731704712,42.83732604980469,1.4397839307785034,18.838905334472656,8.093988418579102,15.926280975341797,-3.994685173034668,6.00941276550293,reggae,2
reggae.00034,1,-242.1831970214844,128.9088897705078,-8.011272430419922,40.214447021484375,4.70132303237915,23.765300750732425,12.647184371948242,21.61122131347656,5.05449104309082,15.849361419677734,reggae,2
reggae.00034,2,-240.91448974609372,133.2349090576172,-6.544970512390137,40.7901611328125,3.978853225708008,21.340999603271484,11.211535453796388,20.05705451965332,-0.4903739392757416,10.005139350891112,reggae,2
reggae.00034,3,-233.4713287353516,133.9268035888672,-7.134324550628662,39.2877197265625,0.827925980091095,17.0767822265625,8.911420822143555,20.7515926361084,-1.0020334720611572,8.611649513244629,reggae,2
reggae.00034,4,-259.5723876953125,131.19937133789062,1.5177116394042969,38.18473815917969,2.47678542137146,17.052001953125,7.649329662322998,20.189868927001957,4.36485767364502,16.432146072387695,reggae,2
reggae.00034,5,-235.921875,133.73477172851562,-2.351534128189087,40.27923202514648,0.8643360137939453,17.761686325073242,7.392915725708008,19.011173248291016,-1.5420105457305908,10.713743209838867,reggae,2
reggae.00034,6,-275.3230895996094,131.16087341308594,14.985481262207031,35.735164642333984,4.151771068572998,21.779273986816406,14.434356689453123,20.9070987701416,0.6947774887084961,11.323217391967772,reggae,2
reggae.00034,7,-214.7527618408203,133.88430786132812,-3.4631667137146,45.497440338134766,0.4646918773651123,18.157703399658203,2.424919605255127,21.18287849426269,-3.920184135437012,10.623550415039062,reggae,2
reggae.00034,8,-231.108642578125,133.59136962890625,4.4866204261779785,47.85886001586914,3.701820135116577,20.63971519470215,2.355964183807373,21.951446533203125,-4.828446865081787,13.761358261108398,reggae,2
reggae.00034,9,-221.28907775878903,133.58419799804688,0.7386643290519714,45.78681564331055,-1.884338855743408,17.772464752197266,1.6104968786239624,20.78259658813477,-2.85994553565979,10.094813346862791,reggae,2
reggae.00035,0,-208.3383026123047,113.65666961669922,-5.755340099334717,46.6466064453125,-5.897541999816895,25.37464141845703,-1.6145846843719482,15.495402336120604,-6.882853031158447,9.768960952758787,reggae,2
reggae.00035,1,-231.3944549560547,124.23822021484376,4.726247310638428,36.71873474121094,-5.036508560180664,27.99129295349121,-2.2953813076019287,11.483654022216797,-4.604375839233398,11.440472602844238,reggae,2
reggae.00035,2,-216.7972412109375,114.2769775390625,-16.099260330200195,39.31235885620117,-2.163419008255005,25.47197532653809,0.4345797002315521,17.148534774780273,-2.3619461059570312,13.073691368103027,reggae,2
reggae.00035,3,-225.53558349609372,130.33921813964844,-4.943112373352051,24.60298538208008,-4.422565937042236,27.94338607788086,0.3411689102649688,15.44862174987793,1.5663130283355713,12.929458618164062,reggae,2
reggae.00035,4,-235.01927185058597,117.430908203125,-3.5851919651031494,37.05939102172852,-4.612292289733887,25.68697929382324,0.4545008838176727,18.98605728149414,-2.428278923034668,11.03050422668457,reggae,2
reggae.00035,5,-244.7396240234375,110.17150115966795,1.1682533025741575,44.03028869628906,-3.91442608833313,26.498016357421875,2.9888594150543213,18.69832420349121,-2.9314184188842773,13.577863693237305,reggae,2
reggae.00035,6,-214.7610626220703,114.88826751708984,-7.797038555145264,44.79210662841797,-5.958865165710449,20.85732078552246,-1.628129243850708,16.858211517333984,-3.161034107208252,11.263392448425291,reggae,2
reggae.00035,7,-235.64718627929688,105.23350524902344,-3.115272045135498,47.16301727294922,-2.915813684463501,24.88944625854492,3.1180613040924072,20.77144241333008,-0.9619960784912108,11.87409782409668,reggae,2
reggae.00035,8,-224.09494018554688,109.7953109741211,-3.5230202674865723,40.956356048583984,-8.264263153076172,24.0816593170166,-0.170314610004425,20.51247787475586,-0.5084038376808167,12.150854110717772,reggae,2
reggae.00035,9,-203.50146484375,110.84577941894533,-10.413317680358888,47.56853866577149,-12.435662269592283,23.7230281829834,0.3051470220088959,20.48087501525879,-5.828877925872803,9.43002223968506,reggae,2
reggae.00036,0,-214.42141723632807,105.5622329711914,2.6084508895874023,47.64402770996094,-1.516277313232422,30.597381591796875,8.813353538513184,23.388219833374023,-0.3875226676464081,13.682969093322754,reggae,2
reggae.00036,1,-235.39068603515625,81.5689926147461,-2.437558174133301,46.86245346069336,-0.2123906016349792,29.69695281982422,2.423922061920166,15.061193466186523,-11.84313678741455,9.979312896728516,reggae,2
reggae.00036,2,-263.8861694335937,84.51317596435547,14.841809272766112,46.210262298583984,10.384552001953123,39.385868072509766,12.89048957824707,21.65892219543457,-2.8041226863861084,15.655917167663574,reggae,2
reggae.00036,3,-240.24436950683597,88.94300079345703,-7.543545722961426,37.47515106201172,-1.4422434568405151,37.49903106689453,19.6834774017334,24.87001609802246,-7.903379440307617,5.951073169708252,reggae,2
reggae.00036,4,-239.49676513671875,80.38553619384766,-2.26167631149292,41.74448776245117,-0.442662626504898,30.846927642822266,8.860630989074707,19.4337158203125,-6.655467510223389,8.408666610717773,reggae,2
reggae.00036,5,-228.6712188720703,85.44086456298828,-0.8727163672447205,52.045536041259766,1.31480872631073,33.46913146972656,8.125447273254395,23.407733917236328,-5.7847771644592285,12.550422668457031,reggae,2
reggae.00036,6,-272.7992248535156,77.08374786376953,8.199441909790039,39.779571533203125,0.5214298963546753,33.241493225097656,7.952886581420898,15.541054725646973,-10.074579238891602,7.6754937171936035,reggae,2
reggae.00036,7,-222.1342620849609,107.64083862304688,6.577880382537842,48.631927490234375,-0.4518683850765228,35.375328063964844,10.734065055847168,19.553621292114254,-0.0119570801034569,14.37642765045166,reggae,2
reggae.00036,8,-214.4558258056641,101.8142547607422,-10.546133041381836,42.06283187866211,-5.43143892288208,21.482797622680664,-1.991704106330872,11.953754425048828,-7.117623805999756,11.715008735656738,reggae,2
reggae.00036,9,-235.7765350341797,107.09130859375,8.085022926330566,53.9656982421875,7.842652320861816,31.59939956665039,10.903397560119627,21.66121864318848,0.4022337198257446,10.394527435302734,reggae,2
reggae.00037,0,-248.9168701171875,91.23918151855467,-7.229067802429199,43.71564102172852,1.6657588481903076,29.714393615722656,10.05925750732422,24.378705978393555,3.344862222671509,11.341804504394531,reggae,2
reggae.00037,1,-251.2715759277344,101.6030731201172,3.4595890045166016,45.62116241455078,7.15235710144043,36.209285736083984,10.875215530395508,28.87981414794922,6.523578643798828,13.84483814239502,reggae,2
reggae.00037,2,-279.091552734375,91.92723083496094,5.551591396331787,39.69637680053711,4.7166900634765625,32.52266311645508,11.90455150604248,30.616973876953125,9.302118301391602,12.879995346069336,reggae,2
reggae.00037,3,-228.59815979003903,107.56018829345705,-7.580714702606201,47.95536422729492,3.457653760910034,32.252784729003906,11.344674110412598,27.57355308532715,4.8353776931762695,11.756813049316406,reggae,2
reggae.00037,4,-237.77297973632807,99.03987121582033,-9.34596061706543,48.58665466308594,0.7736339569091797,26.03606605529785,8.74729061126709,25.477039337158203,2.8641226291656494,12.79370403289795,reggae,2
reggae.00037,5,-214.33876037597656,106.55572509765624,-11.28586769104004,46.5581283569336,-0.423426479101181,28.82460594177246,5.698349475860596,23.398067474365234,2.379518985748291,14.35625171661377,reggae,2
reggae.00037,6,-216.59307861328125,99.2235870361328,-13.62400722503662,50.51960754394531,-0.0090275695547461,28.26445770263672,5.843287944793701,26.322044372558597,1.5583666563034058,13.443532943725586,reggae,2
reggae.00037,7,-215.31051635742188,106.15286254882812,-12.512598037719728,49.60551834106445,-4.308567523956299,25.928232192993164,2.501616954803467,22.63160514831543,0.9693315029144288,12.181244850158691,reggae,2
reggae.00037,8,-279.6803894042969,96.99917602539062,13.220447540283203,47.154541015625,12.678410530090332,31.5039005279541,15.685272216796877,35.615726470947266,10.077337265014648,15.943994522094728,reggae,2
reggae.00037,9,-256.8024597167969,84.97476959228516,-1.7853848934173584,42.43157958984375,5.344221591949463,22.439193725585938,4.764179706573486,25.92496681213379,3.2727065086364746,13.721232414245604,reggae,2
reggae.00038,0,-175.5340118408203,114.58307647705078,-30.020326614379883,28.53980255126953,-19.293123245239254,10.78151035308838,-17.385862350463867,14.43563461303711,-13.342567443847656,22.839141845703125,reggae,2
reggae.00038,1,-219.82725524902344,112.90713500976562,-21.41217041015625,39.3162727355957,-10.773063659667969,12.370684623718262,-12.503668785095217,13.990790367126465,-8.882746696472168,9.806615829467772,reggae,2
reggae.00038,2,-184.907958984375,121.3872528076172,-21.686681747436523,25.9321231842041,-15.50223159790039,14.89273452758789,-13.585135459899902,13.548561096191406,-11.77010726928711,22.85855484008789,reggae,2
reggae.00038,3,-183.9961395263672,119.8513412475586,-24.61724853515625,36.58209228515625,-17.641427993774414,11.212640762329102,-11.36424732208252,12.802471160888672,-8.537482261657715,17.742412567138672,reggae,2
reggae.00038,4,-212.945556640625,120.83415222167967,-17.427085876464844,29.08742904663086,-6.77091121673584,14.3184814453125,-10.208436012268066,11.78074836730957,-9.948129653930664,18.700428009033203,reggae,2
reggae.00038,5,-255.7494659423828,109.132080078125,-5.455979824066162,32.771881103515625,-9.701031684875488,20.803237915039062,-4.106605052947998,14.938767433166504,6.150969505310059,22.321022033691406,reggae,2
reggae.00038,6,-279.4049072265625,107.68875122070312,11.69117259979248,37.59794998168945,-5.239390850067139,22.290550231933597,-2.953927755355835,13.716625213623049,-1.783415675163269,7.625335693359375,reggae,2
reggae.00038,7,-321.226806640625,102.56834411621094,26.709266662597656,36.740718841552734,-2.3602852821350098,27.74592018127441,0.6952021718025208,16.178001403808594,0.5281351208686829,11.10849952697754,reggae,2
reggae.00038,8,-260.023193359375,99.99180603027344,-4.398644924163818,43.0638313293457,-5.013690948486328,25.835887908935547,-0.924733579158783,15.464533805847168,-0.0145221417769789,14.51722526550293,reggae,2
reggae.00038,9,-314.1048583984375,92.33191680908205,-2.051457405090332,22.09234619140625,-3.509295701980591,34.88270568847656,18.69649887084961,35.774513244628906,5.033141136169434,3.5945348739624023,reggae,2
reggae.00039,0,-363.4246520996094,106.10292053222656,66.91924285888672,45.81153869628906,18.92819595336914,19.99479866027832,-23.84127426147461,21.662097930908203,-0.6785650253295898,30.379302978515625,reggae,2
reggae.00039,1,-379.4965515136719,96.7948760986328,80.8459243774414,52.88278579711914,25.33555793762207,28.335134506225582,-20.634939193725582,23.514671325683597,0.8830411434173584,28.66876220703125,reggae,2
reggae.00039,2,-319.4864807128906,97.5655288696289,60.84186553955078,49.39719009399414,23.14667510986328,25.018783569335938,-10.154605865478516,22.07808303833008,0.9615728259086608,23.307058334350582,reggae,2
reggae.00039,3,-286.9630432128906,99.86898040771484,48.5421257019043,40.54558944702149,16.17229652404785,26.91675567626953,-7.047878265380859,24.83534240722656,2.0136969089508057,25.8548526763916,reggae,2
reggae.00039,4,-283.317138671875,102.16161346435548,47.4318962097168,42.83716583251953,16.38848114013672,28.384445190429688,-5.210245132446289,24.33539581298828,1.2738308906555176,24.931062698364254,reggae,2
reggae.00039,5,-258.6881408691406,111.09381866455078,35.73880386352539,36.61084365844727,9.94472885131836,25.52507972717285,-5.476475715637207,21.80240821838379,-1.7168456315994265,23.744070053100582,reggae,2
reggae.00039,6,-289.3852233886719,103.6928939819336,50.03646469116211,40.40647506713867,17.400665283203125,28.403865814208984,-4.649706840515137,24.584566116333008,0.3204036951065063,25.37385368347168,reggae,2
reggae.00039,7,-288.80010986328125,100.47224426269533,51.44176864624024,43.44984817504883,15.662965774536133,24.77102851867676,-9.228293418884276,22.44648551940918,0.7715590000152588,26.32208633422852,reggae,2
reggae.00039,8,-295.12158203125,95.4586410522461,53.18501663208008,44.63398361206055,20.54275894165039,29.602027893066406,-5.232122421264648,25.27946662902832,1.022122859954834,25.52657699584961,reggae,2
reggae.00039,9,-283.9567565917969,104.75779724121094,48.9873046875,40.44852828979492,13.220565795898438,24.76177024841309,-8.907267570495605,23.550819396972656,1.198803424835205,26.656007766723636,reggae,2
reggae.00040,0,-370.0217590332031,90.2527313232422,-25.04815673828125,25.59151268005371,-26.10547637939453,-0.9736478328704834,-14.824457168579102,-0.5158697366714478,-19.084999084472656,1.971313238143921,reggae,2
reggae.00040,1,-341.3988952636719,57.70311737060547,-34.066978454589844,16.64100456237793,-25.1837215423584,14.02519702911377,-27.495059967041016,-3.441810131072998,-24.92772674560547,5.328100681304932,reggae,2
reggae.00040,2,-290.0429077148437,111.91144561767578,-45.12942123413086,28.73861312866211,-25.007761001586918,3.842221736907959,-19.272220611572266,-2.7270076274871826,-26.53398895263672,-7.760098934173584,reggae,2
reggae.00040,3,-238.81613159179688,100.81926727294922,-35.38981628417969,54.67817687988281,-17.616491317749023,6.820906162261963,-18.85048484802246,-5.885136127471924,-25.854537963867188,-6.538552761077881,reggae,2
reggae.00040,4,-402.4695434570313,133.44419860839844,-38.1168098449707,17.72454071044922,-12.813104629516602,-0.5617059469223022,-17.90833854675293,-9.248244285583496,-25.49128532409668,-9.06406593322754,reggae,2
reggae.00040,5,-226.1085968017578,100.59700775146484,-35.98442840576172,40.20707702636719,-18.136734008789062,10.147794723510742,-33.25685501098633,-0.3565704226493835,-24.73474884033203,-5.264772415161133,reggae,2
reggae.00040,6,-246.92218017578125,98.62100219726562,-33.25888442993164,40.94601058959961,-24.16132164001465,13.478676795959473,-14.070655822753906,2.633673906326294,-25.58967399597168,-5.291510581970215,reggae,2
reggae.00040,7,-302.6713256835937,116.1489715576172,-41.70857238769531,35.65666580200195,-12.458525657653809,-4.081934928894043,-20.477689743041992,-11.904999732971191,-27.205196380615234,-13.626716613769531,reggae,2
reggae.00040,8,-307.1290283203125,97.1351547241211,-34.54970932006836,16.541175842285156,-32.7137451171875,-10.400808334350586,-22.89651870727539,-11.846726417541504,-31.27372169494629,-7.632048606872559,reggae,2
reggae.00040,9,-272.05908203125,75.12872314453125,-27.75567626953125,50.75160598754883,-19.76535415649414,10.739763259887695,-23.647306442260746,-0.5490692257881165,-24.00031089782715,-5.671992301940918,reggae,2
reggae.00041,0,-198.1639404296875,85.36060333251953,10.442584037780762,67.1573486328125,13.003106117248535,18.07189178466797,7.807974338531494,13.948037147521973,1.2004481554031372,6.4878830909729,reggae,2
reggae.00041,1,-207.1881256103516,86.92127227783203,16.420804977416992,64.25165557861328,1.3078944683074951,22.30693817138672,13.143339157104492,17.515295028686523,4.297249794006348,3.389207124710083,reggae,2
reggae.00041,2,-174.8411102294922,80.7142562866211,0.5286928415298462,72.99541473388672,3.887983560562134,17.26011085510254,10.646735191345217,16.96415901184082,2.257001638412476,4.934527397155762,reggae,2
reggae.00041,3,-163.75369262695312,96.84414672851562,21.208635330200195,65.422119140625,-12.842743873596191,6.281028747558594,0.4101095795631408,19.299673080444336,-1.3786959648132324,-6.381581783294678,reggae,2
reggae.00041,4,-161.86424255371094,91.9910659790039,5.720109462738037,62.6992301940918,-1.8066987991333008,8.70394515991211,4.2230377197265625,12.87143325805664,-3.54963755607605,7.006138324737549,reggae,2
reggae.00041,5,-202.9327545166016,82.5503158569336,12.652480125427246,72.16889953613281,3.427339792251587,20.40306663513184,13.261707305908203,16.450420379638672,2.066232204437256,-0.0438767671585083,reggae,2
reggae.00041,6,-171.85289001464844,90.74124908447266,16.4807186126709,65.38433074951172,-5.300053596496582,18.21592903137207,11.927116394042969,14.021784782409668,-1.310829758644104,4.178099632263184,reggae,2
reggae.00041,7,-149.38668823242188,98.14868927001952,-12.039673805236816,55.06813430786133,-2.9197561740875244,18.690549850463867,5.692294120788574,18.44816780090332,2.0983917713165283,1.4553301334381104,reggae,2
reggae.00041,8,-135.29888916015625,102.29901885986328,11.345447540283203,61.35099029541016,-13.54798698425293,2.4982759952545166,-0.4302953481674194,15.589797019958496,-7.915608882904053,1.0962878465652466,reggae,2
reggae.00041,9,-210.20252990722656,84.0123519897461,14.194063186645508,67.92169952392578,5.36280632019043,22.859729766845703,13.888346672058104,18.29696655273437,4.978477954864502,4.471498012542725,reggae,2
reggae.00042,0,-156.3556671142578,98.41016387939452,-39.10292816162109,25.472787857055664,28.904346466064453,16.617673873901367,11.310708999633787,0.0003993107820861,4.628575801849365,5.144049644470215,reggae,2
reggae.00042,1,-144.24240112304688,73.15386199951172,-23.08405876159668,18.83367919921875,16.31197738647461,16.094127655029297,6.297939300537109,5.669079780578613,3.085060834884644,3.046579599380493,reggae,2
reggae.00042,2,-191.95654296875,80.22773742675781,-20.244373321533203,14.22116756439209,28.767807006835938,17.428482055664062,8.24704647064209,6.548577308654785,5.235536575317383,7.058342456817627,reggae,2
reggae.00042,3,-175.68548583984375,82.95295715332031,-28.96250534057617,20.20734977722168,29.68753433227539,9.43105125427246,2.459656000137329,3.894493341445923,2.672475576400757,1.5218942165374756,reggae,2
reggae.00042,4,-175.3196258544922,65.7844467163086,-17.752710342407227,24.29902458190918,26.947509765625,17.287111282348633,10.961453437805176,6.073722839355469,3.2302963733673096,5.3798346519470215,reggae,2
reggae.00042,5,-154.72767639160156,67.84075927734375,-26.39062118530273,23.0433292388916,20.985963821411133,14.923450469970703,4.971037864685059,0.1934618502855301,0.7001209259033203,0.4976280927658081,reggae,2
reggae.00042,6,-169.2847900390625,72.29730987548828,-20.318119049072266,15.694966316223145,21.527568817138672,14.41879653930664,7.100314617156982,6.994230270385742,3.894317626953125,5.190498352050781,reggae,2
reggae.00042,7,-210.1978912353516,83.8698501586914,-21.94299697875977,7.06597900390625,30.573959350585938,14.168642044067385,5.12995195388794,8.675435066223145,9.702699661254885,5.747289657592773,reggae,2
reggae.00042,8,-180.27224731445312,88.87593078613281,-17.542430877685547,21.491437911987305,16.60260009765625,17.035261154174805,8.237356185913086,3.7186508178710938,5.155554294586182,9.403153419494627,reggae,2
reggae.00042,9,-190.53472900390625,81.44402313232422,-26.40184783935547,8.975781440734863,24.168262481689453,19.36555290222168,9.25389003753662,0.5072572231292725,0.8660811185836792,5.453249931335449,reggae,2
reggae.00043,0,-179.41180419921875,144.73391723632812,-38.34820175170898,42.51670837402344,16.951919555664062,-1.5266817808151243,9.659871101379396,9.473833084106444,-1.1394340991973877,-17.588768005371094,reggae,2
reggae.00043,1,-169.44677734375,140.91757202148438,-41.6880111694336,41.42572784423828,15.35271453857422,-3.6165075302124015,6.667984485626221,5.491625785827637,-0.0347014516592025,-9.60617733001709,reggae,2
reggae.00043,2,-161.77220153808594,140.60162353515625,-42.04769134521485,39.41550064086914,17.106922149658203,-6.549341678619385,7.616660118103027,4.199145317077637,1.8245220184326167,-6.724798202514648,reggae,2
reggae.00043,3,-185.5538482666016,148.04554748535156,-39.88943099975586,41.722293853759766,24.966398239135746,-6.198342800140381,9.996893882751465,6.068017959594727,0.0469690188765525,-11.583879470825195,reggae,2
reggae.00043,4,-168.14010620117188,143.81858825683594,-36.44393539428711,45.0440673828125,17.454675674438477,-1.5137901306152344,8.426337242126465,7.394365787506103,0.8834555745124817,-17.786623001098633,reggae,2
reggae.00043,5,-158.17657470703125,143.4877471923828,-41.26551818847656,42.55321502685547,14.751951217651367,-5.020810127258301,7.980814456939697,3.816808462142944,1.0686734914779663,-11.788813591003418,reggae,2
reggae.00043,6,-162.4635009765625,141.88536071777344,-42.76412963867188,39.9158935546875,17.32135581970215,-5.014525890350342,7.73591136932373,6.720215797424316,1.994433641433716,-6.64776611328125,reggae,2
reggae.00043,7,-163.00233459472656,142.79598999023438,-42.66310501098633,41.43303680419922,16.251327514648438,-8.145071983337402,4.697327613830566,4.338197708129883,2.235329389572144,-6.494945526123047,reggae,2
reggae.00043,8,-146.86117553710938,140.36123657226562,-45.30447769165039,39.0692138671875,9.614507675170898,-9.68108367919922,7.621787071228027,3.117393970489502,1.9408349990844729,-7.666383743286133,reggae,2
reggae.00043,9,-149.86553955078125,141.60586547851562,-44.27252578735352,38.45665740966797,11.808995246887209,-8.565381050109863,6.280102729797363,5.646857738494873,-0.8117011785507202,-8.469825744628906,reggae,2
reggae.00044,0,-115.77033996582033,91.70523071289062,20.333158493041992,30.81307411193848,15.624736785888672,12.371390342712402,9.84829807281494,9.115344047546388,3.5792837142944336,6.164341449737549,reggae,2
reggae.00044,1,-126.6643295288086,83.78662872314453,15.277254104614258,29.314414978027344,9.798422813415527,9.41218376159668,10.688692092895508,5.5500030517578125,3.480464220046997,1.6048383712768557,reggae,2
reggae.00044,2,-89.6057357788086,77.47626495361328,22.459592819213867,29.103015899658203,9.878130912780762,12.12788200378418,15.30018711090088,5.126715660095215,5.535706043243408,1.012415051460266,reggae,2
reggae.00044,3,-107.6285171508789,73.65641021728516,25.607452392578125,31.74761199951172,7.09779167175293,9.478714942932127,9.326135635375977,5.325334548950195,0.5971978902816772,-1.2773516178131104,reggae,2
reggae.00044,4,-105.57076263427734,92.83745574951172,12.364362716674805,26.14826774597168,11.37009334564209,4.6895294189453125,3.55730414390564,5.120066642761231,3.720794200897217,2.7237117290496826,reggae,2
reggae.00044,5,-90.9701919555664,90.8501434326172,14.897994041442873,31.583887100219727,17.55828285217285,11.051385879516602,4.032430171966553,6.246716976165772,4.014695644378662,3.5492725372314453,reggae,2
reggae.00044,6,-94.64468383789062,82.73330688476562,5.4401960372924805,24.37860107421875,10.954901695251465,3.4820029735565186,-0.3142819404602051,0.8715316653251648,0.890205979347229,1.986561894416809,reggae,2
reggae.00044,7,-122.66323852539062,86.79693603515625,22.3330078125,33.10264587402344,14.578859329223633,17.275829315185547,13.59379768371582,12.884600639343262,3.8866219520568848,3.4295034408569336,reggae,2
reggae.00044,8,-94.00846862792967,76.24905395507812,20.68658447265625,22.34784507751465,2.143907070159912,5.097032070159912,10.341588020324709,4.777384281158447,0.2030524015426635,1.0016151666641235,reggae,2
reggae.00044,9,-94.19117736816406,84.69405364990234,28.974061965942383,30.524433135986328,7.038729190826416,8.068562507629395,17.29020881652832,10.52915859222412,4.032536029815674,4.855876445770264,reggae,2
reggae.00045,0,-97.71142578125,24.763341903686523,19.64088630676269,29.743087768554688,11.910073280334473,10.824349403381348,0.3423705995082855,1.383836030960083,2.434359312057495,3.1362247467041016,reggae,2
reggae.00045,1,-94.38563537597656,24.340747833251957,4.661289691925049,41.002079010009766,6.65629243850708,11.96454906463623,-2.287631034851074,5.792925834655762,4.257994651794434,5.266589164733887,reggae,2
reggae.00045,2,-105.49388885498048,28.244384765625,13.073962211608888,45.12095260620117,4.421877861022949,7.942428112030029,-7.2105393409729,2.5875630378723145,-0.5906060338020325,-3.076302289962769,reggae,2
reggae.00045,3,-113.45013427734376,20.40031623840332,16.950254440307617,40.56396865844727,11.53831672668457,11.96685791015625,1.4079803228378296,6.740872383117676,5.538136959075928,3.735166311264038,reggae,2
reggae.00045,4,-95.17998504638672,22.85257911682129,20.147565841674805,29.71016311645508,6.876278877258301,10.557778358459473,0.1437828689813614,2.808056592941284,1.8576929569244385,-0.3204731047153473,reggae,2
reggae.00045,5,-103.1768035888672,20.70311737060547,23.721288681030277,35.643653869628906,9.605070114135742,12.163477897644045,-1.8375145196914675,0.8235135674476624,2.3866093158721924,-0.0520581752061843,reggae,2
reggae.00045,6,-170.27928161621094,10.606123924255373,44.56124496459961,40.20287322998047,11.042881965637209,15.280021667480469,12.048969268798828,9.2420072555542,8.320945739746094,5.165502071380615,reggae,2
reggae.00045,7,-165.41148376464844,11.357763290405272,40.96070861816406,35.9969482421875,7.60746955871582,14.852594375610352,12.472991943359377,9.731444358825684,8.45512866973877,4.795114994049072,reggae,2
reggae.00045,8,-121.4544448852539,4.697545528411865,33.41126251220703,28.17267799377441,6.665136814117432,21.869787216186523,16.668912887573242,13.920555114746094,7.541011333465576,-0.0498336777091026,reggae,2
reggae.00045,9,-133.15011596679688,-3.571808099746704,32.51031494140625,45.46917343139648,16.201135635375977,13.230720520019531,1.0263676643371582,7.297555923461914,1.1282089948654177,-1.1068572998046875,reggae,2
reggae.00046,0,-155.79803466796875,76.83927154541016,14.98618221282959,35.0180549621582,4.619534969329834,16.686723709106445,-5.698061943054199,-1.0690345764160156,-1.1873193979263306,-1.1496461629867554,reggae,2
reggae.00046,1,-149.47286987304688,75.92060089111328,11.61493682861328,48.591400146484375,-0.0512474663555622,8.035931587219238,-12.569998741149902,-1.059796929359436,-0.5644229650497437,-0.8166630864143372,reggae,2
reggae.00046,2,-195.2930908203125,77.63276672363281,30.89108085632324,48.49900817871094,15.912466049194336,19.19442367553711,-0.2321875989437103,2.4700570106506348,-1.859521508216858,-7.1099042892456055,reggae,2
reggae.00046,3,-168.49371337890625,76.20721435546875,19.26331329345703,40.89468765258789,3.900195598602295,17.181310653686523,-8.376441955566406,-1.7718747854232788,-1.3447847366333008,-0.3601752519607544,reggae,2
reggae.00046,4,-162.50570678710938,83.11634826660156,13.324941635131836,42.55810546875,6.218930244445801,16.3328800201416,-3.1188220977783203,-0.7219821214675903,-1.8374522924423216,0.1486494839191436,reggae,2
reggae.00046,5,-160.20767211914062,71.41011810302734,20.57023429870605,49.08201217651367,7.088660717010498,16.296110153198242,-9.497235298156738,-0.3446907103061676,-0.678075909614563,-6.197308540344238,reggae,2
reggae.00046,6,-168.86288452148438,86.62870025634766,10.923359870910645,40.33615112304688,10.449954986572266,16.972673416137695,-7.209499359130859,1.196090817451477,1.732007622718811,2.221014499664306,reggae,2
reggae.00046,7,-178.437744140625,79.78372955322266,12.602717399597168,39.1732177734375,8.974883079528809,20.201005935668945,-2.2602241039276123,3.441751718521118,2.939307689666748,0.2144437283277511,reggae,2
reggae.00046,8,-182.49530029296875,87.73446655273438,13.49727725982666,44.62409210205078,9.86069107055664,19.44850730895996,-2.796428203582764,2.2943789958953857,-2.055586099624634,-0.0050127911381423,reggae,2
reggae.00046,9,-168.48031616210938,81.74382781982422,5.4389967918396,39.16084289550781,9.274822235107422,19.33709716796875,-9.152956008911133,0.7886838912963867,5.426164627075195,3.502868890762329,reggae,2
reggae.00047,0,-125.28611755371094,77.63566589355469,-19.126371383666992,47.87431716918945,1.4291902780532837,5.73661994934082,-3.763840436935425,-1.3895940780639648,-2.996674060821533,-2.417867660522461,reggae,2
reggae.00047,1,-155.2114715576172,70.4072265625,0.565303385257721,53.9161376953125,-0.783803403377533,8.298603057861328,-3.640909194946289,2.99433970451355,-4.179326057434082,-0.2791642546653747,reggae,2
reggae.00047,2,-141.93716430664062,63.90180969238281,-9.661861419677734,54.29212951660156,7.172375679016113,3.8279192447662354,-1.727530598640442,3.094172716140747,-8.407706260681152,1.6106374263763428,reggae,2
reggae.00047,3,-150.24786376953125,53.7910385131836,-6.865868091583252,61.97068786621094,15.020532608032228,3.983150005340576,-10.81545066833496,7.193164348602295,-7.023863315582275,-6.435093402862549,reggae,2
reggae.00047,4,-151.0574493408203,65.33039093017578,-7.335739612579346,56.121185302734375,9.063765525817873,7.025554180145264,-1.641524076461792,3.151242017745972,-8.630193710327148,-3.120462656021118,reggae,2
reggae.00047,5,-150.6990966796875,51.546478271484375,-9.985809326171877,61.44326019287109,10.03639793395996,7.995193958282471,-5.301044464111328,1.2056063413619995,-8.205605506896973,-8.614139556884766,reggae,2
reggae.00047,6,-111.33013916015624,76.642822265625,-18.27526092529297,47.09895706176758,-0.1457457840442657,1.1608598232269287,-8.321260452270508,3.5289080142974854,-2.96817398071289,-1.6834125518798828,reggae,2
reggae.00047,7,-98.23607635498048,75.2000732421875,-22.660873413085938,37.49775314331055,-3.59419059753418,0.7609888911247253,-5.808072090148926,4.452077865600586,-2.8530526161193848,-0.4606447517871856,reggae,2
reggae.00047,8,-162.08541870117188,85.58661651611328,-4.511213779449463,47.878231048583984,-0.8905439972877502,3.236170053482056,7.182077884674072,8.841033935546875,-11.026167869567873,-4.854555130004883,reggae,2
reggae.00047,9,-155.80494689941406,77.78712463378906,-1.845657587051392,52.64873123168945,-5.559998512268066,3.930124521255493,-0.2518134415149688,-3.3798770904541016,-8.83107852935791,-0.3597975373268127,reggae,2
reggae.00048,0,-133.812255859375,86.48011016845703,2.112091064453125,49.91706848144531,6.4645771980285645,25.490278244018555,-2.312580347061157,13.43524932861328,-0.8247518539428711,4.17330265045166,reggae,2
reggae.00048,1,-117.20709228515624,60.78695297241211,13.7415771484375,55.61486053466797,10.435413360595703,25.52367401123047,-7.900751113891602,13.709080696105955,-2.7333717346191406,6.134308338165283,reggae,2
reggae.00048,2,-105.0181655883789,61.744667053222656,1.919037103652954,40.95034408569336,2.5174803733825684,22.48934364318848,-8.565863609313965,14.682077407836914,-2.1750168800354004,7.7637834548950195,reggae,2
reggae.00048,3,-129.67530822753906,63.95497131347656,10.168498039245604,54.84463882446289,11.520030975341797,27.41479110717773,-5.703123092651367,13.84935188293457,-1.2628157138824463,4.242396831512451,reggae,2
reggae.00048,4,-145.84815979003906,80.51841735839844,2.396216869354248,50.4108772277832,12.404779434204102,26.51148223876953,-4.359665870666504,10.292635917663574,-1.4249508380889893,7.5607404708862305,reggae,2
reggae.00048,5,-134.44110107421875,67.34815216064453,7.977800846099853,54.52714920043945,8.442489624023438,27.86741828918457,-2.788076877593994,13.6740140914917,-6.713159084320068,5.697821617126465,reggae,2
reggae.00048,6,-111.16384887695312,61.87530899047852,1.214129090309143,47.97617721557617,4.327452182769775,22.862628936767575,-1.5282917022705078,13.14126682281494,-2.608241558074951,6.991450309753418,reggae,2
reggae.00048,7,-120.90451049804688,57.60498809814453,17.28805160522461,45.89405059814453,11.98835277557373,25.56355857849121,-5.799967288970947,10.225064277648926,-2.6482207775115967,5.623742580413818,reggae,2
reggae.00048,8,-132.31935119628906,68.3296127319336,15.795947074890137,52.30125427246094,7.3904709815979,27.99039459228516,-8.394769668579102,13.182196617126465,-1.904964566230774,10.905902862548828,reggae,2
reggae.00048,9,-105.8033218383789,57.62115478515625,8.749897956848145,44.43608093261719,8.583467483520508,26.300466537475582,-7.5439252853393555,12.452279090881348,-3.7725422382354736,8.937747955322266,reggae,2
reggae.00049,0,-127.63520050048828,88.5907974243164,25.955659866333008,32.59098434448242,8.573817253112793,-2.857419967651367,7.244282245635986,1.529798150062561,-2.90006422996521,-2.097842216491699,reggae,2
reggae.00049,1,-121.77716064453124,89.69355010986328,27.637924194335938,31.358285903930664,11.183762550354004,-2.1699862480163574,7.9054059982299805,0.8045785427093506,-3.985129117965698,-2.971566677093506,reggae,2
reggae.00049,2,-127.21461486816406,85.38077545166016,23.344512939453125,33.80414581298828,11.849244117736816,-0.0195474475622177,6.117908954620361,0.5887089371681213,-4.082253456115723,-3.9034347534179688,reggae,2
reggae.00049,3,-117.25372314453124,88.64202117919922,23.326101303100582,35.86056137084961,10.183192253112791,-6.693219184875488,4.102145671844482,2.0659947395324707,-2.7258858680725098,-3.28438663482666,reggae,2
reggae.00049,4,-141.1536102294922,87.63892364501953,38.47227478027344,31.90641975402832,1.228070616722107,-4.959137439727783,4.081945896148682,1.629131555557251,-0.9432053565979004,-1.230849027633667,reggae,2
reggae.00049,5,-122.61566925048828,93.33259582519533,20.45999526977539,32.56249237060547,10.024126052856444,-2.087794303894043,10.220379829406738,2.493051767349243,-5.146945476531982,-4.664982795715332,reggae,2
reggae.00049,6,-120.96157836914062,87.6474609375,23.511472702026367,35.5919303894043,9.80677604675293,-0.0643473118543624,7.015283107757568,1.3835232257843018,-0.8061578869819641,-1.8362436294555664,reggae,2
reggae.00049,7,-112.63628387451172,93.84841918945312,14.392504692077637,35.48958206176758,8.682862281799316,-2.059774160385132,8.488419532775879,3.0860462188720703,-4.718844890594482,-4.711735725402832,reggae,2
reggae.00049,8,-122.276123046875,91.8148422241211,23.943017959594727,27.97039222717285,8.246711730957031,-2.910811185836792,4.914011001586914,2.797943592071533,-1.9547364711761477,-3.3096721172332764,reggae,2
reggae.00049,9,-102.60757446289062,91.35054779052734,16.827856063842773,31.19002342224121,8.806578636169434,-2.1775481700897217,6.293892860412598,1.153730392456055,-2.2006068229675293,-2.6441807746887207,reggae,2
reggae.00050,0,-119.5305404663086,67.64547729492188,0.2775979936122894,24.585826873779297,8.725897789001465,6.267792224884033,2.6458513736724854,7.058849334716797,2.7240140438079834,2.498781681060791,reggae,2
reggae.00050,1,-92.4455795288086,70.3451156616211,-1.73967707157135,28.08303642272949,14.026711463928224,8.784079551696777,4.453790664672852,7.340325832366943,2.8137753009796143,1.0943669080734253,reggae,2
reggae.00050,2,-104.50841522216795,66.47636413574219,-6.036461353302002,25.45685768127441,8.234357833862305,10.075714111328123,2.329669713973999,5.176896095275879,-0.0249676052480936,2.8900907039642334,reggae,2
reggae.00050,3,-121.28473663330078,65.751220703125,-7.0798749923706055,18.86407470703125,3.825000286102295,6.817606449127197,0.3444629311561584,6.142759323120117,1.2527989149093628,0.4179734587669372,reggae,2
reggae.00050,4,-114.0141830444336,69.89122009277344,-1.54547381401062,24.86851692199707,10.76904296875,8.200257301330566,1.2541760206222534,3.0991244316101074,-1.3656741380691528,1.0886276960372925,reggae,2
reggae.00050,5,-92.79915618896484,70.47483825683594,-4.954751014709473,28.88516616821289,9.149307250976562,7.552992820739746,1.92156183719635,6.03559160232544,0.6251497864723206,1.773403882980347,reggae,2
reggae.00050,6,-116.57706451416016,72.31130981445312,-2.585626602172852,23.227569580078125,10.132952690124512,9.85222053527832,3.160242795944214,7.143703937530518,4.124591827392578,6.307292938232422,reggae,2
reggae.00050,7,-79.38787841796875,49.18827438354492,7.0758819580078125,18.561071395874023,2.401188373565674,4.538547992706299,2.4498062133789062,2.5825035572052,0.1203062236309051,1.894248127937317,reggae,2
reggae.00050,8,-105.65877532958984,68.31045532226562,-3.629271507263184,31.55984115600586,8.356348037719727,1.9779839515686035,2.350359916687012,6.785824298858643,2.0191969871521,2.673431873321533,reggae,2
reggae.00050,9,-104.17591094970705,66.07462310791016,-2.793670415878296,22.066883087158203,8.39210319519043,3.6351959705352783,-3.734087467193604,0.8271549940109253,-1.4869227409362793,1.5717623233795166,reggae,2
reggae.00051,0,-161.2356414794922,0.1170487031340599,25.92856788635254,30.12488555908203,2.649024248123169,29.37644386291504,17.989606857299805,14.532309532165527,8.45954418182373,6.351046085357666,reggae,2
reggae.00051,1,-159.68597412109375,3.425735712051392,25.95096206665039,31.29923439025879,1.516214370727539,30.1445255279541,18.82879638671875,15.7112398147583,9.64372730255127,6.066088199615479,reggae,2
reggae.00051,2,-144.60122680664062,-10.317018508911133,20.878379821777344,26.90011978149414,0.9121971130371094,27.26171493530273,17.402124404907227,13.410433769226074,8.625121116638184,6.832390785217285,reggae,2
reggae.00051,3,-146.01922607421875,-4.000537872314453,23.58342170715332,27.86655616760254,-1.3772426843643188,28.5208683013916,15.212949752807615,11.694328308105469,8.088835716247559,7.327306747436523,reggae,2
reggae.00051,4,-149.58697509765625,-3.951716899871826,18.34136199951172,30.07914161682129,1.9811509847640991,25.99623680114746,14.42119598388672,11.756057739257812,8.109174728393555,6.189460754394531,reggae,2
reggae.00051,5,-150.17922973632812,-3.166033267974853,21.34760856628418,33.74102783203125,3.8310396671295166,28.98031234741211,15.624735832214355,10.561028480529783,5.189345836639404,3.353380918502808,reggae,2
reggae.00051,6,-167.11929321289062,-2.116621494293213,27.50909996032715,36.899391174316406,6.445894241333008,32.20949935913086,17.316545486450195,13.795846939086914,8.387237548828125,5.964303016662598,reggae,2
reggae.00051,7,-146.843994140625,-12.05339241027832,20.19162940979004,27.473207473754883,1.569866180419922,27.73158264160156,17.177642822265625,13.889915466308594,8.631057739257812,5.947864532470703,reggae,2
reggae.00051,8,-173.7278289794922,12.32317352294922,19.60407447814941,31.916526794433597,-0.5891945362091064,25.07222557067871,16.42218017578125,13.5978364944458,9.645220756530762,9.231091499328612,reggae,2
reggae.00051,9,-153.88356018066406,5.345889568328857,21.76845359802246,29.44105339050293,4.526695728302002,31.07613945007324,19.57421875,15.070547103881836,9.484270095825195,7.14936113357544,reggae,2
reggae.00052,0,-98.60416412353516,64.87120056152344,29.057863235473636,17.704355239868164,13.430181503295898,16.903942108154297,8.699834823608398,1.321740746498108,15.16687297821045,2.1198580265045166,reggae,2
reggae.00052,1,-79.97306060791016,62.073089599609375,26.71738815307617,22.72188186645508,19.11407470703125,4.951239585876465,7.541032314300537,11.543672561645508,-2.1814095973968506,1.5405519008636477,reggae,2
reggae.00052,2,-89.95921325683594,63.93663024902344,41.57329559326172,23.01425552368164,20.71432304382324,5.50614595413208,11.46972942352295,14.909021377563477,-1.51331627368927,2.641777515411377,reggae,2
reggae.00052,3,-87.72606658935547,58.61715316772461,40.53356552124024,17.7820987701416,18.121524810791016,8.15419864654541,9.84341812133789,13.62697982788086,2.0805397033691406,0.0341174118220806,reggae,2
reggae.00052,4,-92.23504638671876,61.241092681884766,42.65406799316406,21.862154006958008,22.196908950805664,6.699291229248047,10.150657653808594,13.930635452270508,0.2923964560031891,1.8565094470977783,reggae,2
reggae.00052,5,-76.79402923583984,60.79279708862305,25.02898979187012,18.74039077758789,12.089293479919434,2.223852157592773,6.288486003875732,10.578222274780272,-1.964582443237305,-4.769075393676758,reggae,2
reggae.00052,6,-81.67636108398438,58.4044303894043,31.317855834960938,20.15599632263184,21.296932220458984,10.441102027893066,7.366599082946777,12.40072536468506,1.754253387451172,-1.0135529041290283,reggae,2
reggae.00052,7,-85.3395004272461,59.32801818847656,38.03850555419922,23.217138290405277,23.36847686767578,9.95631217956543,11.59530544281006,12.991796493530272,0.1412128210067749,-1.7485008239746094,reggae,2
reggae.00052,8,-81.51276397705078,60.58650970458984,39.31560897827149,13.726840019226074,7.936527252197266,7.782459259033203,10.375359535217283,11.7676420211792,1.5400986671447754,-0.4425453841686249,reggae,2
reggae.00052,9,-78.29034423828125,58.76741790771485,34.11128234863281,18.66217041015625,9.482478141784668,6.399713516235352,9.365966796875,10.074261665344238,-1.5610147714614868,-1.0366030931472778,reggae,2
reggae.00053,0,-271.66290283203125,102.18427276611328,20.402246475219727,31.578691482543945,22.19686317443848,14.25985622406006,14.34033489227295,5.807265758514404,4.065479755401611,10.702886581420898,reggae,2
reggae.00053,1,-271.77508544921875,107.39917755126952,-0.0743591338396072,27.65665626525879,12.199158668518066,5.375783920288086,6.170418739318848,1.3373534679412842,-2.0492045879364014,5.132663249969482,reggae,2
reggae.00053,2,-279.8955383300781,106.4466781616211,21.88622283935547,33.52663040161133,22.369659423828125,14.27017879486084,11.670602798461914,9.149827003479004,6.139092445373535,9.41547679901123,reggae,2
reggae.00053,3,-282.3382263183594,105.20396423339844,2.030369758605957,34.60128402709961,11.908197402954102,10.100635528564451,9.284215927124023,5.196075916290283,0.0290746837854385,8.01412296295166,reggae,2
reggae.00053,4,-198.4725341796875,97.74483489990234,-28.50130844116211,41.3792724609375,6.876255512237549,6.353668689727783,9.347253799438477,3.5554428100585938,1.3205862045288086,9.796361923217772,reggae,2
reggae.00053,5,-263.68768310546875,102.78733825683594,2.118579626083374,33.54072189331055,19.88775634765625,2.9942219257354736,11.194564819335938,7.104270458221436,-0.0592600889503955,7.890703678131103,reggae,2
reggae.00053,6,-246.69949340820312,103.4888687133789,-5.325532913208008,28.282114028930664,21.251962661743164,5.46748685836792,9.752796173095703,6.502678871154785,-1.8888380527496336,6.707852840423584,reggae,2
reggae.00053,7,-205.2598571777344,104.93028259277344,-8.058684349060059,38.17351913452149,12.995491981506348,6.911050319671631,7.555791854858398,7.344626426696777,-4.86899471282959,12.07265853881836,reggae,2
reggae.00053,8,-247.37322998046875,113.92098999023438,12.211299896240234,29.50048065185547,17.18777084350586,8.737820625305176,8.847637176513672,4.540090560913086,0.8013216257095337,7.990640163421631,reggae,2
reggae.00053,9,-252.13720703125,120.71900939941406,-0.0912588238716125,31.08675193786621,14.86467742919922,11.30575180053711,12.70893383026123,6.229055404663086,2.9063735008239746,7.559560298919678,reggae,2
reggae.00054,0,-180.59542846679688,85.05103302001953,-7.859462261199951,21.3355770111084,25.004514694213867,9.776318550109863,11.205621719360352,8.381878852844238,4.815924167633057,8.725235939025879,reggae,2
reggae.00054,1,-183.40277099609372,85.15806579589844,-8.370594024658203,26.595273971557617,31.29763412475586,7.706276893615723,9.79986572265625,0.8977949619293213,1.1758606433868408,13.615995407104492,reggae,2
reggae.00054,2,-159.83653259277344,89.05720520019531,-7.984496116638184,12.789596557617188,21.47499084472656,14.016489028930664,15.50285816192627,7.528962135314941,3.994683265686035,11.276460647583008,reggae,2
reggae.00054,3,-185.81607055664065,88.7218017578125,6.884312152862549,11.038895606994627,27.679075241088867,15.548115730285645,10.061166763305664,7.527247905731201,6.631762027740479,6.832093715667725,reggae,2
reggae.00054,4,-172.46226501464844,84.17556762695312,13.4280424118042,2.586858034133911,26.462162017822266,20.58440589904785,2.2311456203460693,5.480966567993164,7.210679054260254,5.813425064086914,reggae,2
reggae.00054,5,-193.3349151611328,85.96311950683594,10.766368865966797,7.672321796417236,35.85371780395508,20.53026580810547,0.4088651239871979,7.971745491027832,10.839786529541016,7.458103656768799,reggae,2
reggae.00054,6,-197.91758728027344,77.83671569824219,13.368842124938965,9.785411834716797,32.60688781738281,19.21051597595215,1.9632424116134644,6.991909503936768,7.188176155090332,11.37210178375244,reggae,2
reggae.00054,7,-178.52430725097656,76.52230072021484,6.625252723693848,13.388245582580566,33.17734146118164,22.450532913208008,4.651651382446289,12.178861618041992,10.86474609375,6.999046802520752,reggae,2
reggae.00054,8,-195.63047790527344,81.32139587402344,9.819902420043944,14.021479606628418,32.405418395996094,18.86893844604492,2.6896114349365234,9.3732328414917,8.873711585998535,8.34123706817627,reggae,2
reggae.00054,9,-177.6916046142578,83.15091705322266,12.59264087677002,7.77195405960083,34.18121719360352,22.5933780670166,3.043932676315308,10.520360946655272,9.330324172973633,8.644868850708008,reggae,2
reggae.00055,0,-97.13185119628906,73.74173736572266,4.774394035339356,10.233344078063965,10.023284912109377,17.30687713623047,6.608417987823486,8.033829689025879,9.61020278930664,7.091700077056885,reggae,2
reggae.00055,1,-114.5536880493164,83.85326385498047,20.54648780822754,22.035348892211918,12.052186012268066,16.69980812072754,-2.3225419521331787,-2.578376293182373,2.5969018936157227,5.136104583740234,reggae,2
reggae.00055,2,-150.96279907226562,75.4604263305664,43.93112564086914,37.6035385131836,16.098087310791016,10.370926856994627,-0.8274610042572021,-2.295044183731079,1.108264684677124,-5.444159507751465,reggae,2
reggae.00055,3,-159.38397216796875,79.10536193847656,45.60596466064453,36.53927993774414,11.792387008666992,12.783125877380373,1.0667788982391355,3.111912250518799,-1.004091501235962,-3.533407688140869,reggae,2
reggae.00055,4,-156.59335327148438,88.53733825683594,44.61261367797852,30.76932144165039,11.47482967376709,11.033003807067873,0.0928365886211395,4.34080696105957,3.798229932785034,-1.3815758228302002,reggae,2
reggae.00055,5,-144.8836212158203,74.20524597167969,40.98168563842773,34.17490768432617,14.250404357910156,13.659043312072754,-0.7428058981895447,-0.6417896151542664,2.201185941696167,-1.3958874940872192,reggae,2
reggae.00055,6,-128.51846313476562,94.56338500976562,26.816341400146484,18.763378143310547,4.860355854034424,16.120410919189453,4.850668430328369,3.829689025878906,1.1975020170211792,-2.515347003936768,reggae,2
reggae.00055,7,-111.13882446289062,92.62535858154295,20.57965660095215,15.83724880218506,2.028102397918701,13.230610847473145,2.493182420730591,3.68937611579895,1.2985389232635498,0.806006908416748,reggae,2
reggae.00055,8,-125.19190216064452,87.80786895751953,25.27309226989746,20.87426376342773,3.5584466457366943,13.674498558044434,6.134960174560547,6.009031295776367,1.8001145124435425,0.0069150775671005,reggae,2
reggae.00055,9,-117.1963348388672,95.4560546875,20.78385734558105,11.239691734313965,-3.062341690063477,13.597320556640623,5.157493114471436,5.9145331382751465,3.4492876529693604,2.387664318084717,reggae,2
reggae.00056,0,-150.9938201904297,103.74435424804688,-4.3962836265563965,20.88768577575684,14.465035438537598,13.415213584899902,11.119121551513672,3.5429368019104004,-3.2622056007385254,1.493460774421692,reggae,2
reggae.00056,1,-161.33206176757812,90.09809112548828,-5.053102493286133,15.823674201965332,17.38878059387207,8.151643753051758,1.6514016389846802,0.6527149081230164,2.372177600860596,0.5400791168212891,reggae,2
reggae.00056,2,-182.33230590820312,93.9719696044922,6.878747940063477,23.99612045288086,17.595075607299805,15.987518310546877,5.952757835388184,4.572624683380127,2.9759416580200195,3.3656699657440186,reggae,2
reggae.00056,3,-177.4022216796875,104.73039245605467,-1.916243076324463,18.750263214111328,10.118831634521484,11.966362953186035,7.412901878356934,5.289464473724365,1.879269361495972,2.189504623413086,reggae,2
reggae.00056,4,-165.72274780273438,97.80326080322266,4.202070236206055,19.63804054260254,13.735822677612305,13.288578033447266,3.9505867958068848,5.848168849945068,1.8975861072540283,2.9448392391204834,reggae,2
reggae.00056,5,-165.64501953125,98.76202392578124,-2.9294588565826416,19.29977798461914,11.184032440185549,11.01630687713623,7.668965816497803,9.971208572387695,-0.4309849739074707,3.211099863052368,reggae,2
reggae.00056,6,-156.86463928222656,100.0889892578125,0.0093433670699596,21.47488784790039,6.702417373657227,12.202475547790527,4.116114139556885,5.128566265106201,5.03242301940918,5.362326145172119,reggae,2
reggae.00056,7,-157.9368896484375,91.98601531982422,2.1697020530700684,27.425079345703125,11.26938247680664,12.725358963012695,7.195060729980469,6.426499366760254,5.08151388168335,4.840451717376709,reggae,2
reggae.00056,8,-164.52767944335938,107.96195220947266,-3.055375337600708,20.45300674438477,7.887251377105713,11.857644081115724,8.047506332397461,6.818152904510498,2.6241955757141118,3.399385929107666,reggae,2
reggae.00056,9,-142.84043884277344,97.9003448486328,-12.02346897125244,20.43990707397461,9.597986221313477,6.64418888092041,3.347729206085205,1.2774345874786377,-1.0902360677719116,3.3129703998565674,reggae,2
reggae.00057,0,-170.64828491210938,96.87084197998048,12.277871131896973,25.70443153381348,22.64447784423828,7.540797233581543,7.904589653015137,3.2801575660705566,4.306766510009766,6.48225212097168,reggae,2
reggae.00057,1,-167.61346435546875,89.71646118164062,8.78561782836914,34.79494094848633,19.775367736816406,7.303759574890137,8.8403959274292,7.358631610870361,6.915887832641602,9.674497604370115,reggae,2
reggae.00057,2,-149.56878662109375,81.2035903930664,12.9946928024292,33.93477249145508,17.54584503173828,6.462489128112793,3.6759731769561768,3.8076369762420654,-1.428469181060791,6.677725791931152,reggae,2
reggae.00057,3,-179.62034606933594,104.36876678466795,10.990234375,24.06660842895508,22.689577102661133,13.47265625,9.468999862670898,5.572192192077637,6.614493846893311,6.876420021057129,reggae,2
reggae.00057,4,-166.9464569091797,90.83285522460938,13.82741641998291,27.137481689453125,11.166278839111328,8.027673721313477,2.5869479179382324,-0.1181399971246719,6.72721529006958,2.2224299907684326,reggae,2
reggae.00057,5,-197.83621215820312,108.96003723144533,20.096553802490234,10.18115520477295,9.019062042236328,13.41513729095459,0.6149479746818542,4.689248561859131,15.43442440032959,10.627190589904783,reggae,2
reggae.00057,6,-252.3656311035156,135.30307006835938,29.99299049377441,6.339210510253906,17.103612899780273,20.29520034790039,14.414135932922363,-2.4056668281555176,8.43238353729248,13.099085807800291,reggae,2
reggae.00057,7,-169.93380737304688,98.13076782226562,4.4446702003479,18.670429229736328,3.0376875400543213,10.52275562286377,6.422685146331787,0.8681039214134216,3.3954386711120605,7.359091281890869,reggae,2
reggae.00057,8,-147.8273468017578,82.34918975830078,9.939550399780272,16.869277954101562,14.55300521850586,8.20315170288086,-3.274226665496826,-6.682922840118408,1.726847529411316,4.232224941253662,reggae,2
reggae.00057,9,-173.08692932128906,96.98210906982422,24.2598934173584,13.462871551513672,13.295008659362791,6.542941570281982,-0.9961737990379332,-8.116928100585938,-3.805422306060791,1.683701515197754,reggae,2
reggae.00058,0,-198.7780914306641,84.06570434570312,17.95554542541504,19.727256774902344,26.606576919555664,10.407609939575195,0.8608760237693787,5.022673606872559,2.921200752258301,0.917429506778717,reggae,2
reggae.00058,1,-164.16380310058594,92.69851684570312,6.70731782913208,10.151516914367676,22.184307098388672,11.585986137390137,2.7616097927093506,7.322582721710205,-0.2323898673057556,2.512902021408081,reggae,2
reggae.00058,2,-152.1126708984375,86.34974670410156,5.777912616729736,4.769412040710449,11.658599853515623,3.6103808879852295,-1.3743215799331665,-5.1975932121276855,-8.467223167419434,-7.547327041625977,reggae,2
reggae.00058,3,-167.83070373535156,88.21025848388672,10.25282859802246,11.403094291687012,19.97291755676269,6.456139087677002,-2.531071662902832,-1.3763781785964966,4.918332576751709,4.4512038230896,reggae,2
reggae.00058,4,-145.329345703125,87.61073303222656,-0.2334784865379333,8.302005767822266,10.292069435119627,6.574609279632568,-1.0246412754058838,-3.0399653911590576,0.8045931458473206,7.273231029510498,reggae,2
reggae.00058,5,-143.99636840820312,58.97027587890625,25.119993209838867,10.07850742340088,16.654211044311523,9.964970588684082,-2.2492308616638184,-3.8485920429229736,-1.0452053546905518,-2.46403431892395,reggae,2
reggae.00058,6,-187.1695556640625,89.29734802246094,12.449910163879396,15.117640495300291,30.723880767822266,13.73359203338623,6.195737361907959,6.571776866912842,2.526339054107666,1.0671604871749878,reggae,2
reggae.00058,7,-136.11419677734375,77.36783599853516,11.408578872680664,7.602522373199463,16.006813049316406,3.569769859313965,-5.569173336029053,1.7264118194580078,-1.2137075662612915,3.56530237197876,reggae,2
reggae.00058,8,-186.54576110839844,83.00886535644531,9.778066635131836,11.897025108337402,28.373809814453125,14.612037658691406,2.0696840286254883,5.324399948120117,3.906287670135498,7.169563293457031,reggae,2
reggae.00058,9,-211.93557739257807,94.086181640625,12.25987720489502,22.036415100097656,28.32293510437012,14.784716606140137,9.951152801513672,8.972079277038574,4.652928829193115,-0.3453416228294372,reggae,2
reggae.00059,0,-91.47594451904295,83.82268524169922,-4.929091930389404,13.458250045776367,2.9781668186187744,8.865352630615234,1.926226258277893,1.8402248620986936,-4.077247142791748,1.7059688568115234,reggae,2
reggae.00059,1,-90.82585906982422,76.12447357177734,6.65453052520752,14.79503059387207,3.921096086502075,7.433323860168457,-2.0919761657714844,1.8760453462600708,-6.557164192199707,3.1284780502319336,reggae,2
reggae.00059,2,-71.10588836669922,77.98336029052734,-0.8393268585205078,19.12925148010254,-2.265653133392334,6.4096221923828125,-3.683478116989136,4.032400131225586,-9.60737419128418,-5.343484401702881,reggae,2
reggae.00059,3,-88.22870635986328,74.88440704345703,-3.058875560760498,22.1646728515625,9.715132713317873,3.37259292602539,-9.888716697692873,3.4645490646362305,-0.9522679448127748,-1.975089430809021,reggae,2
reggae.00059,4,-71.51692962646484,74.15727233886719,1.824107527732849,19.764387130737305,0.4970473051071167,2.211406946182251,0.721000075340271,3.517911434173584,-7.670058250427246,-6.612977981567383,reggae,2
reggae.00059,5,-135.05880737304688,92.84622955322266,4.145259857177734,15.371758460998535,11.329059600830078,14.79210090637207,-0.9012628197669984,7.780929088592529,-1.1930588483810425,3.4896061420440674,reggae,2
reggae.00059,6,-118.69383239746094,74.77877044677734,-0.7766233086585999,19.718486785888672,15.614385604858398,16.62603759765625,0.977469265460968,1.4789555072784424,-0.0590131916105747,3.502669095993042,reggae,2
reggae.00059,7,-78.02306365966797,87.53662872314453,-1.266274333000183,8.93746566772461,-3.6279046535491934,5.82440185546875,9.985883712768556,-3.052191972732544,-6.457057476043701,7.735536098480225,reggae,2
reggae.00059,8,-112.36170196533205,71.06455993652344,8.403297424316406,13.429743766784668,9.652301788330078,14.48212432861328,-2.1452252864837646,2.8419463634490967,1.4556046724319458,4.61480712890625,reggae,2
reggae.00059,9,-77.17279052734375,90.38224029541016,-13.639301300048828,5.122626304626465,-4.942834377288818,10.275565147399902,21.200183868408203,1.916972517967224,-7.495312690734863,-0.002067653927952,reggae,2
reggae.00060,0,-357.7697448730469,97.59938049316406,-14.750133514404297,32.67919921875,4.372449398040772,19.83816337585449,1.6570699214935305,-4.979445457458496,1.477108120918274,-5.313972473144531,reggae,2
reggae.00060,1,-273.1104431152344,56.5650520324707,-9.675031661987305,37.95420837402344,-2.045745372772217,16.745071411132812,-16.7681884765625,-2.32017183303833,1.1989257335662842,0.5590360164642334,reggae,2
reggae.00060,2,-284.8500366210937,78.58248901367188,-12.165964126586914,30.432764053344727,2.0242998600006104,12.740354537963867,-6.1140313148498535,-3.983242511749268,-0.4121563136577606,-2.443873882293701,reggae,2
reggae.00060,3,-265.5428161621094,73.47200775146484,-19.58913230895996,33.050594329833984,-7.048426151275635,14.813162803649902,-15.414496421813965,-2.1545662879943848,7.695955753326416,-0.8261209726333618,reggae,2
reggae.00060,4,-267.143798828125,70.97412872314453,-15.327330589294434,42.80728530883789,-4.591013908386231,18.853485107421875,-13.945755958557127,-5.1452250480651855,2.8181188106536865,-5.798575401306152,reggae,2
reggae.00060,5,-305.1640319824219,77.273681640625,-16.55976104736328,45.53739547729492,5.026419639587402,18.554590225219727,-8.768857955932617,-5.446877479553223,-1.828366041183472,-2.9918034076690674,reggae,2
reggae.00060,6,-307.1314697265625,79.3614730834961,-15.013893127441406,37.51398468017578,-1.6588791608810425,21.756738662719727,-8.85647201538086,-6.361741065979004,-0.611677885055542,-2.93502140045166,reggae,2
reggae.00060,7,-306.7204284667969,73.090576171875,-12.133026123046877,50.90046691894531,2.314140558242798,11.343788146972656,-6.2043137550354,-1.2694730758666992,-0.742901086807251,0.873744547367096,reggae,2
reggae.00060,8,-359.9775390625,103.54340362548828,-16.543933868408203,51.98646545410156,16.104320526123047,18.5501651763916,-1.2204806804656982,-3.105689764022827,2.0479679107666016,-4.75759744644165,reggae,2
reggae.00060,9,-288.8291015625,68.97305297851562,-8.73296070098877,34.67594909667969,-1.9406416416168213,18.40515899658203,0.2441024780273437,-0.1803825348615646,-1.6588516235351562,-8.575848579406738,reggae,2
reggae.00061,0,-83.94929504394531,47.73341369628906,10.958507537841797,36.72182083129883,19.135055541992188,1.7178863286972046,8.487398147583008,7.5900797843933105,-7.67323112487793,1.8960413932800293,reggae,2
reggae.00061,1,-98.46322631835938,51.505130767822266,9.869772911071776,35.78792953491211,23.90839385986328,2.6941030025482178,8.72238826751709,8.487412452697754,-2.876413583755493,4.780341148376465,reggae,2
reggae.00061,2,-82.01094818115234,63.79227828979492,8.89573860168457,23.78445243835449,19.565853118896484,8.367401123046875,7.478514671325684,2.0122852325439453,-11.561284065246582,0.897680401802063,reggae,2
reggae.00061,3,-76.78811645507812,69.13986206054688,20.87350082397461,30.240177154541016,6.543489933013916,3.2829110622406006,3.175254344940185,3.392888069152832,-0.4577272534370422,2.247234582901001,reggae,2
reggae.00061,4,-83.6815414428711,77.1181869506836,18.107690811157227,29.449466705322266,10.597766876220703,-2.0096476078033447,1.879976749420166,4.08171272277832,0.0932729691267013,3.308244466781616,reggae,2
reggae.00061,5,-68.84050750732422,74.677734375,14.910367012023926,24.291183471679688,13.885342597961426,-2.56910252571106,2.362844705581665,5.415907382965088,1.0719287395477295,4.56308126449585,reggae,2
reggae.00061,6,-55.65631866455078,64.20721435546875,1.9800403118133545,32.35773086547852,9.175114631652832,-0.7820294499397278,-7.114839553833008,-3.764308452606201,-1.6092723608016968,0.08792345225811,reggae,2
reggae.00061,7,-67.10295867919922,44.66214370727539,4.602396488189697,27.93963623046875,-0.0557268857955932,-6.731332778930664,-3.2251737117767334,-2.077610969543457,-12.828514099121094,-4.247353076934815,reggae,2
reggae.00061,8,-64.49633026123047,43.19514083862305,0.3524306118488312,30.436744689941406,10.950108528137209,-5.076761722564697,-12.891851425170898,-4.2876386642456055,-3.1057519912719727,-1.8967432975769043,reggae,2
reggae.00061,9,-57.58083724975586,46.3354377746582,0.3949861824512481,21.32934188842773,10.814863204956056,-0.6922470331192017,-7.039247035980225,-7.177229404449463,-12.249815940856934,1.9383440017700195,reggae,2
reggae.00062,0,-295.7897644042969,89.79157257080078,5.141167640686035,31.94851303100586,30.541561126708984,17.706281661987305,12.588951110839844,14.1810302734375,8.582538604736328,6.5882248878479,reggae,2
reggae.00062,1,-232.4335021972656,78.36885833740234,-5.283540725708008,29.45534896850586,19.416135787963867,14.193443298339844,20.376096725463867,17.134746551513672,6.794985771179199,7.624251842498779,reggae,2
reggae.00062,2,-254.129150390625,95.3862533569336,-0.643451988697052,29.357805252075195,23.593799591064453,11.688749313354492,12.677751541137695,9.610068321228027,5.898569583892822,7.806869029998779,reggae,2
reggae.00062,3,-248.39566040039065,86.3128433227539,3.5718307495117188,32.97570037841797,28.74437713623047,13.336241722106934,12.718158721923828,9.191877365112305,4.228766918182373,5.537903785705566,reggae,2
reggae.00062,4,-235.55657958984372,90.56344604492188,5.546320915222168,35.61751937866211,25.502531051635746,7.573483467102051,15.619192123413086,13.611754417419434,0.5402405261993408,3.037604808807373,reggae,2
reggae.00062,5,-288.514892578125,81.36852264404297,24.265613555908203,41.35958480834961,32.56114959716797,11.278759956359863,14.300135612487791,20.809814453125,8.867767333984375,4.69777250289917,reggae,2
reggae.00062,6,-270.3826599121094,74.88404083251953,11.81174373626709,38.04637908935547,28.750228881835938,12.30048656463623,16.39166831970215,15.809281349182127,6.276118755340576,8.472904205322266,reggae,2
reggae.00062,7,-287.1171264648437,80.5043716430664,15.141851425170898,42.99337768554688,33.930267333984375,8.557312965393066,13.28484058380127,21.68369674682617,9.3208646774292,2.1600492000579834,reggae,2
reggae.00062,8,-286.2991638183594,66.22416687011719,22.21378898620605,41.13908386230469,27.733572006225582,14.119345664978027,15.264619827270508,17.76513671875,11.6151123046875,9.354083061218262,reggae,2
reggae.00062,9,-259.8069152832031,66.349609375,15.811525344848633,44.22667694091797,26.44321632385254,10.41805934906006,16.947784423828125,11.780242919921877,3.633834600448608,7.359943866729736,reggae,2
reggae.00063,0,-180.5070037841797,109.525390625,-7.4631500244140625,40.15389251708984,13.698086738586426,-3.1463096141815186,1.606342077255249,6.151399612426758,2.2289960384368896,3.114851236343384,reggae,2
reggae.00063,1,-155.09449768066406,119.94052124023438,-22.472749710083008,39.96068954467773,2.862139940261841,-2.12807559967041,2.6218669414520264,5.844257831573486,-0.8673610687255859,-3.317634344100952,reggae,2
reggae.00063,2,-169.77218627929688,109.64318084716795,-24.72640037536621,44.6890869140625,7.008158206939697,-3.3352243900299072,8.589540481567383,3.7666826248168954,-1.815373778343201,-1.6119906902313232,reggae,2
reggae.00063,3,-169.71762084960938,110.36363983154295,-31.468780517578125,42.61479949951172,10.082026481628418,-0.7843106985092163,7.053617000579834,2.9705569744110107,-4.054051876068115,0.834277331829071,reggae,2
reggae.00063,4,-148.77703857421875,116.99113464355467,-15.590899467468262,27.596498489379883,-3.178293943405152,-5.836348056793213,1.3735491037368774,4.2441887855529785,-3.650400876998901,-4.498282909393311,reggae,2
reggae.00063,5,-213.9374084472656,112.27256774902344,-16.471555709838867,38.180442810058594,12.826008796691896,6.330986022949219,5.602092266082764,4.01716423034668,-0.5765900611877441,-1.7356795072555542,reggae,2
reggae.00063,6,-137.1326141357422,96.60053253173828,-31.03629875183105,38.07853698730469,3.276152849197388,2.609992504119873,11.576019287109377,0.1308072656393051,-4.895211219787598,4.254703998565674,reggae,2
reggae.00063,7,-150.5557098388672,101.83158111572266,-25.02211570739746,43.666988372802734,6.053800106048584,-2.877418279647827,8.244256973266602,-0.8849678635597229,-2.8878562450408936,5.817428112030029,reggae,2
reggae.00063,8,-187.61685180664065,112.42457580566406,-19.435461044311523,40.95100021362305,15.876712799072266,6.095993518829346,7.007346630096436,8.39243221282959,1.4529271125793457,-0.7380155324935913,reggae,2
reggae.00063,9,-174.00390625,109.62100219726562,-15.6032133102417,35.054176330566406,9.895939826965332,7.154294967651367,5.948635578155518,6.5139241218566895,1.3734794855117798,-0.8364778757095337,reggae,2
reggae.00064,0,-44.05503845214844,59.19422912597656,27.211301803588867,18.741369247436523,15.985655784606934,8.90090560913086,-4.319149017333984,-0.5103333592414856,3.631004571914673,0.6412252187728882,reggae,2
reggae.00064,1,-94.08553314208984,65.4441909790039,10.889708518981934,17.940391540527344,33.88753128051758,12.918986320495604,7.495010375976562,16.156497955322266,9.758771896362305,4.059221267700195,reggae,2
reggae.00064,2,-85.21305847167969,35.9239616394043,22.30827522277832,33.857234954833984,35.16427993774414,13.867117881774902,-0.8842459917068481,14.713187217712402,14.782974243164062,-4.217461585998535,reggae,2
reggae.00064,3,-63.43292617797852,54.09852600097656,23.229225158691406,20.57325553894043,25.6151180267334,16.8751277923584,1.1473655700683594,10.749011039733888,5.575490951538086,-0.2198498100042343,reggae,2
reggae.00064,4,-63.4591178894043,57.36439514160156,19.670127868652344,13.93050765991211,19.60480690002441,15.488151550292969,2.4937057495117188,4.727699279785156,3.451673746109009,2.605840921401977,reggae,2
reggae.00064,5,-89.99951934814453,58.17583465576172,18.74710273742676,19.432891845703125,29.78669166564941,16.32508659362793,6.088247299194336,14.11482048034668,6.8902740478515625,-0.5216213464736938,reggae,2
reggae.00064,6,-70.79202270507812,48.52614212036133,10.84852409362793,20.74777603149414,27.58594512939453,13.65844440460205,0.7845576405525208,12.070304870605469,10.702460289001465,-0.6574670672416687,reggae,2
reggae.00064,7,-70.70482635498047,46.14007186889648,15.126429557800291,17.246973037719727,30.34308433532715,15.182908058166504,-3.391306638717652,5.8116302490234375,0.8148927688598633,-4.407230854034424,reggae,2
reggae.00064,8,-91.90404510498048,57.56430816650391,13.13429069519043,17.539430618286133,28.978248596191406,17.941396713256836,8.892155647277832,15.92068099975586,7.274191379547119,3.579655170440674,reggae,2
reggae.00064,9,-25.57814598083496,64.3421401977539,-4.972721099853516,18.588550567626957,23.75954818725586,1.458276867866516,-11.688203811645508,6.475295066833496,3.687624931335449,-4.430843353271484,reggae,2
reggae.00065,0,-72.5672836303711,99.49254608154295,-15.99180030822754,25.443098068237305,13.862425804138184,9.972930908203123,14.062076568603516,12.629555702209473,-0.646738588809967,9.518929481506348,reggae,2
reggae.00065,1,-85.78919982910156,102.39102935791016,-17.946975708007812,27.967140197753903,10.221125602722168,4.815114974975586,10.084747314453123,9.777692794799805,0.3966308534145355,9.179400444030762,reggae,2
reggae.00065,2,-97.44544982910156,116.31987762451172,-16.972631454467773,32.76919937133789,12.941113471984863,2.926903247833252,16.671476364135742,13.524456977844238,-2.362781047821045,5.491185188293457,reggae,2
reggae.00065,3,-82.81918334960938,119.1515655517578,-26.81072998046875,21.031906127929688,8.30561351776123,-2.576641798019409,11.069908142089844,8.020556449890137,-2.1266930103302,14.191030502319336,reggae,2
reggae.00065,4,-67.0223159790039,99.03004455566406,-19.415069580078125,28.963817596435547,14.152700424194336,8.08537769317627,14.140429496765137,10.109370231628418,-0.3617629110813141,8.039665222167969,reggae,2
reggae.00065,5,-61.00749588012695,93.02239990234376,-20.461631774902344,25.3448486328125,13.775171279907228,6.680769443511963,3.94050669670105,9.329201698303224,-1.214855670928955,8.195389747619629,reggae,2
reggae.00065,6,-72.63421630859375,94.52803802490234,-21.443681716918945,32.15912628173828,17.917274475097656,6.165523529052734,4.9032301902771,10.371402740478516,1.7885355949401855,6.618757247924805,reggae,2
reggae.00065,7,-45.54923248291016,88.24756622314453,-19.063364028930664,26.63062286376953,16.205947875976562,8.000845909118652,7.058144092559815,11.780630111694336,3.2934446334838867,6.508265972137451,reggae,2
reggae.00065,8,-30.587207794189453,73.03765106201172,-17.583784103393555,27.735246658325195,20.175188064575195,6.07440996170044,2.6332106590271,6.60671854019165,-1.2587318420410156,6.882123947143555,reggae,2
reggae.00065,9,-47.01036834716797,96.99925231933594,-12.953036308288574,22.00442886352539,12.043645858764648,9.793395042419434,9.160374641418455,13.245746612548828,0.359012633562088,6.062371253967285,reggae,2
reggae.00066,0,-156.2963104248047,124.49500274658205,-21.3404598236084,50.11063003540039,4.632096767425537,15.780434608459473,-1.4148045778274536,15.326204299926758,-0.567392110824585,0.6611723303794861,reggae,2
reggae.00066,1,-150.1163787841797,112.08048248291016,-22.195974349975582,41.94834899902344,11.22091579437256,12.057369232177734,-4.292145252227783,17.121337890625,8.053874015808105,9.52624225616455,reggae,2
reggae.00066,2,-132.67733764648438,120.53819274902344,-20.308135986328125,26.49128532409668,1.8486924171447756,16.0802059173584,2.0321712493896484,15.50185775756836,2.7488832473754883,3.843094825744629,reggae,2
reggae.00066,3,-145.47669982910156,123.28767395019533,-17.801198959350586,36.834285736083984,2.60815954208374,14.337393760681152,-2.994997501373291,17.773983001708984,1.8729183673858645,4.101770877838135,reggae,2
reggae.00066,4,-137.17385864257812,123.62873077392578,-24.127914428710938,36.78879928588867,4.669877529144287,15.986177444458008,-3.835661888122559,17.909160614013672,-2.9778294563293457,8.199333190917969,reggae,2
reggae.00066,5,-162.71424865722656,136.17041015625,-19.59803009033203,36.80913543701172,1.0596942901611328,13.707205772399902,1.6702526807785034,16.412534713745117,2.459742784500122,4.730940341949463,reggae,2
reggae.00066,6,-167.2423095703125,117.39727020263672,-22.67913627624512,47.33007049560547,10.508161544799805,17.760730743408203,3.457489252090454,15.336138725280762,2.905217170715332,3.2484848499298096,reggae,2
reggae.00066,7,-143.1083984375,117.50621032714844,-19.39838218688965,33.73879623413086,7.1175150871276855,16.16263198852539,-0.5552068948745728,18.5000114440918,2.824060201644897,5.464132785797119,reggae,2
reggae.00066,8,-148.46255493164062,116.40066528320312,-22.315797805786133,51.59933090209961,13.677172660827637,18.77245330810547,-2.066715955734253,17.702640533447266,-0.5148863792419434,-0.7458156943321228,reggae,2
reggae.00066,9,-129.7421875,116.2339096069336,-30.6347770690918,39.33052444458008,7.144937992095947,14.319412231445312,-5.995203018188477,11.637174606323242,5.202871322631836,8.773695945739746,reggae,2
reggae.00067,0,-131.943603515625,119.41854858398438,1.357380986213684,19.19154167175293,20.94346809387207,2.99211859703064,10.95166015625,2.935078382492065,1.20878267288208,0.9653295874595642,reggae,2
reggae.00067,1,-131.0340118408203,106.11148071289062,-4.071756362915039,29.50288772583008,28.281328201293945,1.6348953247070312,10.847838401794434,4.608177661895752,4.393106460571289,0.6963107585906982,reggae,2
reggae.00067,2,-125.18518829345705,120.38349151611328,-3.281123638153076,17.795223236083984,19.05716323852539,0.8270050287246704,10.112971305847168,-0.0754177421331405,3.5212857723236084,2.060168743133545,reggae,2
reggae.00067,3,-139.93650817871094,110.53484344482422,0.1661974638700485,28.68003273010254,25.463327407836918,-0.0236113108694553,10.214102745056152,1.8070807456970213,2.4429190158843994,-2.3612072467803955,reggae,2
reggae.00067,4,-122.77668762207033,120.6383285522461,-4.822946071624756,17.695514678955078,26.02689743041992,-0.2870332598686218,9.77873420715332,0.0213625989854335,1.932449460029602,0.6917760968208313,reggae,2
reggae.00067,5,-136.90475463867188,117.74779510498048,-4.232349395751953,25.86577606201172,31.14045524597168,0.2479990422725677,10.714537620544434,4.413643836975098,6.412735462188721,-2.7541167736053467,reggae,2
reggae.00067,6,-141.7347412109375,118.45137786865234,-8.02147388458252,29.09942626953125,31.4045467376709,3.491062641143799,20.89857292175293,3.625810384750366,5.504302978515625,4.309094905853272,reggae,2
reggae.00067,7,-132.2342071533203,122.70310974121094,-2.4363460540771484,15.493462562561035,19.382301330566406,-3.90966534614563,19.944095611572266,8.282334327697754,5.772701263427734,0.749729573726654,reggae,2
reggae.00067,8,-126.51856994628906,123.03382873535156,-1.0597469806671145,21.023828506469727,27.132572174072266,-0.3249983787536621,15.796799659729004,5.02604341506958,8.309534072875977,1.116427659988403,reggae,2
reggae.00067,9,-142.25790405273438,113.9244613647461,-1.8449151515960691,20.881839752197266,30.38346099853516,-1.5809847116470337,16.080141067504883,3.306095123291016,6.253585815429688,0.2815940380096435,reggae,2
reggae.00068,0,-192.407470703125,82.14403533935547,1.505885362625122,29.234363555908203,-0.7260563969612122,20.258256912231445,0.2873436510562897,10.86630153656006,11.335775375366213,14.039267539978027,reggae,2
reggae.00068,1,-172.28363037109375,84.14836883544922,-3.183434247970581,36.22661972045898,3.295263767242432,21.74569129943848,-3.420987129211426,11.776650428771973,6.0968918800354,8.228170394897461,reggae,2
reggae.00068,2,-218.35971069335935,80.25431060791016,3.164890766143799,39.25631713867188,8.598393440246582,26.913604736328125,5.716023921966553,14.68894100189209,10.353057861328123,8.607033729553223,reggae,2
reggae.00068,3,-210.5976104736328,89.4631576538086,-3.3208677768707275,33.93206787109375,3.34452486038208,23.98011016845703,13.51319694519043,17.481035232543945,11.964582443237305,9.871539115905762,reggae,2
reggae.00068,4,-184.1171417236328,83.48795318603516,-4.985424041748047,30.241905212402344,4.616298675537109,23.52406883239746,1.290094971656799,11.607072830200195,8.960989952087402,12.689964294433594,reggae,2
reggae.00068,5,-196.06640625,78.30302429199219,-2.1261911392211914,33.13416290283203,3.717947244644165,22.835994720458984,8.263299942016602,15.773272514343262,8.376852989196777,12.891880989074709,reggae,2
reggae.00068,6,-176.4475860595703,80.81105041503906,-6.63475513458252,31.696664810180664,1.8009954690933228,23.47805404663086,-2.225471019744873,11.257438659667969,8.675149917602539,13.150030136108398,reggae,2
reggae.00068,7,-189.05499267578125,75.32604217529297,-4.103928565979004,30.812705993652344,5.180509567260742,24.025203704833984,0.8048570156097412,12.171749114990234,8.059365272521973,14.036526679992676,reggae,2
reggae.00068,8,-185.9505615234375,86.85163879394531,8.58086109161377,27.357959747314453,-5.282059669494629,21.155920028686523,-1.216161847114563,19.88164520263672,2.357313394546509,4.041928768157959,reggae,2
reggae.00068,9,-220.14340209960935,94.22106170654295,3.3624563217163086,30.888931274414062,2.446021795272827,23.40132713317871,6.089665412902832,16.719987869262695,8.9138822555542,6.2541351318359375,reggae,2
reggae.00069,0,-188.1021270751953,87.49008178710938,25.473129272460938,34.571861267089844,14.215777397155762,7.726215362548828,6.211053848266602,22.056854248046875,-0.9241797924041748,1.3313007354736328,reggae,2
reggae.00069,1,-158.3894500732422,76.84052276611328,25.90657997131348,39.74703979492188,8.470941543579102,7.129457473754883,6.297811031341553,21.221622467041016,-4.507068157196045,2.12552261352539,reggae,2
reggae.00069,2,-117.90082550048828,68.81156921386719,15.779804229736328,36.44700622558594,10.747958183288574,4.540251731872559,-0.3663594722747803,21.289512634277344,-7.21318244934082,-0.6081728339195251,reggae,2
reggae.00069,3,-109.19485473632812,96.94476318359376,30.20339012145996,24.535823822021484,-18.021413803100582,-7.474330425262451,-7.471327304840088,27.99554443359375,-8.329851150512695,-5.318539142608643,reggae,2
reggae.00069,4,-147.58399963378906,82.6466064453125,18.25149345397949,35.6212043762207,13.980812072753906,2.785940408706665,0.3250591456890106,16.92522621154785,-6.8517680168151855,4.520256042480469,reggae,2
reggae.00069,5,-159.62942504882812,71.0715560913086,27.14537811279297,45.9329833984375,7.1833271980285645,6.93654203414917,6.6113057136535645,20.472877502441406,-6.868701457977295,0.0056091747246682,reggae,2
reggae.00069,6,-137.75498962402344,93.46353912353516,15.995628356933594,31.565092086791992,1.3124971389770508,9.217981338500977,5.514135360717773,20.099063873291016,-6.082301616668701,1.5848194360733032,reggae,2
reggae.00069,7,-105.4276885986328,90.16832733154295,8.484994888305664,22.45731544494629,-3.47913670539856,3.600198984146118,-3.796099424362183,25.32371711730957,-5.898595333099365,-4.49689531326294,reggae,2
reggae.00069,8,-126.43470764160156,88.66947174072266,22.83088111877441,33.61067581176758,2.9606289863586426,-5.842267036437988,-1.9134705066680908,20.98263359069824,-10.495142936706545,5.215116500854492,reggae,2
reggae.00069,9,-179.40579223632812,81.22875213623047,29.92609977722168,34.3191032409668,9.148514747619627,13.200634002685549,8.39361572265625,21.9404296875,-2.345181703567505,0.4919216334819793,reggae,2
reggae.00070,0,-107.15088653564452,84.78863525390625,-1.051411271095276,19.455974578857425,4.608712673187256,7.907215118408203,-3.5017030239105225,5.3439621925354,-0.4113153517246246,5.1669087409973145,reggae,2
reggae.00070,1,-108.34331512451172,79.6356201171875,-2.943972110748291,19.31119728088379,4.554933547973633,8.875401496887207,-3.2830350399017334,6.015666484832764,1.2476370334625244,6.58585786819458,reggae,2
reggae.00070,2,-101.8538589477539,79.59236907958984,-0.8890775442123413,16.667972564697266,4.665684223175049,8.554614067077637,-5.131782054901123,4.61176872253418,-0.216048464179039,5.202816486358643,reggae,2
reggae.00070,3,-126.359375,83.9428939819336,-17.554155349731445,25.6147575378418,-2.811715841293335,8.100530624389648,2.2054531574249268,3.516496181488037,-0.2063319236040115,11.079747200012209,reggae,2
reggae.00070,4,-176.62005615234375,80.14173889160156,-9.993555068969728,23.87266540527344,-2.247443914413452,20.872638702392575,13.560449600219728,4.867328643798828,-3.494335651397705,15.541157722473145,reggae,2
reggae.00070,5,-161.04676818847656,81.08085632324219,-3.675162076950073,28.91119384765625,2.568525075912476,16.882278442382812,8.346528053283691,1.590667963027954,-5.293374061584473,5.501160144805908,reggae,2
reggae.00070,6,-200.8362274169922,72.80243682861328,2.3791613578796387,46.53807067871094,1.3593323230743408,15.044143676757812,5.896184921264648,0.1389365494251251,5.139594078063965,15.83200454711914,reggae,2
reggae.00070,7,-149.07470703125,64.26631927490234,-6.62925910949707,21.25676918029785,0.2653336226940155,17.57839584350586,12.75881290435791,8.766838073730469,-0.4710293710231781,9.229899406433104,reggae,2
reggae.00070,8,-129.24755859375,69.4233169555664,-5.999088764190674,19.03716278076172,-4.528580188751221,9.220230102539062,8.21340560913086,7.533010959625244,1.542594313621521,8.66556453704834,reggae,2
reggae.00070,9,-107.01789855957033,64.08362579345703,-4.845314025878906,16.33350944519043,0.2539024949073791,10.95262622833252,5.835495948791504,10.322320938110352,2.55246639251709,8.711880683898926,reggae,2
reggae.00071,0,-111.57770538330078,36.12632369995117,25.156265258789062,49.006961822509766,20.846580505371094,10.76424503326416,-2.6401281356811523,15.975608825683594,-4.3975372314453125,7.349044799804687,reggae,2
reggae.00071,1,-146.2898712158203,61.00203704833984,14.372222900390623,44.5942611694336,24.97781753540039,8.549816131591797,5.28022575378418,15.728593826293944,-0.8418430685997009,3.670998096466065,reggae,2
reggae.00071,2,-128.11705017089844,38.40660095214844,17.369497299194336,48.056060791015625,27.21910285949707,14.210823059082031,1.7498091459274292,13.022662162780762,-2.9727590084075928,8.067184448242188,reggae,2
reggae.00071,3,-163.20643615722656,59.489540100097656,26.88250160217285,41.68745422363281,15.722564697265623,11.320793151855469,7.254367351531982,14.85048484802246,-3.18660044670105,9.308899879455566,reggae,2
reggae.00071,4,-141.98130798339844,23.72721290588379,24.5399227142334,47.15627670288086,28.32032012939453,14.929430961608888,0.7094435691833496,14.59200954437256,-0.5812081694602966,3.511272668838501,reggae,2
reggae.00071,5,-126.5648422241211,68.36439514160156,14.834501266479492,35.86326217651367,17.033601760864258,10.339349746704102,6.436235904693604,12.680176734924316,-1.7344489097595217,5.23070764541626,reggae,2
reggae.00071,6,-212.54563903808597,36.71104431152344,22.43773078918457,49.7642707824707,30.6954288482666,17.903902053833008,13.588775634765623,15.478998184204102,4.194209098815918,8.958524703979492,reggae,2
reggae.00071,7,-113.66185760498048,41.59505081176758,23.85748291015625,43.7976188659668,20.54714584350586,12.184940338134766,-0.7482752799987793,14.149808883666992,-4.14976692199707,5.001839637756348,reggae,2
reggae.00071,8,-150.29580688476562,49.32785415649414,27.79631996154785,36.35374069213867,9.809372901916504,1.8262572288513184,6.175502777099609,17.408145904541016,-0.7385818362236023,6.472884654998779,reggae,2
reggae.00071,9,-123.91926574707033,31.069231033325195,20.46164321899414,36.380279541015625,22.8096981048584,10.332292556762695,-2.362950325012207,15.49595069885254,-3.282378673553467,6.8679914474487305,reggae,2
reggae.00072,0,-102.5548858642578,69.49343872070312,8.588520050048828,10.499785423278809,19.51833915710449,0.1605715304613113,-1.0480300188064575,9.313508987426758,-3.1865389347076416,-0.881469190120697,reggae,2
reggae.00072,1,-140.23985290527344,60.77793884277344,23.612642288208008,19.07903480529785,26.689043045043945,4.257017135620117,1.5220094919204712,9.396875381469728,0.4096367359161377,-1.8040250539779663,reggae,2
reggae.00072,2,-61.37712478637695,73.02045440673828,-9.543954849243164,-0.4332878589630127,4.496402740478516,-11.460052490234377,-10.948225021362305,0.1018482223153114,-10.847238540649414,-1.345875859260559,reggae,2
reggae.00072,3,-114.0808563232422,65.80950164794922,-0.2503764033317566,-0.7707288265228271,8.228772163391113,-1.8472923040390012,-1.3698468208312988,1.5996259450912476,-4.781556606292725,0.4099461138248443,reggae,2
reggae.00072,4,-62.11824417114258,71.71894836425781,-6.022993564605713,1.5097177028656006,1.5897419452667236,-6.528719425201416,-5.726615905761719,-3.114332437515259,-16.16944122314453,-1.054291009902954,reggae,2
reggae.00072,5,-123.74596405029295,60.10868835449219,8.475563049316406,0.7001232504844666,10.337027549743652,-2.4422476291656494,-0.5812169909477234,1.4450249671936035,-5.423138618469238,2.658229351043701,reggae,2
reggae.00072,6,-71.1307144165039,74.57423400878906,-2.565833330154419,7.101829528808594,11.333703994750977,-5.545292377471924,-8.946645736694336,1.7542848587036133,-3.5726685523986816,3.869926929473877,reggae,2
reggae.00072,7,-82.88697052001953,65.20446014404297,1.45891535282135,17.42304801940918,21.669801712036133,1.0417397022247314,-3.0518429279327397,2.719759941101074,-4.218931198120117,1.0590815544128418,reggae,2
reggae.00072,8,-92.81340789794922,65.83702087402344,12.990402221679688,23.11306381225586,16.495763778686523,-5.484663486480713,-6.076305389404297,9.325553894042969,-5.637173175811768,-2.656732082366944,reggae,2
reggae.00072,9,-90.73629760742188,76.51409149169922,3.035222053527832,-2.149610757827759,7.254258155822754,-3.582308530807495,-2.247783899307251,6.224137783050537,-7.176914215087891,-3.603446483612061,reggae,2
reggae.00073,0,-100.02605438232422,102.140380859375,1.8691997528076167,21.276836395263672,-2.223816156387329,16.80698013305664,10.56338596343994,15.293572425842283,9.987975120544434,7.740409374237059,reggae,2
reggae.00073,1,-96.81494903564452,94.34215545654295,16.34960174560547,23.725099563598636,1.7122081518173218,18.71522331237793,5.96263313293457,10.93502140045166,3.6110687255859375,10.094358444213867,reggae,2
reggae.00073,2,-97.52418518066406,84.30042266845703,18.83426284790039,31.799991607666016,9.870137214660645,21.1595516204834,3.889009714126587,9.244576454162598,5.671645641326904,10.673799514770508,reggae,2
reggae.00073,3,-108.02812957763672,80.1351547241211,25.77254676818848,40.05886459350586,13.187664985656738,19.30297088623047,2.8518834114074707,8.689858436584473,5.668281555175781,8.794507026672363,reggae,2
reggae.00073,4,-107.41885375976562,86.54724884033203,22.699079513549805,35.72395324707031,10.65593433380127,19.72662734985352,3.3623948097229004,7.959916591644287,8.740645408630371,12.77663803100586,reggae,2
reggae.00073,5,-134.2105712890625,92.35665130615234,26.11362838745117,25.604372024536133,19.180442810058597,12.004264831542969,-1.5503308773040771,2.5495870113372803,-1.1230077743530271,3.474322557449341,reggae,2
reggae.00073,6,-109.51627349853516,81.30652618408203,24.51502799987793,33.01032638549805,13.99168586730957,20.083881378173828,6.0862908363342285,8.438836097717285,4.725405216217041,7.776980400085449,reggae,2
reggae.00073,7,-102.95635223388672,84.03156280517578,20.492822647094727,33.917457580566406,14.757818222045898,16.90968132019043,0.9189231395721436,7.376777172088623,5.494040489196777,9.305326461791992,reggae,2
reggae.00073,8,-102.2474594116211,82.8520736694336,19.61476707458496,31.312976837158203,11.708416938781738,17.962203979492188,3.454261064529419,11.998106002807615,10.355871200561523,10.783617973327637,reggae,2
reggae.00073,9,-101.0385284423828,92.041259765625,17.63501739501953,30.189451217651367,7.155420780181885,17.612592697143555,1.1395658254623413,7.008250236511231,5.366659641265869,7.8147478103637695,reggae,2
reggae.00074,0,-100.02605438232422,102.140380859375,1.8691997528076167,21.276836395263672,-2.223816156387329,16.80698013305664,10.56338596343994,15.293572425842283,9.987975120544434,7.740409374237059,reggae,2
reggae.00074,1,-96.81494903564452,94.34215545654295,16.34960174560547,23.725099563598636,1.7122081518173218,18.71522331237793,5.96263313293457,10.93502140045166,3.6110687255859375,10.094358444213867,reggae,2
reggae.00074,2,-97.52418518066406,84.30042266845703,18.83426284790039,31.799991607666016,9.870137214660645,21.1595516204834,3.889009714126587,9.244576454162598,5.671645641326904,10.673799514770508,reggae,2
reggae.00074,3,-107.4926528930664,81.99284362792969,25.014467239379883,39.52430725097656,12.60257053375244,18.813953399658203,3.1954402923583984,8.823360443115234,6.2396016120910645,8.858875274658203,reggae,2
reggae.00074,4,-108.25447082519533,86.32160186767578,23.042428970336918,35.89691162109375,10.80244255065918,19.57511711120605,3.468180656433105,7.986748695373535,8.662083625793457,12.590977668762209,reggae,2
reggae.00074,5,-132.7313232421875,92.26952362060548,25.76375961303711,25.803693771362305,19.03003692626953,12.068032264709473,-1.503360152244568,2.4806604385375977,-1.3687584400177002,3.070994138717652,reggae,2
reggae.00074,6,-110.12647247314452,81.97428131103516,24.99703788757324,32.874969482421875,14.189774513244627,19.802827835083008,5.842216968536377,8.30849552154541,4.725484848022461,8.008621215820312,reggae,2
reggae.00074,7,-103.18506622314452,83.99158477783203,20.55240249633789,33.87023162841797,14.751195907592772,16.870084762573242,0.7765163779258728,7.421712398529053,5.454118728637695,9.339062690734863,reggae,2
reggae.00074,8,-102.45642852783205,82.75621795654297,19.57459831237793,31.28009796142578,11.510570526123049,18.125778198242188,3.736392974853516,11.985475540161133,10.5339937210083,10.608037948608398,reggae,2
reggae.00074,9,-100.31104278564452,92.04547882080078,17.604276657104492,30.33641815185547,7.509474754333496,17.188085556030273,0.7958868145942688,6.808056831359863,5.245244026184082,7.632246971130371,reggae,2
reggae.00075,0,-98.76007843017578,88.2278823852539,-22.10400009155273,25.699281692504883,13.205450057983398,3.941519975662232,-3.842752695083618,8.707592964172363,-3.991192579269409,1.70500648021698,reggae,2
reggae.00075,1,-88.41696166992188,94.41875457763672,-23.88531494140625,20.990602493286133,0.5236520767211914,2.504263639450073,-1.082111358642578,7.156527996063232,-0.0739382207393646,3.1987125873565674,reggae,2
reggae.00075,2,-80.44554138183594,92.14774322509766,-25.6831169128418,29.356019973754883,4.069349765777588,5.306634902954102,1.0062130689620972,6.8393874168396,-5.803249359130859,2.3812179565429688,reggae,2
reggae.00075,3,-46.33437347412109,73.51275634765625,-24.59423065185547,9.346295356750488,-2.63318943977356,9.98720359802246,1.6681452989578247,14.423578262329102,-4.327160835266113,3.307646512985229,reggae,2
reggae.00075,4,-79.87641906738281,89.2065658569336,-17.150556564331055,29.81162643432617,-4.845025062561035,3.6751086711883545,-0.7543184161186218,6.032886028289795,-2.7038161754608154,-0.1561339199542999,reggae,2
reggae.00075,5,-63.07742691040039,89.23678588867188,-31.26567649841309,7.326267242431641,1.9367281198501587,8.111761093139648,1.869586944580078,16.278169631958008,-1.5276046991348269,3.2723464965820312,reggae,2
reggae.00075,6,-28.593971252441406,74.07083892822266,-35.643306732177734,14.661087989807127,-24.243667602539062,2.827311515808105,5.388704776763916,5.752261161804199,-7.519720077514648,-0.7441014051437378,reggae,2
reggae.00075,7,-42.3712272644043,94.34400177001952,-36.74883270263672,10.99187469482422,-3.709212064743042,6.352625846862793,0.4057253897190094,3.9290964603424072,-7.243165016174316,3.660457849502564,reggae,2
reggae.00075,8,-37.69672393798828,91.93035888671876,-29.80284118652344,20.264577865600582,-22.311506271362305,5.122401714324951,2.7659528255462646,5.02609395980835,-3.724988222122192,2.837325096130371,reggae,2
reggae.00075,9,-72.74365997314453,95.69352722167967,-28.21331596374512,17.37702178955078,1.9818384647369385,4.395666599273682,2.3062844276428223,5.995886325836182,-7.061831951141357,3.194108724594116,reggae,2
reggae.00076,0,-121.00384521484376,74.7709732055664,25.987688064575195,34.51436233520508,2.609126091003418,19.45307922363281,1.6629287004470823,6.984619140625,7.505257129669189,13.824687004089355,reggae,2
reggae.00076,1,-118.86344146728516,90.260009765625,31.475780487060547,35.812625885009766,-0.102565586566925,12.892568588256836,-3.8268656730651855,2.018342971801758,4.734785556793213,4.220787048339844,reggae,2
reggae.00076,2,-167.80763244628906,84.12225341796875,18.740163803100582,35.631187438964844,3.535590171813965,15.98263931274414,3.915274858474731,12.648683547973633,16.81859588623047,17.4460506439209,reggae,2
reggae.00076,3,-77.44905853271484,67.41909790039062,22.36282157897949,39.56139755249024,4.760717868804932,8.153668403625488,-6.1490254402160645,2.0965776443481445,-0.7424908876419067,6.366759300231934,reggae,2
reggae.00076,4,-101.55120086669922,59.851356506347656,28.620271682739254,40.1605110168457,7.895696640014648,11.427186012268066,-2.117405414581299,9.70987606048584,8.905510902404785,13.422323226928713,reggae,2
reggae.00076,5,-115.8553237915039,94.67379760742188,25.37837219238281,38.55649185180664,2.737058162689209,7.1299333572387695,-1.452959418296814,3.659978151321411,3.766857385635376,2.202139377593994,reggae,2
reggae.00076,6,-164.4463348388672,86.50116729736328,18.951644897460938,37.61009979248047,5.9025187492370605,16.26891326904297,3.413313150405884,13.465789794921877,17.003698348999023,17.003894805908203,reggae,2
reggae.00076,7,-60.7136344909668,74.85503387451172,5.515344619750977,33.53499984741211,-2.1604580879211426,5.91628360748291,-0.6383817195892334,1.2800865173339844,4.669637203216553,10.336848258972168,reggae,2
reggae.00076,8,-72.8356704711914,61.344356536865234,1.0900620222091677,32.78836441040039,8.01883602142334,11.5800142288208,6.595718860626221,16.323131561279297,12.23675537109375,13.009162902832031,reggae,2
reggae.00076,9,-56.409915924072266,69.88028717041016,16.92348289489746,38.336875915527344,3.241394519805908,8.154675483703613,-0.3289965093135834,4.013616561889648,2.207481861114502,6.69102954864502,reggae,2
reggae.00077,0,-172.9886474609375,100.2236785888672,1.801140546798706,52.56275177001953,15.100882530212402,14.130882263183594,12.170644760131836,11.140317916870115,7.033830642700195,2.175605297088623,reggae,2
reggae.00077,1,-134.3661346435547,112.83706665039062,-16.602842330932617,34.99404525756836,1.545552372932434,14.091354370117188,14.990253448486328,13.480697631835938,5.928889751434326,2.92521071434021,reggae,2
reggae.00077,2,-154.9756317138672,114.48751831054688,-11.172450065612791,43.676361083984375,11.714797019958496,12.264246940612791,12.728209495544434,9.35260009765625,9.506362915039062,1.4943963289260864,reggae,2
reggae.00077,3,-150.24156188964844,112.13512420654295,-14.23272705078125,45.69583511352539,12.317572593688965,11.250459671020508,14.11550521850586,5.236813068389893,4.944158554077148,3.3163485527038574,reggae,2
reggae.00077,4,-159.3908233642578,101.02723693847656,1.536102533340454,50.71233367919922,13.760083198547363,16.626792907714844,10.02981662750244,5.4917497634887695,7.83906888961792,4.16284704208374,reggae,2
reggae.00077,5,-153.55409240722656,111.5427703857422,0.1246540397405624,50.339115142822266,13.550582885742188,13.854334831237791,7.511691570281982,4.603867530822754,5.040365695953369,1.4489614963531494,reggae,2
reggae.00077,6,-177.5740509033203,122.94745635986328,-9.394572257995604,50.47706604003906,19.08914566040039,9.741042137145996,11.660747528076172,4.126648902893066,5.080212593078613,0.3569828867912292,reggae,2
reggae.00077,7,-148.95513916015625,102.4358901977539,4.567517280578613,48.6546630859375,6.466500282287598,21.53461456298828,11.888504981994627,1.156382441520691,5.670244693756104,1.191298246383667,reggae,2
reggae.00077,8,-120.26377868652344,69.09368896484375,6.921627044677734,57.05908203125,8.64206314086914,24.01631164550781,8.120583534240723,1.3467426300048828,9.637441635131836,1.1914581060409546,reggae,2
reggae.00077,9,-145.3680877685547,105.28743743896484,-24.21909523010254,45.28392028808594,11.463851928710938,13.46042823791504,13.09509563446045,10.078448295593262,6.923233985900879,5.58372688293457,reggae,2
reggae.00078,0,-167.50628662109375,73.97465515136719,-10.824920654296877,56.79432678222656,17.499650955200195,24.53075408935547,4.888465404510498,9.078014373779297,6.455569267272949,6.525681018829346,reggae,2
reggae.00078,1,-196.3234405517578,73.76863098144531,5.428785800933838,59.211875915527344,21.586162567138672,27.111955642700195,7.145868301391602,15.210195541381836,10.896695137023926,4.868983745574951,reggae,2
reggae.00078,2,-151.5795440673828,72.14631652832031,-10.257412910461426,53.77484893798828,8.701876640319824,27.643993377685547,7.94618558883667,3.8146274089813232,1.9768296480178835,10.3644437789917,reggae,2
reggae.00078,3,-185.9481506347656,83.61612701416016,-4.244307994842529,44.54484558105469,17.92875862121582,26.34588623046875,7.1217217445373535,11.730624198913574,7.74342155456543,9.36459732055664,reggae,2
reggae.00078,4,-134.06649780273438,76.88904571533203,-18.251585006713867,56.26499557495117,8.518228530883789,22.353206634521484,1.332672357559204,3.181257486343384,6.845227718353272,12.319884300231934,reggae,2
reggae.00078,5,-218.97610473632807,77.8514404296875,14.74466037750244,53.116512298583984,20.59428024291992,22.346818923950195,6.186025619506836,13.88923168182373,10.159662246704102,11.271531105041504,reggae,2
reggae.00078,6,-146.55859375,71.86144256591797,-5.657807350158691,58.62617111206055,9.149423599243164,23.06578254699707,3.70890474319458,5.027009963989258,4.918432712554932,12.34321117401123,reggae,2
reggae.00078,7,-184.4115753173828,89.47342681884766,-6.7054057121276855,43.15081787109375,22.15513038635254,26.765575408935547,6.281283855438232,9.67419147491455,6.635334491729736,9.70887851715088,reggae,2
reggae.00078,8,-130.25514221191406,75.00494384765625,-15.09418773651123,55.94181442260742,8.949775695800781,23.471923828125,0.899389386177063,1.494362235069275,4.209871292114258,12.457871437072754,reggae,2
reggae.00078,9,-237.97335815429688,88.13990020751953,24.143613815307617,46.61133193969727,22.70779609680176,23.596847534179688,7.548047065734863,13.326348304748535,6.777695655822754,9.533679008483888,reggae,2
reggae.00079,0,-163.15139770507812,69.51789093017578,-29.12101554870605,16.421525955200195,-19.29058837890625,8.56021785736084,-10.252236366271973,2.0644710063934326,14.025696754455566,5.237780570983887,reggae,2
reggae.00079,1,-150.2859344482422,57.42824935913086,-39.50767135620117,22.179126739501957,-24.61370849609375,7.468623161315918,-8.293547630310059,-0.7427239418029785,11.36577320098877,11.029744148254396,reggae,2
reggae.00079,2,-169.96543884277344,54.77131652832031,-46.936309814453125,32.02385711669922,-20.492918014526367,22.784292221069336,6.574752807617188,2.045013904571533,7.823212146759033,3.931103467941284,reggae,2
reggae.00079,3,-93.28072357177734,70.60284423828125,-51.3856086730957,40.65568923950195,-7.229061603546143,16.597667694091797,-2.5883724689483643,2.063701629638672,-0.4442290961742401,-1.74562406539917,reggae,2
reggae.00079,4,-164.30419921875,72.06226348876953,-11.48394775390625,40.73614501953125,-6.134835720062256,32.98468399047852,5.552515029907227,4.618007183074951,6.62113094329834,-2.8207740783691406,reggae,2
reggae.00079,5,-169.93641662597656,51.72013092041016,-24.247257232666016,37.979759216308594,-7.825273036956787,33.728477478027344,10.395492553710938,10.200146675109863,9.240788459777832,6.084033012390137,reggae,2
reggae.00079,6,-190.2350311279297,42.29708480834961,-23.431957244873047,39.04197311401367,-8.799880027770996,39.0802001953125,12.819671630859377,10.478848457336426,9.638042449951172,6.346663951873779,reggae,2
reggae.00079,7,-147.50523376464844,54.17280578613281,-42.38664245605469,31.44551467895508,-13.722977638244627,31.80398178100586,0.392489343881607,0.6556505560874939,3.78517746925354,7.1210455894470215,reggae,2
reggae.00079,8,-164.60877990722656,42.58295440673828,-39.63101196289063,34.33161926269531,-14.2805814743042,36.733280181884766,8.521987915039062,6.8310723304748535,11.083002090454102,6.5826921463012695,reggae,2
reggae.00079,9,-145.13136291503906,55.242977142333984,-45.249698638916016,38.36298370361328,-19.744653701782227,22.535890579223636,2.062638521194458,4.341787338256836,12.251134872436523,4.164929866790772,reggae,2
reggae.00080,0,-99.11119079589844,67.55217742919922,-11.283891677856444,24.06342315673828,11.202611923217772,10.805662155151367,8.654794692993164,10.919919967651367,7.115962505340576,23.18265724182129,reggae,2
reggae.00080,1,-108.33824157714844,66.99092864990234,1.7970547676086426,26.096254348754883,5.570108890533447,23.65081214904785,17.2591609954834,18.74482727050781,6.732071399688721,8.740159034729004,reggae,2
reggae.00080,2,-114.26667785644533,72.40728759765625,7.595700740814209,34.91830062866211,5.593893527984619,8.753819465637207,18.205591201782227,15.312905311584473,-0.994134783744812,15.484138488769531,reggae,2
reggae.00080,3,-103.45076751708984,61.53440475463867,2.5101571083068848,29.755746841430664,4.102611541748047,5.804713249206543,12.1953125,10.530552864074709,2.8005211353302,19.01674461364746,reggae,2
reggae.00080,4,-95.79690551757812,62.36302947998047,6.9879913330078125,28.47702980041504,-2.958253860473633,14.870526313781738,17.826318740844727,22.68690299987793,9.374500274658203,12.02286434173584,reggae,2
reggae.00080,5,-128.04888916015625,74.9759292602539,11.522789001464844,33.488868713378906,0.1120499223470687,9.415514945983888,14.319390296936035,13.625377655029297,1.689381122589111,13.923983573913574,reggae,2
reggae.00080,6,-117.21946716308594,78.47853088378906,11.26880168914795,28.764671325683597,-3.722592830657959,9.323375701904297,20.648090362548828,13.74501609802246,1.038536548614502,18.256824493408203,reggae,2
reggae.00080,7,-76.32707214355469,50.99282455444336,3.4693875312805176,34.28715133666992,4.852231025695801,8.217409133911133,6.412676334381104,11.85039520263672,2.1282827854156494,12.31328296661377,reggae,2
reggae.00080,8,-91.60991668701172,76.75138854980469,-14.611489295959473,19.809663772583008,4.886287212371826,13.18446922302246,15.000959396362305,13.446976661682127,1.63842511177063,17.39611053466797,reggae,2
reggae.00080,9,-98.48656463623048,62.018856048583984,3.1829233169555664,25.36081314086914,11.83318042755127,14.476275444030762,11.677154541015623,11.516676902770996,0.3899622857570648,17.594615936279297,reggae,2
reggae.00081,0,-111.90473175048828,60.64292526245117,-9.16704273223877,29.215673446655277,11.913634300231934,7.419711589813232,8.526949882507324,9.611517906188965,6.968759059906006,24.543739318847656,reggae,2
reggae.00081,1,-104.73735809326172,72.5657730102539,-2.157264709472656,23.240478515625,5.92714786529541,22.306129455566406,13.108804702758787,16.407615661621094,4.196294784545898,13.521546363830566,reggae,2
reggae.00081,2,-128.93243408203125,67.18621826171875,4.465765476226807,32.00167465209961,5.075229644775391,12.984233856201172,19.59830093383789,18.051279067993164,0.7517992854118347,14.19898509979248,reggae,2
reggae.00081,3,-121.0129623413086,68.09600067138672,6.151416778564453,36.0615463256836,8.708236694335938,8.705636978149414,12.744913101196287,11.484880447387695,0.170525774359703,19.801008224487305,reggae,2
reggae.00081,4,-105.03077697753906,56.08297729492188,2.6138978004455566,22.47800636291504,-4.721773624420166,12.98973274230957,16.056377410888672,23.56485748291016,8.105735778808594,12.901455879211426,reggae,2
reggae.00081,5,-132.25430297851562,73.72625732421875,8.492330551147461,36.80119323730469,-0.8423335552215576,10.668004035949709,14.537781715393066,15.118515014648438,3.522826910018921,15.890824317932127,reggae,2
reggae.00081,6,-142.51956176757812,74.59612274169922,13.423130989074709,30.673099517822266,1.0210765600204468,9.87765121459961,19.30963516235352,13.350594520568848,-0.2544161379337311,18.334115982055664,reggae,2
reggae.00081,7,-101.4372329711914,61.59167098999024,10.95335865020752,38.90432357788086,2.676656484603882,4.884397506713867,9.17611598968506,12.88891315460205,0.0180355943739414,16.03293228149414,reggae,2
reggae.00081,8,-91.36221313476562,63.25178909301758,-11.890093803405762,20.76387023925781,-3.14867639541626,16.223617553710938,13.718588829040527,15.464341163635254,2.6496193408966064,13.484807014465332,reggae,2
reggae.00081,9,-114.40916442871094,73.51197814941406,-3.1153669357299805,21.24152946472168,13.23686695098877,14.774434089660645,13.686381340026855,13.64562702178955,-3.177241802215576,21.72025680541992,reggae,2
reggae.00082,0,-111.90473175048828,60.64292526245117,-9.16704273223877,29.215673446655277,11.913634300231934,7.419711589813232,8.526949882507324,9.611517906188965,6.968759059906006,24.543739318847656,reggae,2
reggae.00082,1,-104.73735809326172,72.5657730102539,-2.157264709472656,23.240478515625,5.92714786529541,22.306129455566406,13.108804702758787,16.407615661621094,4.196294784545898,13.521546363830566,reggae,2
reggae.00082,2,-128.93243408203125,67.18621826171875,4.465765476226807,32.00167465209961,5.075229644775391,12.984233856201172,19.59830093383789,18.051279067993164,0.7517992854118347,14.19898509979248,reggae,2
reggae.00082,3,-121.0129623413086,68.09600067138672,6.151416778564453,36.0615463256836,8.708236694335938,8.705636978149414,12.744913101196287,11.484880447387695,0.170525774359703,19.801008224487305,reggae,2
reggae.00082,4,-105.03077697753906,56.08297729492188,2.6138978004455566,22.47800636291504,-4.721773624420166,12.98973274230957,16.056377410888672,23.56485748291016,8.105735778808594,12.901455879211426,reggae,2
reggae.00082,5,-132.25430297851562,73.72625732421875,8.492330551147461,36.80119323730469,-0.8423335552215576,10.668004035949709,14.537781715393066,15.118515014648438,3.522826910018921,15.890824317932127,reggae,2
reggae.00082,6,-142.51956176757812,74.59612274169922,13.423130989074709,30.673099517822266,1.0210765600204468,9.87765121459961,19.30963516235352,13.350594520568848,-0.2544161379337311,18.334115982055664,reggae,2
reggae.00082,7,-101.4372329711914,61.59167098999024,10.95335865020752,38.90432357788086,2.676656484603882,4.884397506713867,9.17611598968506,12.88891315460205,0.0180355943739414,16.03293228149414,reggae,2
reggae.00082,8,-91.36221313476562,63.25178909301758,-11.890093803405762,20.76387023925781,-3.14867639541626,16.223617553710938,13.718588829040527,15.464341163635254,2.6496193408966064,13.484807014465332,reggae,2
reggae.00082,9,-114.40916442871094,73.51197814941406,-3.1153669357299805,21.24152946472168,13.23686695098877,14.774434089660645,13.686381340026855,13.64562702178955,-3.177241802215576,21.72025680541992,reggae,2
reggae.00083,0,-342.0252990722656,105.82113647460938,11.434107780456545,34.10340881347656,-1.7672175168991089,-3.54841685295105,-5.954856395721436,-2.898994445800781,-0.9424309134483336,0.9878774881362916,reggae,2
reggae.00083,1,-327.75689697265625,144.88430786132812,21.12929344177246,21.447738647460938,-17.54852294921875,0.0164395254105329,-11.056385040283203,-5.610276699066162,-3.2742459774017334,-1.21458899974823,reggae,2
reggae.00083,2,-366.74810791015625,180.097412109375,34.00419998168945,7.368759155273437,-5.364284038543701,5.063671112060547,-1.102608561515808,-9.372100830078123,-7.040359973907471,-2.069680690765381,reggae,2
reggae.00083,3,-185.404541015625,108.33063507080078,-9.446702003479004,50.145469665527344,-28.52171897888184,14.818936347961426,15.10773468017578,-6.7269721031188965,-0.7759192585945129,2.645161390304565,reggae,2
reggae.00083,4,-304.6708068847656,147.02442932128906,29.18114852905273,37.44770431518555,-0.5368006825447083,12.458158493041992,11.410977363586426,-1.3850072622299194,4.282433032989502,11.335993766784668,reggae,2
reggae.00083,5,-266.8682556152344,140.02890014648438,24.93620491027832,38.51707458496094,-20.158491134643555,15.121026039123535,23.438709259033203,0.5243814587593079,-2.7970216274261475,9.728483200073242,reggae,2
reggae.00083,6,-292.5150756835937,154.60189819335938,22.206600189208984,33.15202713012695,-3.87811279296875,4.886438846588135,1.130204439163208,-2.84473180770874,-4.459324359893799,0.330757737159729,reggae,2
reggae.00083,7,-295.30133056640625,160.2104034423828,30.09735679626465,45.2965202331543,10.216511726379396,5.73272180557251,-1.0684198141098022,-2.523719787597656,-0.8363103866577148,0.6603771448135376,reggae,2
reggae.00083,8,-212.9713592529297,116.60853576660156,12.342767715454102,44.412628173828125,-14.784139633178713,12.34183406829834,11.628424644470217,-4.280625343322754,-0.3065129816532135,8.895342826843262,reggae,2
reggae.00083,9,-269.4443054199219,142.32366943359375,14.561245918273926,43.68914413452149,-0.8455913662910461,4.564910411834717,10.30330753326416,3.4966773986816406,4.732486724853516,2.1159350872039795,reggae,2
reggae.00084,0,-148.72866821289062,92.62513732910156,16.58709716796875,41.05376434326172,1.4758363962173462,18.14386367797852,3.348453521728516,3.696242094039917,-3.5442087650299072,5.486315727233887,reggae,2
reggae.00084,1,-129.98818969726562,110.47769927978516,-5.316422939300537,45.78455352783203,0.4343082904815674,14.700234413146973,4.542973518371582,3.276768922805786,-0.1772958636283874,6.731749534606934,reggae,2
reggae.00084,2,-161.46359252929688,108.88823699951172,1.236220359802246,41.56847381591797,5.563788414001465,16.09124183654785,2.2038424015045166,-0.9463318586349488,-4.537227630615234,2.1737818717956543,reggae,2
reggae.00084,3,-147.16452026367188,113.95028686523438,-2.242657423019409,45.66627883911133,-3.007819652557373,12.764117240905762,1.1469013690948486,-2.225291013717652,-5.322019577026367,4.20365571975708,reggae,2
reggae.00084,4,-141.3761749267578,114.40775299072266,-0.832830011844635,39.74160003662109,-9.49256706237793,13.203956604003906,2.694814443588257,-1.1177616119384766,-11.510050773620604,6.362204551696777,reggae,2
reggae.00084,5,-196.94656372070312,123.48646545410156,10.173876762390137,45.20742034912109,4.726932525634766,15.938941955566406,3.6808815002441406,-2.448450803756714,0.1642942577600479,-1.145253300666809,reggae,2
reggae.00084,6,-139.3924560546875,110.52954864501952,3.757912635803223,43.22632598876953,-13.024002075195312,14.826784133911133,5.251961708068848,3.07893180847168,-4.424972057342529,2.34427547454834,reggae,2
reggae.00084,7,-144.90872192382812,115.24208068847656,0.778048574924469,43.28676986694336,-8.291269302368164,13.507434844970703,3.5407373905181885,-2.2318272590637207,-8.002843856811523,4.834085941314697,reggae,2
reggae.00084,8,-156.543701171875,113.44464874267578,2.946148633956909,38.09772491455078,-8.861186027526855,17.029403686523438,8.89700984954834,1.460645318031311,-5.688757419586182,4.384476661682129,reggae,2
reggae.00084,9,-143.15005493164062,114.98468780517578,3.1160571575164795,44.04345703125,-4.995549201965332,15.044708251953123,-0.9379822015762328,-0.7908369302749634,-4.064106464385986,2.863945245742798,reggae,2
reggae.00085,0,-272.273681640625,118.0264129638672,-45.18235397338867,60.59046173095703,17.45970344543457,13.818618774414062,15.599587440490724,6.639667987823486,8.510152816772461,6.609805583953857,reggae,2
reggae.00085,1,-163.02749633789062,128.7015838623047,-67.56591033935547,60.28107070922852,-1.534570574760437,-5.17335844039917,13.881207466125488,-3.0079421997070312,3.381911277770996,5.01376485824585,reggae,2
reggae.00085,2,-155.3023681640625,110.4059829711914,-48.730918884277344,68.32539367675781,-10.858853340148926,4.472078800201416,17.359817504882812,-5.695792198181152,-0.8155949711799622,3.979181289672852,reggae,2
reggae.00085,3,-186.24398803710935,119.79561614990234,-63.06344604492188,63.63584899902344,2.716990232467652,1.7376525402069092,17.204206466674805,-1.230130910873413,2.797337770462036,3.009864330291748,reggae,2
reggae.00085,4,-192.87191772460935,119.7551498413086,-48.44233322143555,65.2393569946289,12.214037895202637,6.201784133911133,16.91831398010254,1.6710282564163208,3.1166739463806152,5.0060319900512695,reggae,2
reggae.00085,5,-127.22938537597656,109.3128890991211,-61.566593170166016,62.30718612670898,-7.120348930358887,-0.9071620106697084,14.885504722595217,-7.625821113586426,-0.525983989238739,6.361008644104004,reggae,2
reggae.00085,6,-161.97654724121094,122.77615356445312,-60.01937484741211,64.98818969726562,-0.3222082257270813,-4.369472026824951,16.654878616333008,-9.871960639953612,-2.6985323429107666,3.882813453674317,reggae,2
reggae.00085,7,-194.6928558349609,117.17516326904295,-45.44732284545898,53.40803146362305,2.4058547019958496,3.332134246826172,3.066592216491699,-0.1903695464134216,6.761584281921387,6.526981830596924,reggae,2
reggae.00085,8,-131.35223388671875,115.69122314453124,-65.1795883178711,57.1781005859375,-7.14376163482666,-3.7275102138519287,9.9024076461792,-8.244955062866211,3.0981979370117188,9.588152885437012,reggae,2
reggae.00085,9,-176.97857666015625,120.6330108642578,-57.74778747558594,54.38690948486328,3.5369458198547363,2.3957114219665527,16.424863815307617,-2.56754469871521,2.174572229385376,7.799850940704346,reggae,2
reggae.00086,0,-188.0075836181641,129.73605346679688,-19.703357696533203,37.60690689086914,31.345996856689453,13.941790580749512,25.706138610839844,0.0725413709878921,17.708452224731445,12.6173734664917,reggae,2
reggae.00086,1,-116.88928985595705,163.44786071777344,-59.34648132324219,9.034342765808104,30.007373809814453,7.00106954574585,16.91989517211914,1.9270890951156616,15.50864601135254,9.81671905517578,reggae,2
reggae.00086,2,-10.680630683898926,61.45489501953125,-23.08170509338379,-4.212240219116211,23.946720123291016,9.06206226348877,1.9933018684387207,3.4591381549835205,5.794458389282227,3.1375131607055664,reggae,2
reggae.00086,3,104.40877532958984,2.291675090789795,3.1759753227233887,0.9135359525680542,0.5993289947509766,0.962081253528595,-1.8802638053894043,0.578125,3.400203227996826,-0.9278042912483216,reggae,2
reggae.00086,4,106.88473510742188,1.761514663696289,3.7355880737304688,0.646873950958252,0.1231829449534416,0.685663640499115,-2.0818209648132324,1.153218388557434,3.539152145385742,-0.7114827036857605,reggae,2
reggae.00086,5,105.85511016845705,2.519529342651367,3.318633317947388,0.4649555385112762,0.5203680396080017,0.6794750094413757,-1.9453864097595213,1.4635908603668213,3.300274133682251,-1.092598557472229,reggae,2
reggae.00086,6,101.58306884765624,3.767490148544312,2.325247049331665,0.7699679732322693,1.5830460786819458,1.2794783115386963,-1.6524760723114014,0.9417580962181092,3.261279344558716,-1.4407916069030762,reggae,2
reggae.00086,7,106.2649154663086,2.2210304737091064,3.31060004234314,1.293378472328186,0.6133363246917725,0.679084062576294,-2.028495073318481,0.1016187220811843,3.013905763626098,-1.7347257137298584,reggae,2
reggae.00086,8,107.94131469726562,1.5322030782699585,3.694007396697998,0.9972764253616332,-0.1221237033605575,0.5360876321792603,-2.1053082942962646,0.5043780207633972,3.227839708328247,-1.1101694107055664,reggae,2
reggae.00086,9,106.05633544921876,1.7979140281677246,3.781828403472901,0.4978270232677459,0.1513989269733429,0.7287217378616333,-1.806288719177246,1.4667048454284668,3.637789249420166,-0.5067269206047058,reggae,2
reggae.00087,0,-138.0080108642578,52.44720458984375,30.293739318847656,17.817790985107422,-8.253453254699707,9.294198036193848,-3.5399231910705566,-3.707120656967163,-1.1008107662200928,-2.325411081314087,reggae,2
reggae.00087,1,-123.15935516357422,62.21648025512695,29.668739318847656,31.548145294189453,3.396915912628174,6.904191970825195,5.0539655685424805,-1.6619991064071655,-1.3103512525558472,1.5803916454315186,reggae,2
reggae.00087,2,-105.89962768554688,36.60652160644531,29.18988800048828,11.26534366607666,-8.265227317810059,2.6339919567108154,-3.385619640350342,-12.706501960754396,-10.0613374710083,-8.682223320007324,reggae,2
reggae.00087,3,-83.51065826416016,64.02449798583984,32.81611251831055,14.835722923278809,-4.717680931091309,2.5170483589172363,-1.257194757461548,-6.906170845031738,-1.0957493782043457,2.2370316982269287,reggae,2
reggae.00087,4,-112.60939025878906,42.926048278808594,31.454666137695312,18.86201477050781,-0.565861165523529,3.7306442260742183,-3.1678194999694824,-11.69263744354248,-2.310988426208496,2.52138614654541,reggae,2
reggae.00087,5,-103.45645904541016,53.5205192565918,33.36045837402344,27.108932495117188,0.5063742399215698,-2.473449945449829,2.403780221939087,-1.286525011062622,1.3067477941513062,3.623291254043579,reggae,2
reggae.00087,6,-95.97223663330078,36.92708587646485,17.77490997314453,5.415067195892334,-3.477302074432373,2.5506842136383057,-11.615711212158203,-14.15071964263916,-4.595139503479004,-5.772232532501221,reggae,2
reggae.00087,7,-103.77582550048828,50.63759613037109,33.79801559448242,20.69044685363769,5.545536518096924,9.442190170288086,-1.4575916528701782,-1.9584612846374512,1.334079623222351,2.6342861652374268,reggae,2
reggae.00087,8,-128.9709014892578,36.93155670166016,31.051342010498047,21.829326629638672,4.800280570983887,3.76204514503479,-6.863420009613037,-8.89304256439209,-2.854513168334961,-1.413485765457153,reggae,2
reggae.00087,9,-104.45587921142578,53.0656852722168,28.1326847076416,15.321537971496582,6.81412935256958,9.202385902404783,1.763007879257202,-3.266805410385132,-0.9707157015800476,4.190903663635254,reggae,2
reggae.00088,0,-68.41065216064453,40.55119323730469,6.641430854797363,3.1312756538391118,-0.302190214395523,1.8536021709442136,-3.284397602081299,1.1928788423538208,-3.4885709285736084,-0.6342484354972839,reggae,2
reggae.00088,1,-70.88249969482422,43.97621536254883,8.782503128051758,-3.072428941726685,-0.8647753000259399,-1.1662627458572388,0.2660543620586395,-2.4884307384490967,-6.514693737030029,-0.9939250946044922,reggae,2
reggae.00088,2,-73.03517150878906,43.46393203735352,9.078068733215332,1.0497428178787231,0.3048174381256103,-6.018949508666992,-1.1858644485473633,-0.9597548246383668,-4.497116565704346,-1.0986601114273071,reggae,2
reggae.00088,3,-68.73477935791016,51.16177749633789,10.27134132385254,-2.9537596702575684,1.859969973564148,-3.941058874130249,1.1922000646591189,1.064730167388916,-4.487182140350342,-0.7167530655860901,reggae,2
reggae.00088,4,-80.65782928466797,41.4993782043457,14.936275482177734,4.967756271362305,2.0039072036743164,-5.60749101638794,0.3829434812068939,2.7832419872283936,-2.4125173091888428,-0.2001264095306396,reggae,2
reggae.00088,5,-72.2996826171875,56.6001205444336,5.96813440322876,-3.656541109085083,-4.756209850311279,-19.967514038085938,-8.49173355102539,3.582371473312378,3.791575193405152,5.31168794631958,reggae,2
reggae.00088,6,-87.86249542236328,40.61347579956055,14.285451889038086,3.117164373397827,1.6091597080230713,1.0807405710220337,4.079500198364258,-1.6662509441375732,-4.718474388122559,-1.3293622732162476,reggae,2
reggae.00088,7,-76.87045288085938,44.782325744628906,10.56736183166504,1.806981086730957,3.4905948638916016,1.6305959224700928,4.860830783843994,-1.290202021598816,-3.887217283248901,1.5085710287094116,reggae,2
reggae.00088,8,-84.5726318359375,38.93097305297852,8.88725757598877,1.94246518611908,4.780004978179932,1.6710549592971802,4.273181438446045,2.876413345336914,-0.9562612771987916,1.2391246557235718,reggae,2
reggae.00088,9,-67.1796646118164,48.532318115234375,12.847297668457031,5.8717780113220215,4.2183942794799805,-0.3008237481117248,-0.6908065676689148,-4.41544246673584,-6.894896507263184,-1.2621426582336426,reggae,2
reggae.00089,0,-203.2806854248047,161.74267578125,-15.36354637145996,44.55463409423828,4.193169593811035,16.406347274780273,1.9581083059310915,4.01046895980835,0.7559834122657776,-0.3140669465065002,reggae,2
reggae.00089,1,-207.87298583984372,169.95086669921875,-12.539430618286133,41.09222412109375,7.098971843719482,21.13322257995605,5.164164066314697,6.7820258140563965,4.172502040863037,2.480533599853516,reggae,2
reggae.00089,2,-199.50474548339844,153.01950073242188,-13.09365177154541,40.96915054321289,2.56824278831482,15.795751571655272,1.5440890789031982,4.347427368164063,-0.1316588222980499,-1.4451258182525637,reggae,2
reggae.00089,3,-197.01095581054688,158.06004333496094,-13.473450660705566,46.70290756225586,5.063724517822266,18.259464263916016,2.451770782470703,6.2985687255859375,4.353201866149902,2.351358652114868,reggae,2
reggae.00089,4,-187.68374633789065,135.9180908203125,-22.30948829650879,46.492801666259766,0.148506224155426,19.111087799072266,1.0257400274276731,7.0220794677734375,1.0920872688293457,0.915182888507843,reggae,2
reggae.00089,5,-196.628173828125,153.19235229492188,-13.064559936523438,52.40280151367188,3.904755353927612,18.19674301147461,5.898458003997803,7.975425243377685,5.644670009613037,1.1493144035339355,reggae,2
reggae.00089,6,-187.275634765625,144.6167449951172,-18.80779838562012,44.348182678222656,-0.0580201372504234,17.145015716552734,4.212156295776367,5.454778671264648,0.2523812651634216,2.504267692565918,reggae,2
reggae.00089,7,-189.3014373779297,158.96006774902344,-12.20907497406006,52.62334442138672,3.4158852100372314,19.454065322875977,0.6128939390182495,8.476517677307129,5.771920204162598,1.0669472217559814,reggae,2
reggae.00089,8,-185.3896331787109,178.98269653320312,-17.990089416503906,32.84389877319336,0.3718195855617523,17.076305389404297,1.3004382848739624,3.8185768127441406,1.5514613389968872,1.6237894296646118,reggae,2
reggae.00089,9,-197.3046112060547,166.20262145996094,-9.451181411743164,44.77381134033203,2.723061800003052,16.82207489013672,2.0803802013397217,6.464681625366211,4.789824962615967,1.0777207612991333,reggae,2
reggae.00090,0,-151.47445678710938,62.62632369995117,12.527836799621582,30.29386711120605,12.544732093811035,18.662582397460938,-3.5490026473999023,11.98146152496338,5.254456520080566,9.507207870483398,reggae,2
reggae.00090,1,-143.67820739746094,63.55605316162109,14.796117782592772,32.9572639465332,11.335477828979492,16.10045051574707,-3.6862869262695312,13.423484802246094,4.8582763671875,6.764175415039063,reggae,2
reggae.00090,2,-135.6022491455078,61.84586715698242,6.896492004394531,28.49026679992676,15.22590160369873,17.81307029724121,-4.03293514251709,11.07688808441162,1.4877718687057495,6.357912540435791,reggae,2
reggae.00090,3,-130.29647827148438,66.3208999633789,5.259186267852783,29.714828491210938,16.64716339111328,13.51234245300293,-6.4005126953125,16.01433563232422,5.24409294128418,7.061916351318359,reggae,2
reggae.00090,4,-103.5766830444336,78.88858032226562,-17.21574592590332,24.619874954223636,23.29960823059082,14.23717975616455,-12.188837051391602,13.418718338012695,3.866294860839844,1.5004279613494873,reggae,2
reggae.00090,5,-121.3403549194336,74.3887939453125,-2.8150148391723637,27.02992057800293,21.33106231689453,13.514239311218262,-11.29263973236084,21.39657020568848,8.842756271362305,1.905037879943848,reggae,2
reggae.00090,6,-128.30459594726562,66.82281494140625,4.468813896179199,30.919471740722656,19.674440383911133,19.52802848815918,-6.902601718902588,18.497419357299805,6.76785135269165,2.936218023300171,reggae,2
reggae.00090,7,-131.6173095703125,59.26654815673828,8.795594215393066,30.920425415039062,12.574880599975586,17.070274353027344,-5.181244373321533,18.91828346252441,5.849762916564941,4.6895623207092285,reggae,2
reggae.00090,8,-115.3003158569336,71.3370132446289,0.3202475905418396,31.57209205627441,21.318225860595703,21.2185001373291,-4.007747650146484,15.15646266937256,3.4519295692443848,5.648705959320068,reggae,2
reggae.00090,9,-111.65860748291016,56.2033805847168,11.263463973999023,33.4510612487793,11.736907958984377,13.887747764587402,-7.835408687591553,12.796281814575195,0.217313215136528,4.719997882843018,reggae,2
reggae.00091,0,-174.77102661132812,91.4217300415039,-25.78428840637207,40.42478942871094,7.274875164031982,10.024017333984377,-4.164962291717529,10.336662292480469,-0.715508222579956,5.702913761138916,reggae,2
reggae.00091,1,-176.8998565673828,93.63057708740234,-24.031980514526367,32.471771240234375,1.1912931203842163,10.70164394378662,-0.7411225438117981,10.658530235290527,0.4647758603096008,4.067171096801758,reggae,2
reggae.00091,2,-155.42100524902344,91.79844665527344,-25.176618576049805,43.89020919799805,-4.736837387084961,10.593565940856934,-1.0947728157043457,8.526289939880371,-2.796882152557373,4.309630870819092,reggae,2
reggae.00091,3,-153.2379150390625,84.892333984375,-24.817476272583008,24.1325798034668,-1.8800913095474243,18.964569091796875,1.1776753664016724,19.32415771484375,-0.6702938079833984,4.3013224601745605,reggae,2
reggae.00091,4,-149.06649780273438,81.97047424316406,-18.236740112304688,39.26022338867188,-11.080498695373535,13.61427879333496,-0.0617938712239265,8.705930709838867,-1.6411782503128052,0.602470874786377,reggae,2
reggae.00091,5,-163.36878967285156,103.77873992919922,-33.623626708984375,26.672197341918945,1.5761287212371826,13.84601593017578,1.6041687726974487,15.35585594177246,0.0076976483687758,4.5694580078125,reggae,2
reggae.00091,6,-138.425048828125,83.22521209716797,-32.14771270751953,23.98245620727539,-22.00905418395996,12.80899715423584,4.590400695800781,13.748680114746094,-0.3586463332176208,-0.954033613204956,reggae,2
reggae.00091,7,-149.865234375,99.38414764404295,-40.38546752929688,25.571697235107425,-11.944076538085938,10.96178913116455,1.692289113998413,5.059109687805176,-8.110564231872559,5.368459224700928,reggae,2
reggae.00091,8,-146.47195434570312,98.6456298828125,-33.813663482666016,25.7832088470459,-22.1843204498291,12.47940158843994,1.427423119544983,8.379014015197754,-2.366405963897705,2.427366256713867,reggae,2
reggae.00091,9,-191.3372344970703,99.73756408691406,-29.272932052612305,31.952733993530277,-2.7758865356445312,12.099947929382324,4.297140598297119,9.73639678955078,-4.550704956054688,5.991579532623291,reggae,2
reggae.00092,0,-151.19029235839844,99.54059600830078,-30.895627975463867,45.51228332519531,3.910564661026001,12.586285591125488,-6.308483123779297,11.059366226196287,-0.4793620109558105,6.138445854187012,reggae,2
reggae.00092,1,-158.0282440185547,104.26241302490234,-32.7147331237793,38.45204925537109,-2.188890218734741,14.140215873718262,-2.101006507873535,12.220651626586914,-1.0114197731018066,4.294567108154297,reggae,2
reggae.00092,2,-132.5049285888672,101.77261352539062,-32.11106872558594,47.24478912353516,-8.760285377502441,12.072660446166992,-1.7270866632461548,8.969005584716797,-2.911598920822144,3.8362886905670166,reggae,2
reggae.00092,3,-131.82077026367188,94.14081573486328,-32.09504699707031,29.27888298034668,-3.8251354694366455,22.666030883789062,-0.8160268068313599,19.817642211914062,-1.337166666984558,4.21781587600708,reggae,2
reggae.00092,4,-128.20315551757812,89.42991638183594,-25.173362731933597,44.439849853515625,-15.455965042114258,16.053462982177734,-1.5749891996383667,10.352660179138184,-2.158740758895874,1.0176395177841189,reggae,2
reggae.00092,5,-140.0933837890625,112.12802124023438,-38.72790145874024,30.65638542175293,-0.6842975616455078,15.78330421447754,0.4144434332847595,15.911373138427734,-0.1327079832553863,4.656822204589844,reggae,2
reggae.00092,6,-117.82665252685548,92.19113159179688,-38.94404983520508,29.31127166748047,-24.522436141967773,15.082953453063965,3.530967712402344,14.303680419921877,0.2864699065685272,-1.688427448272705,reggae,2
reggae.00092,7,-127.24415588378906,106.1131820678711,-46.84860229492188,29.46254539489746,-15.023486137390137,11.76955795288086,1.3467813730239868,5.861480712890625,-8.297974586486816,5.837870121002197,reggae,2
reggae.00092,8,-125.03462982177734,107.0438995361328,-40.924293518066406,29.886737823486328,-24.03620147705078,14.115692138671877,1.0563044548034668,6.838530540466309,-1.1468675136566162,0.2569751441478729,reggae,2
reggae.00092,9,-168.9208526611328,108.47662353515624,-35.31931686401367,36.87932205200195,-5.19822359085083,13.610421180725098,3.452863931655884,10.272549629211426,-4.03246021270752,5.9929914474487305,reggae,2
reggae.00093,0,-154.48855590820312,109.43099212646484,2.110086679458618,5.369627952575684,30.32454490661621,0.913019835948944,9.686354637145996,-9.61500644683838,-0.1425189673900604,10.8733491897583,reggae,2
reggae.00093,1,-174.23910522460938,109.85227966308594,9.493383407592772,12.218429565429688,41.518531799316406,-4.258865833282471,11.30307960510254,-1.9163726568222048,0.0417325533926487,12.054082870483398,reggae,2
reggae.00093,2,-176.0963134765625,114.18923950195312,-4.028046131134033,8.793746948242188,36.574317932128906,-7.906002044677734,13.087028503417969,5.148605346679688,0.5394843220710754,13.327317237854004,reggae,2
reggae.00093,3,-96.27726745605467,107.59984588623048,-15.367831230163574,8.512025833129883,22.48855972290039,-13.446221351623535,11.406502723693848,-4.588004112243652,-1.236444115638733,15.60302448272705,reggae,2
reggae.00093,4,-128.843505859375,122.60790252685548,-21.117660522460938,11.138230323791504,23.495872497558597,-12.093541145324709,21.929759979248047,-6.266712188720703,2.5125229358673096,20.286399841308597,reggae,2
reggae.00093,5,-91.93293762207033,104.11054229736328,-20.332218170166016,5.1283111572265625,13.221866607666016,-21.10235595703125,16.711130142211914,-9.810112953186035,-11.91861057281494,13.633569717407228,reggae,2
reggae.00093,6,-138.76564025878906,121.61138916015624,-9.488080024719238,22.834123611450195,5.742533683776856,-7.684213638305664,11.109692573547363,0.1752948462963104,-8.435931205749512,11.823573112487791,reggae,2
reggae.00093,7,-187.8345184326172,112.3766860961914,3.661456823348999,7.514297485351562,27.99259757995605,-8.227680206298828,10.952008247375488,3.48684310913086,-2.3489248752593994,7.42558479309082,reggae,2
reggae.00093,8,-130.63682556152344,115.21672058105467,-12.851181030273438,4.773890972137451,13.587249755859377,-17.000192642211914,14.538615226745604,-1.308132290840149,-5.892316818237305,12.12404441833496,reggae,2
reggae.00093,9,-198.8726806640625,118.70648956298828,4.5156779289245605,3.852786064147949,31.304533004760746,-8.094077110290527,11.41516399383545,4.056224822998047,-1.0342825651168823,6.033353328704834,reggae,2
reggae.00094,0,-110.71308135986328,112.0376205444336,-23.41250228881836,19.291452407836918,11.160072326660156,9.732096672058104,-1.2908767461776731,6.082794666290283,0.762364387512207,2.677985191345215,reggae,2
reggae.00094,1,-116.1852798461914,122.92415618896484,-28.91497802734375,22.969392776489254,13.095586776733398,11.327332496643066,-3.659459590911865,2.415442705154419,-1.5183573961257937,6.369508266448975,reggae,2
reggae.00094,2,-96.3131332397461,105.89810943603516,-25.307636260986328,23.275453567504883,11.959741592407228,5.231868743896484,-3.9856324195861816,0.5020444393157959,-1.0264793634414673,8.27552604675293,reggae,2
reggae.00094,3,-101.78658294677734,109.4527359008789,-25.28683090209961,24.89905166625977,11.426885604858398,3.8082756996154794,-5.268693447113037,5.355591773986816,1.8859208822250368,5.666563987731934,reggae,2
reggae.00094,4,-116.70082092285156,118.25202178955078,-22.07662773132324,22.775840759277344,9.72031021118164,11.53812026977539,-2.328148603439331,5.56412935256958,-0.8398513793945312,4.897118091583252,reggae,2
reggae.00094,5,-91.50493621826172,99.4931640625,-21.660978317260746,19.315887451171875,17.18944549560547,9.95417308807373,-6.6336846351623535,-0.0287763737142086,1.054647445678711,2.4527230262756348,reggae,2
reggae.00094,6,-90.4588851928711,105.99066162109376,-26.09101104736328,24.50555419921875,7.921349048614502,6.090544700622559,1.9147640466690063,3.119453430175781,-1.1475130319595337,3.7364137172698975,reggae,2
reggae.00094,7,-80.02765655517578,94.20044708251952,-18.349573135375977,19.295522689819336,18.228538513183597,4.095672130584717,-8.037025451660156,2.3581862449646,1.925107836723328,1.734704852104187,reggae,2
reggae.00094,8,-86.5543441772461,104.36663055419922,-19.586027145385746,16.875045776367188,12.67226791381836,7.014699459075928,-0.4703196585178375,4.909871578216553,2.029301881790161,3.4355547428131104,reggae,2
reggae.00094,9,-86.52546691894531,117.5879364013672,-37.73376083374024,20.039167404174805,12.200268745422363,9.007915496826172,-3.0233426094055176,5.24153470993042,3.860856294631958,2.796526908874512,reggae,2
reggae.00095,0,-79.29971313476562,80.36180114746094,14.386048316955566,28.676645278930664,0.3319615423679352,6.8532490730285645,0.44827601313591,2.276370048522949,2.806597948074341,2.573340892791748,reggae,2
reggae.00095,1,-65.38040924072266,80.15401458740234,9.17015266418457,30.205671310424805,1.3775603771209717,4.849777221679688,0.3675390481948852,-0.2064180225133896,1.6603466272354126,2.909071445465088,reggae,2
reggae.00095,2,-83.59000396728516,82.8250732421875,12.032816886901855,30.678937911987305,-0.2850271463394165,6.941747665405273,-0.8914733529090881,1.4082975387573242,1.7462737560272217,-2.4981460571289062,reggae,2
reggae.00095,3,-69.41374969482422,80.57559967041016,11.16507053375244,28.813566207885746,1.7022194862365725,5.098993301391602,0.3900868892669678,-0.1129935607314109,2.7354166507720947,0.3779826164245605,reggae,2
reggae.00095,4,-67.58434295654297,80.85980987548828,10.7448148727417,34.011863708496094,-0.051703818142414,1.6179766654968262,-1.8368607759475708,-1.06697678565979,3.0855233669281006,-1.931654453277588,reggae,2
reggae.00095,5,-74.360107421875,80.45633697509766,16.958740234375,25.809785842895508,1.5411845445632937,5.242405414581299,-2.1547019481658936,0.3664585649967193,4.37328052520752,0.1016204804182052,reggae,2
reggae.00095,6,-60.74454116821289,82.02306365966797,9.58913803100586,29.440797805786133,-0.6537829041481018,2.1738884449005127,1.0240380764007568,-2.028322219848633,3.8293776512146,1.3620816469192505,reggae,2
reggae.00095,7,-78.75682067871094,75.9641342163086,19.01998519897461,26.705434799194336,0.8371584415435791,5.7221999168396,-4.160900115966797,1.074413776397705,4.452304363250732,0.149320513010025,reggae,2
reggae.00095,8,-59.87094879150391,75.0523452758789,14.19537353515625,31.159563064575195,-0.6407261490821838,1.8427293300628664,2.0052499771118164,1.887614607810974,1.773618459701538,0.6961289644241333,reggae,2
reggae.00095,9,-52.40615081787109,74.17872619628906,14.641830444335938,29.01164436340332,-1.0080897808074951,1.6514352560043335,0.7990875244140625,-1.3321571350097656,2.0316379070281982,2.8063738346099854,reggae,2
reggae.00096,0,-182.99464416503903,115.97650146484376,-45.816707611083984,73.9331283569336,5.916522979736328,16.992149353027344,16.453683853149414,6.481621742248535,7.009579181671143,4.060419082641602,reggae,2
reggae.00096,1,-160.2731170654297,123.06521606445312,-44.849517822265625,67.57550048828125,3.754246950149536,15.01028060913086,11.039717674255373,1.5518293380737305,6.915769577026367,8.173491477966309,reggae,2
reggae.00096,2,-152.0593719482422,103.21983337402344,-43.4123420715332,69.90142059326172,-2.5237865447998047,20.74281883239746,9.530491828918455,6.0979905128479,2.7491912841796875,5.00071907043457,reggae,2
reggae.00096,3,-177.869384765625,120.7620620727539,-36.713809967041016,71.99629211425781,3.292581796646118,20.43184471130371,10.980179786682127,4.190418243408203,3.1148428916931152,1.7701095342636108,reggae,2
reggae.00096,4,-164.75657653808594,122.2499542236328,-54.6351318359375,69.84286499023438,1.634677171707153,13.533798217773438,14.8319673538208,5.899328708648682,10.667325019836426,5.73040771484375,reggae,2
reggae.00096,5,-150.103515625,117.60771942138672,-47.332122802734375,72.61100769042969,3.51682448387146,14.467885971069336,7.028871536254883,-2.1973869800567627,2.9145424365997314,6.9980244636535645,reggae,2
reggae.00096,6,-194.556396484375,114.67953491210938,-34.73468017578125,70.43635559082031,6.608165264129639,16.362791061401367,15.0847749710083,7.142796993255615,5.65040922164917,2.214741945266724,reggae,2
reggae.00096,7,-169.2708282470703,126.74266815185548,-36.67618179321289,71.671875,-0.2853003144264221,13.609932899475098,17.577478408813477,4.927426338195801,4.144210815429688,6.8207831382751465,reggae,2
reggae.00096,8,-136.1116485595703,113.36566925048828,-58.58113098144531,72.35919189453125,-3.310591220855713,11.16533374786377,8.610848426818848,2.886693954467773,4.102802276611328,2.872298240661621,reggae,2
reggae.00096,9,-186.5143585205078,114.36087799072266,-42.76163864135742,69.06087493896484,1.7830989360809326,20.49396324157715,12.3348970413208,5.822954654693604,5.5375823974609375,2.578380823135376,reggae,2
reggae.00097,0,-185.0587158203125,105.40428924560548,-3.90092396736145,52.34855270385742,-5.072703361511231,4.049722194671631,-6.857205867767334,-2.8629226684570312,0.0346469581127166,-11.687251091003418,reggae,2
reggae.00097,1,-104.73455047607422,103.56626892089844,-21.3930778503418,43.32878112792969,-12.306909561157228,-7.2549214363098145,3.1675212383270264,-6.335002899169922,-0.4423034787178039,-2.628967761993408,reggae,2
reggae.00097,2,-180.3438262939453,104.60826873779295,-14.334430694580078,33.71462631225586,-8.063340187072754,7.278488159179687,1.7243366241455078,-1.8967468738555908,-2.891923427581787,-8.785293579101562,reggae,2
reggae.00097,3,-152.6971435546875,101.00079345703124,-27.215688705444336,44.74616241455078,-9.364999771118164,4.852212429046631,-3.617286920547485,-0.3272086381912231,-1.906921863555908,-12.045035362243652,reggae,2
reggae.00097,4,-114.6901626586914,99.33036041259766,-32.39391326904297,30.33308219909668,-16.13198471069336,3.874343156814575,4.7104172706604,-7.422699928283691,-3.701070070266724,-4.006321907043457,reggae,2
reggae.00097,5,-203.6614227294922,101.312255859375,-5.088104248046875,46.61152267456055,-6.898375511169434,8.40200424194336,-15.29432487487793,4.02393913269043,3.2334578037261963,-13.617069244384766,reggae,2
reggae.00097,6,-138.0299835205078,105.86280059814452,-16.08746910095215,29.408740997314453,-21.68195533752441,5.788146495819092,4.55925989151001,-9.989712715148926,-12.901723861694336,-7.088417530059815,reggae,2
reggae.00097,7,-122.84618377685548,106.72701263427734,-1.4322655200958252,31.710418701171875,-15.254338264465332,5.349909782409668,-1.248034119606018,-6.625306129455566,-9.832623481750488,-11.286361694335938,reggae,2
reggae.00097,8,-144.29176330566406,106.34481811523438,-12.501702308654783,43.92193603515625,-13.570564270019531,2.0894272327423096,-5.19305419921875,5.584860801696777,-0.2899635434150696,-10.604262351989746,reggae,2
reggae.00097,9,-79.33969116210938,100.07600402832033,-17.321218490600586,26.239791870117188,-21.87541007995605,-6.630256652832031,1.056437373161316,-8.97138786315918,-15.91701889038086,-10.732837677001951,reggae,2
reggae.00098,0,-129.1564178466797,92.84270477294922,9.817115783691406,37.8564338684082,6.588212966918945,20.54833030700684,8.338245391845703,10.817689895629885,2.897524356842041,1.7139225006103516,reggae,2
reggae.00098,1,-138.74404907226562,94.82939910888672,5.447636604309082,41.63572311401367,2.3655202388763428,17.649497985839844,3.8369970321655273,6.803425312042236,3.83745002746582,5.9497809410095215,reggae,2
reggae.00098,2,-142.4363555908203,89.29252624511719,12.728123664855955,32.699493408203125,4.789290904998779,20.84799194335937,9.455461502075195,11.611103057861328,-3.2118449211120605,0.4561801552772522,reggae,2
reggae.00098,3,-138.2860565185547,88.3218002319336,9.060640335083008,33.84519958496094,3.557201147079468,18.45232582092285,5.977297782897949,8.975626945495605,-4.661201477050781,0.0526724606752395,reggae,2
reggae.00098,4,-151.54879760742188,93.19436645507812,15.880983352661133,33.10593032836914,5.7330169677734375,20.18914031982422,5.847795009613037,9.332850456237791,-3.4374985694885254,3.181262254714966,reggae,2
reggae.00098,5,-140.32156372070312,104.70056915283205,7.984961986541748,29.70500373840332,-0.9065040946006776,11.533989906311035,-0.2147671580314636,5.660007953643799,1.813653945922852,4.676739692687988,reggae,2
reggae.00098,6,-128.85763549804688,99.20761108398438,5.900630950927734,36.17291641235352,3.967121839523315,12.039671897888184,4.797113418579102,10.42881679534912,0.1962012648582458,1.5582596063613892,reggae,2
reggae.00098,7,-114.46989440917967,80.88941955566406,7.689785957336426,35.478275299072266,1.7901618480682373,14.233235359191896,4.79601001739502,8.313217163085938,-2.115286350250244,5.3335137367248535,reggae,2
reggae.00098,8,-125.53551483154295,99.19185638427734,4.194860935211182,36.08591079711914,2.965698719024658,8.67867374420166,1.7149001359939575,8.024770736694336,-2.0871071815490723,4.082999229431152,reggae,2
reggae.00098,9,-135.7620086669922,93.90238189697266,6.423783302307129,31.78954315185547,2.103780746459961,11.037870407104492,5.531227111816406,5.928163528442383,-5.747061252593994,0.6938022971153259,reggae,2
reggae.00099,0,-62.83084487915039,74.88563537597656,-51.71410751342773,55.85095977783203,-10.834549903869627,34.711265563964844,-7.013012886047363,14.531298637390137,-1.4060204029083252,6.137425899505615,reggae,2
reggae.00099,1,-54.8945198059082,74.74806213378906,-53.8498420715332,58.18522262573242,-13.573686599731444,31.31692695617676,-7.280577659606934,14.35615062713623,-2.114966630935669,7.631020069122314,reggae,2
reggae.00099,2,-101.83478546142578,81.78600311279297,-34.43487930297852,57.92029571533203,-11.84540843963623,36.97379302978516,-7.3335418701171875,16.892377853393555,-2.7528018951416016,7.313639163970947,reggae,2
reggae.00099,3,-77.7812271118164,84.087646484375,-37.0625228881836,60.29754257202149,-15.119933128356934,30.376007080078125,-9.906097412109377,16.16698455810547,0.4265459477901459,8.694536209106445,reggae,2
reggae.00099,4,-82.41978454589844,84.33082580566406,-30.40278625488281,62.67152786254883,-13.996087074279783,35.8243408203125,-10.216111183166504,17.124204635620117,-0.8031137585639954,7.881899833679199,reggae,2
reggae.00099,5,-49.94776153564453,76.91739654541016,-46.847564697265625,57.739219665527344,-11.28775691986084,31.217041015625,-9.66969394683838,13.49349308013916,0.433704137802124,7.4856462478637695,reggae,2
reggae.00099,6,-50.46784973144531,78.92424774169922,-49.15142822265625,55.32553863525391,-13.661624908447266,32.61846160888672,-6.693271636962891,13.929190635681152,-1.6439350843429563,7.844886779785156,reggae,2
reggae.00099,7,-74.98477935791016,84.15390014648438,-39.76382827758789,57.16894912719727,-12.901199340820312,37.38653945922852,-5.839318752288818,14.069903373718262,-3.3118550777435303,7.558096408843994,reggae,2
reggae.00099,8,-67.02216339111328,93.15296173095705,-48.70732498168945,56.82911682128906,-12.767630577087402,34.40522003173828,-7.064906120300293,10.892547607421877,-0.9023898243904114,6.86266565322876,reggae,2
reggae.00099,9,-50.1761360168457,77.76255798339844,-47.253379821777344,56.8297119140625,-12.738048553466797,33.58677291870117,-6.950611114501953,11.654170989990234,-0.7112428545951843,8.526493072509766,reggae,2
